-- MySQL dump 10.16  Distrib 10.1.38-MariaDB, for debian-linux-gnu (i686)
--
-- Host: localhost    Database: kube_dinsos
-- ------------------------------------------------------
-- Server version	10.1.38-MariaDB-0ubuntu0.18.10.2

/*!40101 SET @OLD_CHARACTER_SET_CLIENT=@@CHARACTER_SET_CLIENT */;
/*!40101 SET @OLD_CHARACTER_SET_RESULTS=@@CHARACTER_SET_RESULTS */;
/*!40101 SET @OLD_COLLATION_CONNECTION=@@COLLATION_CONNECTION */;
/*!40101 SET NAMES utf8mb4 */;
/*!40103 SET @OLD_TIME_ZONE=@@TIME_ZONE */;
/*!40103 SET TIME_ZONE='+00:00' */;
/*!40014 SET @OLD_UNIQUE_CHECKS=@@UNIQUE_CHECKS, UNIQUE_CHECKS=0 */;
/*!40014 SET @OLD_FOREIGN_KEY_CHECKS=@@FOREIGN_KEY_CHECKS, FOREIGN_KEY_CHECKS=0 */;
/*!40101 SET @OLD_SQL_MODE=@@SQL_MODE, SQL_MODE='NO_AUTO_VALUE_ON_ZERO' */;
/*!40111 SET @OLD_SQL_NOTES=@@SQL_NOTES, SQL_NOTES=0 */;

--
-- Table structure for table `ex`
--

DROP TABLE IF EXISTS `ex`;
/*!40101 SET @saved_cs_client     = @@character_set_client */;
/*!40101 SET character_set_client = utf8 */;
CREATE TABLE `ex` (
  `value` varchar(25) DEFAULT NULL
) ENGINE=InnoDB DEFAULT CHARSET=utf8mb4;
/*!40101 SET character_set_client = @saved_cs_client */;

--
-- Dumping data for table `ex`
--

LOCK TABLES `ex` WRITE;
/*!40000 ALTER TABLE `ex` DISABLE KEYS */;
INSERT INTO `ex` VALUES ('hello world'),('hello worlddd');
/*!40000 ALTER TABLE `ex` ENABLE KEYS */;
UNLOCK TABLES;

--
-- Table structure for table `tbl_account`
--

DROP TABLE IF EXISTS `tbl_account`;
/*!40101 SET @saved_cs_client     = @@character_set_client */;
/*!40101 SET character_set_client = utf8 */;
CREATE TABLE `tbl_account` (
  `id_user` int(10) NOT NULL,
  `id_group` int(10) DEFAULT NULL,
  `username` varchar(30) DEFAULT NULL,
  `password` varchar(255) DEFAULT NULL,
  `created_at` timestamp NULL DEFAULT NULL,
  `updated_at` timestamp NULL DEFAULT NULL,
  `created_by` varchar(20) DEFAULT NULL,
  `updated_by` varchar(20) DEFAULT NULL,
  PRIMARY KEY (`id_user`),
  KEY `tbl_account_ibfk_2` (`id_group`),
  CONSTRAINT `tbl_account_ibfk_1` FOREIGN KEY (`id_user`) REFERENCES `tbl_user` (`id_user`) ON DELETE CASCADE ON UPDATE CASCADE,
  CONSTRAINT `tbl_account_ibfk_2` FOREIGN KEY (`id_group`) REFERENCES `tbl_group_account` (`id_group`) ON DELETE SET NULL ON UPDATE CASCADE
) ENGINE=InnoDB DEFAULT CHARSET=utf8;
/*!40101 SET character_set_client = @saved_cs_client */;

--
-- Dumping data for table `tbl_account`
--

LOCK TABLES `tbl_account` WRITE;
/*!40000 ALTER TABLE `tbl_account` DISABLE KEYS */;
INSERT INTO `tbl_account` VALUES (646,3,'nurul.marlawati','$2a$04$x7goNIXvqURyGVadahAtl.x6jZxc3H7GA07AGI3txb7ESYL8OZ0ou','2019-09-13 17:00:00','2019-09-14 14:44:06',NULL,NULL),(690,4,'eko.rusmiyati','$2a$04$OiW8azrmp70gMQ1f5IAHAOwPB27gePoTLQE1SMQAAWWD6/gSxRtj6','2019-09-11 17:00:00','2019-09-11 23:49:01',NULL,NULL),(1356,2,'verifikator','$2a$04$SXRI2ozF29lfZbijfnLNHeZUeGKMjPhP71wQCKXSm6MUy./hcK9rO',NULL,NULL,NULL,NULL);
/*!40000 ALTER TABLE `tbl_account` ENABLE KEYS */;
UNLOCK TABLES;

--
-- Table structure for table `tbl_aktifitas_pendamping`
--

DROP TABLE IF EXISTS `tbl_aktifitas_pendamping`;
/*!40101 SET @saved_cs_client     = @@character_set_client */;
/*!40101 SET character_set_client = utf8 */;
CREATE TABLE `tbl_aktifitas_pendamping` (
  `id_aktifitas` int(10) NOT NULL AUTO_INCREMENT,
  `id_pendamping` int(10) DEFAULT NULL,
  `tanggal` date DEFAULT NULL,
  `rincian` text CHARACTER SET latin1 COMMENT 'berisi rincian kegiatan',
  `id_photo` int(10) DEFAULT NULL COMMENT 'berisi file foto kegiatan',
  `created_at` timestamp NULL DEFAULT NULL,
  `updated_at` timestamp NULL DEFAULT NULL,
  `created_by` varchar(20) CHARACTER SET latin1 DEFAULT NULL,
  `updated_by` varchar(20) CHARACTER SET latin1 DEFAULT NULL,
  PRIMARY KEY (`id_aktifitas`),
  KEY `id_pendamping` (`id_pendamping`),
  KEY `id_photo` (`id_photo`),
  CONSTRAINT `tbl_aktifitas_pendamping_ibfk_1` FOREIGN KEY (`id_pendamping`) REFERENCES `tbl_pendamping` (`id_pendamping`) ON DELETE CASCADE ON UPDATE CASCADE,
  CONSTRAINT `tbl_aktifitas_pendamping_ibfk_2` FOREIGN KEY (`id_photo`) REFERENCES `tbl_photo` (`id_photo`) ON DELETE CASCADE ON UPDATE CASCADE
) ENGINE=InnoDB AUTO_INCREMENT=3 DEFAULT CHARSET=utf8;
/*!40101 SET character_set_client = @saved_cs_client */;

--
-- Dumping data for table `tbl_aktifitas_pendamping`
--

LOCK TABLES `tbl_aktifitas_pendamping` WRITE;
/*!40000 ALTER TABLE `tbl_aktifitas_pendamping` DISABLE KEYS */;
INSERT INTO `tbl_aktifitas_pendamping` VALUES (1,501,'2019-09-14','kunjungan ke KUBE melati dan mencatat omset perbulan',NULL,'2019-09-14 11:40:23','2019-09-14 11:40:25',NULL,NULL),(2,506,'2019-09-14','Kunjugan ke KUBE nangka',NULL,'2019-09-14 11:41:11','2019-09-14 11:41:16',NULL,NULL);
/*!40000 ALTER TABLE `tbl_aktifitas_pendamping` ENABLE KEYS */;
UNLOCK TABLES;

--
-- Table structure for table `tbl_faq`
--

DROP TABLE IF EXISTS `tbl_faq`;
/*!40101 SET @saved_cs_client     = @@character_set_client */;
/*!40101 SET character_set_client = utf8 */;
CREATE TABLE `tbl_faq` (
  `id_faq` int(10) NOT NULL AUTO_INCREMENT,
  `pertanyaan` varchar(255) DEFAULT NULL,
  `jawaban` text,
  PRIMARY KEY (`id_faq`)
) ENGINE=InnoDB AUTO_INCREMENT=2 DEFAULT CHARSET=utf8;
/*!40101 SET character_set_client = @saved_cs_client */;

--
-- Dumping data for table `tbl_faq`
--

LOCK TABLES `tbl_faq` WRITE;
/*!40000 ALTER TABLE `tbl_faq` DISABLE KEYS */;
INSERT INTO `tbl_faq` VALUES (1,'Apa Itu Usaha Ekonomi Produktif','Lorem ipsum dolor sit amet, consetetur sadipscing elitr, sed diam nonumy eirmod tempor invidunt ut labore et dolore magna aliquyam erat, sed diam voluptua. At vero eos et accusam et justo duo dolores et ea rebum. Stet clita kasd gubergren, no sea takimata sanctus est Lorem ipsum dolor sit amet. Lorem ipsum dolor sit amet, consetetur sadipscing elitr, sed diam nonumy eirmod tempor invidunt ut labore et dolore magna aliquyam erat, sed diam voluptua');
/*!40000 ALTER TABLE `tbl_faq` ENABLE KEYS */;
UNLOCK TABLES;

--
-- Table structure for table `tbl_group_account`
--

DROP TABLE IF EXISTS `tbl_group_account`;
/*!40101 SET @saved_cs_client     = @@character_set_client */;
/*!40101 SET character_set_client = utf8 */;
CREATE TABLE `tbl_group_account` (
  `id_group` int(10) NOT NULL AUTO_INCREMENT,
  `group_account` varchar(15) DEFAULT NULL,
  PRIMARY KEY (`id_group`)
) ENGINE=InnoDB AUTO_INCREMENT=5 DEFAULT CHARSET=utf8;
/*!40101 SET character_set_client = @saved_cs_client */;

--
-- Dumping data for table `tbl_group_account`
--

LOCK TABLES `tbl_group_account` WRITE;
/*!40000 ALTER TABLE `tbl_group_account` DISABLE KEYS */;
INSERT INTO `tbl_group_account` VALUES (1,'ADMINISTRATOR'),(2,'VERIFIKATOR'),(3,'PENDAMPING_UEP'),(4,'PENDAMPING_KUBE');
/*!40000 ALTER TABLE `tbl_group_account` ENABLE KEYS */;
UNLOCK TABLES;

--
-- Table structure for table `tbl_hasil_insmon_kube`
--

DROP TABLE IF EXISTS `tbl_hasil_insmon_kube`;
/*!40101 SET @saved_cs_client     = @@character_set_client */;
/*!40101 SET character_set_client = utf8 */;
CREATE TABLE `tbl_hasil_insmon_kube` (
  `id_hasil_kube` int(10) NOT NULL AUTO_INCREMENT,
  `id_kube` int(10) DEFAULT NULL,
  `id_indikator` int(10) DEFAULT NULL COMMENT 'nilai yang diinput pendamping belum dikali bobot',
  `hasil_indikator` int(50) DEFAULT NULL COMMENT 'hasil nilai sudah dikali bobot',
  `created_at` timestamp NULL DEFAULT NULL,
  `updated_at` timestamp NULL DEFAULT NULL,
  `created_by` varchar(20) DEFAULT NULL,
  `updated_by` varchar(20) DEFAULT NULL,
  PRIMARY KEY (`id_hasil_kube`),
  KEY `id_kube` (`id_kube`),
  KEY `tbl_hasil_insmon_kube_ibfk_1` (`id_indikator`),
  CONSTRAINT `tbl_hasil_insmon_kube_ibfk_1` FOREIGN KEY (`id_indikator`) REFERENCES `tbl_master_indikator_kube` (`id_indikator`) ON DELETE CASCADE ON UPDATE CASCADE,
  CONSTRAINT `tbl_hasil_insmon_kube_ibfk_2` FOREIGN KEY (`id_kube`) REFERENCES `tbl_kube` (`id_kube`) ON DELETE CASCADE ON UPDATE CASCADE
) ENGINE=InnoDB AUTO_INCREMENT=13 DEFAULT CHARSET=latin1;
/*!40101 SET character_set_client = @saved_cs_client */;

--
-- Dumping data for table `tbl_hasil_insmon_kube`
--

LOCK TABLES `tbl_hasil_insmon_kube` WRITE;
/*!40000 ALTER TABLE `tbl_hasil_insmon_kube` DISABLE KEYS */;
INSERT INTO `tbl_hasil_insmon_kube` VALUES (1,1,1,10,NULL,NULL,NULL,NULL),(2,1,7,15,NULL,NULL,NULL,NULL),(3,1,9,20,NULL,NULL,NULL,NULL),(4,1,13,40,NULL,NULL,NULL,NULL),(5,1,14,10,NULL,NULL,NULL,NULL),(6,1,18,10,NULL,NULL,NULL,NULL),(7,1,22,10,NULL,NULL,NULL,NULL),(8,1,27,20,NULL,NULL,NULL,NULL),(9,1,33,10,NULL,NULL,NULL,NULL),(10,1,38,15,NULL,NULL,NULL,NULL),(11,1,42,20,NULL,NULL,NULL,NULL),(12,1,47,40,NULL,NULL,NULL,NULL);
/*!40000 ALTER TABLE `tbl_hasil_insmon_kube` ENABLE KEYS */;
UNLOCK TABLES;

--
-- Table structure for table `tbl_hasil_insmon_uep`
--

DROP TABLE IF EXISTS `tbl_hasil_insmon_uep`;
/*!40101 SET @saved_cs_client     = @@character_set_client */;
/*!40101 SET character_set_client = utf8 */;
CREATE TABLE `tbl_hasil_insmon_uep` (
  `id_hasil_uep` int(10) NOT NULL AUTO_INCREMENT,
  `id_uep` int(10) DEFAULT NULL,
  `id_indikator` int(10) DEFAULT NULL,
  `hasil_indikator` int(50) DEFAULT NULL COMMENT 'nilai yg di input pendamping sudah dikali bobot',
  `created_at` timestamp NULL DEFAULT NULL,
  `updated_at` timestamp NULL DEFAULT NULL,
  `created_by` varchar(20) DEFAULT NULL,
  `updated_by` varchar(20) DEFAULT NULL,
  PRIMARY KEY (`id_hasil_uep`),
  KEY `id_uep` (`id_uep`),
  KEY `tbl_hasil_insmon_uep_ibfk_2` (`id_indikator`),
  CONSTRAINT `tbl_hasil_insmon_uep_ibfk_1` FOREIGN KEY (`id_uep`) REFERENCES `tbl_uep` (`id_uep`) ON DELETE CASCADE ON UPDATE CASCADE,
  CONSTRAINT `tbl_hasil_insmon_uep_ibfk_2` FOREIGN KEY (`id_indikator`) REFERENCES `tbl_master_indikator_uep` (`id_indikator`) ON DELETE CASCADE ON UPDATE CASCADE
) ENGINE=InnoDB DEFAULT CHARSET=latin1;
/*!40101 SET character_set_client = @saved_cs_client */;

--
-- Dumping data for table `tbl_hasil_insmon_uep`
--

LOCK TABLES `tbl_hasil_insmon_uep` WRITE;
/*!40000 ALTER TABLE `tbl_hasil_insmon_uep` DISABLE KEYS */;
/*!40000 ALTER TABLE `tbl_hasil_insmon_uep` ENABLE KEYS */;
UNLOCK TABLES;

--
-- Table structure for table `tbl_inventori_bantuan_modal`
--

DROP TABLE IF EXISTS `tbl_inventori_bantuan_modal`;
/*!40101 SET @saved_cs_client     = @@character_set_client */;
/*!40101 SET character_set_client = utf8 */;
CREATE TABLE `tbl_inventori_bantuan_modal` (
  `id_inventori` int(10) NOT NULL AUTO_INCREMENT,
  `id_uep` int(10) DEFAULT NULL,
  `id_kube` int(10) DEFAULT NULL,
  `nama_inventori` varchar(10) DEFAULT NULL,
  `merk` varchar(10) DEFAULT NULL,
  `harga_inventori` int(10) DEFAULT NULL,
  `id_photo` int(10) DEFAULT NULL,
  `created_at` timestamp NULL DEFAULT NULL,
  `updated_at` timestamp NULL DEFAULT NULL,
  `created_by` varchar(20) DEFAULT NULL,
  `updated_by` varchar(20) DEFAULT NULL,
  PRIMARY KEY (`id_inventori`),
  KEY `id_uep` (`id_uep`),
  KEY `id_kube` (`id_kube`),
  KEY `id_photo` (`id_photo`),
  CONSTRAINT `tbl_inventori_bantuan_modal_ibfk_1` FOREIGN KEY (`id_uep`) REFERENCES `tbl_uep` (`id_uep`) ON DELETE CASCADE ON UPDATE CASCADE,
  CONSTRAINT `tbl_inventori_bantuan_modal_ibfk_2` FOREIGN KEY (`id_kube`) REFERENCES `tbl_kube` (`id_kube`) ON DELETE CASCADE ON UPDATE CASCADE,
  CONSTRAINT `tbl_inventori_bantuan_modal_ibfk_3` FOREIGN KEY (`id_photo`) REFERENCES `tbl_photo` (`id_photo`) ON DELETE SET NULL ON UPDATE CASCADE
) ENGINE=InnoDB AUTO_INCREMENT=12 DEFAULT CHARSET=latin1;
/*!40101 SET character_set_client = @saved_cs_client */;

--
-- Dumping data for table `tbl_inventori_bantuan_modal`
--

LOCK TABLES `tbl_inventori_bantuan_modal` WRITE;
/*!40000 ALTER TABLE `tbl_inventori_bantuan_modal` DISABLE KEYS */;
INSERT INTO `tbl_inventori_bantuan_modal` VALUES (6,NULL,5,'Etalase',NULL,3500000,NULL,NULL,NULL,NULL,NULL),(7,NULL,5,'minyak gor',NULL,200000,NULL,NULL,NULL,NULL,NULL),(8,NULL,5,'tepung ter',NULL,100000,NULL,NULL,NULL,NULL,NULL),(9,NULL,5,'kompor gas','Rinnai',400000,NULL,NULL,NULL,NULL,NULL),(10,NULL,5,'wajan',NULL,150000,NULL,NULL,NULL,NULL,NULL),(11,NULL,5,'gas 3kg','pertamina',300000,NULL,NULL,NULL,NULL,NULL);
/*!40000 ALTER TABLE `tbl_inventori_bantuan_modal` ENABLE KEYS */;
UNLOCK TABLES;

--
-- Table structure for table `tbl_j_produk`
--

DROP TABLE IF EXISTS `tbl_j_produk`;
/*!40101 SET @saved_cs_client     = @@character_set_client */;
/*!40101 SET character_set_client = utf8 */;
CREATE TABLE `tbl_j_produk` (
  `id_produk` int(10) NOT NULL AUTO_INCREMENT,
  `nama_produk` varchar(20) DEFAULT NULL,
  `jenis_produk` varchar(20) DEFAULT NULL,
  `deskripsi` varchar(30) DEFAULT NULL,
  `created_at` date DEFAULT NULL,
  `updated_at` timestamp NULL DEFAULT NULL,
  `created_by` varchar(20) DEFAULT NULL,
  `updated_by` varchar(20) DEFAULT NULL,
  PRIMARY KEY (`id_produk`)
) ENGINE=InnoDB AUTO_INCREMENT=11 DEFAULT CHARSET=utf8;
/*!40101 SET character_set_client = @saved_cs_client */;

--
-- Dumping data for table `tbl_j_produk`
--

LOCK TABLES `tbl_j_produk` WRITE;
/*!40000 ALTER TABLE `tbl_j_produk` DISABLE KEYS */;
INSERT INTO `tbl_j_produk` VALUES (1,'Nasi Uduk','makanan',NULL,NULL,NULL,NULL,NULL),(2,'Soto','makanan',NULL,NULL,NULL,NULL,NULL),(3,'Kue','makanan',NULL,NULL,NULL,NULL,NULL),(4,'Pakaian','pakaian',NULL,NULL,NULL,NULL,NULL),(5,'Ikan Asap','makanan',NULL,NULL,NULL,NULL,NULL),(6,'Es','makanan',NULL,NULL,NULL,NULL,NULL),(7,'Tambal Ban','Jasa',NULL,NULL,NULL,NULL,NULL),(8,'Krupuk Udang','snack',NULL,NULL,NULL,NULL,NULL),(9,'Kripik Singkong','snack',NULL,NULL,NULL,NULL,NULL),(10,'Kripik Balado','snack',NULL,NULL,NULL,NULL,NULL);
/*!40000 ALTER TABLE `tbl_j_produk` ENABLE KEYS */;
UNLOCK TABLES;

--
-- Table structure for table `tbl_j_usaha`
--

DROP TABLE IF EXISTS `tbl_j_usaha`;
/*!40101 SET @saved_cs_client     = @@character_set_client */;
/*!40101 SET character_set_client = utf8 */;
CREATE TABLE `tbl_j_usaha` (
  `id_usaha` int(10) NOT NULL AUTO_INCREMENT,
  `jenis_usaha` varchar(20) DEFAULT NULL,
  `created_at` timestamp NULL DEFAULT NULL,
  `updated_at` timestamp NULL DEFAULT NULL,
  `created_by` varchar(20) DEFAULT NULL,
  `updated_by` varchar(20) DEFAULT NULL,
  PRIMARY KEY (`id_usaha`)
) ENGINE=InnoDB AUTO_INCREMENT=16 DEFAULT CHARSET=utf8;
/*!40101 SET character_set_client = @saved_cs_client */;

--
-- Dumping data for table `tbl_j_usaha`
--

LOCK TABLES `tbl_j_usaha` WRITE;
/*!40000 ALTER TABLE `tbl_j_usaha` DISABLE KEYS */;
INSERT INTO `tbl_j_usaha` VALUES (1,'Warung Kelontong',NULL,NULL,NULL,NULL),(2,'Bumbu Dapur',NULL,NULL,NULL,NULL),(3,'Makanan',NULL,NULL,NULL,NULL),(4,'Kue dan Minuman',NULL,NULL,NULL,NULL),(5,'Kerajinan Tangan',NULL,NULL,NULL,NULL),(6,'Makanan dan Minuman\r',NULL,NULL,NULL,NULL),(7,'Kue dan Makanan\r\n',NULL,NULL,NULL,NULL),(8,'Kripik Tempe\r\n',NULL,NULL,NULL,NULL),(9,'Makanan Ringan\r\n',NULL,NULL,NULL,NULL),(10,'Katering dan Makanan',NULL,NULL,NULL,NULL),(11,'Gorengan dan Kopi',NULL,NULL,NULL,NULL),(12,'Aneka Kue',NULL,NULL,NULL,NULL),(13,'Jahit',NULL,NULL,NULL,NULL),(14,'Kuliner',NULL,NULL,NULL,NULL),(15,'Sembako',NULL,NULL,NULL,NULL);
/*!40000 ALTER TABLE `tbl_j_usaha` ENABLE KEYS */;
UNLOCK TABLES;

--
-- Table structure for table `tbl_jenis_usaha`
--

DROP TABLE IF EXISTS `tbl_jenis_usaha`;
/*!40101 SET @saved_cs_client     = @@character_set_client */;
/*!40101 SET character_set_client = utf8 */;
CREATE TABLE `tbl_jenis_usaha` (
  `id_jenis_usaha` int(10) NOT NULL AUTO_INCREMENT,
  `id_uep` int(10) DEFAULT NULL,
  `id_kube` int(10) DEFAULT NULL,
  `id_usaha` int(10) DEFAULT NULL,
  `id_produk` int(10) DEFAULT NULL,
  `created_at` date DEFAULT NULL,
  `updated_at` timestamp NULL DEFAULT NULL,
  `created_by` varchar(20) DEFAULT NULL,
  `updated_by` varchar(20) DEFAULT NULL,
  PRIMARY KEY (`id_jenis_usaha`),
  KEY `id_produk` (`id_produk`),
  KEY `id_usaha` (`id_usaha`),
  KEY `id_uep` (`id_uep`),
  KEY `id_kube` (`id_kube`),
  CONSTRAINT `tbl_jenis_usaha_ibfk_1` FOREIGN KEY (`id_produk`) REFERENCES `tbl_j_produk` (`id_produk`) ON DELETE CASCADE ON UPDATE CASCADE,
  CONSTRAINT `tbl_jenis_usaha_ibfk_2` FOREIGN KEY (`id_usaha`) REFERENCES `tbl_j_usaha` (`id_usaha`) ON DELETE CASCADE ON UPDATE CASCADE,
  CONSTRAINT `tbl_jenis_usaha_ibfk_3` FOREIGN KEY (`id_uep`) REFERENCES `tbl_uep` (`id_uep`) ON DELETE CASCADE ON UPDATE CASCADE,
  CONSTRAINT `tbl_jenis_usaha_ibfk_4` FOREIGN KEY (`id_kube`) REFERENCES `tbl_kube` (`id_kube`) ON DELETE CASCADE ON UPDATE CASCADE
) ENGINE=InnoDB AUTO_INCREMENT=8 DEFAULT CHARSET=utf8;
/*!40101 SET character_set_client = @saved_cs_client */;

--
-- Dumping data for table `tbl_jenis_usaha`
--

LOCK TABLES `tbl_jenis_usaha` WRITE;
/*!40000 ALTER TABLE `tbl_jenis_usaha` DISABLE KEYS */;
INSERT INTO `tbl_jenis_usaha` VALUES (4,2,NULL,13,4,'2019-09-14','2019-09-14 11:48:29',NULL,NULL),(5,3,NULL,14,1,'2019-09-14','2019-09-14 11:49:32',NULL,NULL),(6,NULL,6,14,2,'2019-09-14','2019-09-14 11:51:23',NULL,NULL),(7,NULL,3,11,3,'2019-09-14','2019-09-14 11:52:14',NULL,NULL);
/*!40000 ALTER TABLE `tbl_jenis_usaha` ENABLE KEYS */;
UNLOCK TABLES;

--
-- Table structure for table `tbl_kabupaten`
--

DROP TABLE IF EXISTS `tbl_kabupaten`;
/*!40101 SET @saved_cs_client     = @@character_set_client */;
/*!40101 SET character_set_client = utf8 */;
CREATE TABLE `tbl_kabupaten` (
  `id_kabupaten` int(4) NOT NULL,
  `Kabupaten` varchar(255) DEFAULT NULL,
  `created_at` timestamp NULL DEFAULT NULL,
  `updated_at` timestamp NULL DEFAULT NULL,
  `created_by` varchar(20) DEFAULT NULL,
  `updated_by` varchar(20) DEFAULT NULL,
  PRIMARY KEY (`id_kabupaten`)
) ENGINE=InnoDB DEFAULT CHARSET=utf8;
/*!40101 SET character_set_client = @saved_cs_client */;

--
-- Dumping data for table `tbl_kabupaten`
--

LOCK TABLES `tbl_kabupaten` WRITE;
/*!40000 ALTER TABLE `tbl_kabupaten` DISABLE KEYS */;
INSERT INTO `tbl_kabupaten` VALUES (3101,'KAB. ADM. KEP. SERIBU',NULL,NULL,NULL,NULL),(3171,'KOTA ADM. JAKARTA PUSAT',NULL,NULL,NULL,NULL),(3172,'KOTA ADM. JAKARTA UTARA',NULL,NULL,NULL,NULL),(3173,'KOTA ADM. JAKARTA BARAT',NULL,NULL,NULL,NULL),(3174,'KOTA ADM. JAKARTA SELATAN',NULL,NULL,NULL,NULL),(3175,'KOTA ADM. JAKARTA TIMUR',NULL,NULL,NULL,NULL);
/*!40000 ALTER TABLE `tbl_kabupaten` ENABLE KEYS */;
UNLOCK TABLES;

--
-- Table structure for table `tbl_kecamatan`
--

DROP TABLE IF EXISTS `tbl_kecamatan`;
/*!40101 SET @saved_cs_client     = @@character_set_client */;
/*!40101 SET character_set_client = utf8 */;
CREATE TABLE `tbl_kecamatan` (
  `id_kecamatan` int(6) NOT NULL,
  `Kecamatan` varchar(30) DEFAULT NULL,
  `created_at` timestamp NULL DEFAULT NULL,
  `updated_at` timestamp NULL DEFAULT NULL,
  `created_by` varchar(20) DEFAULT NULL,
  `updated_by` varchar(20) DEFAULT NULL,
  PRIMARY KEY (`id_kecamatan`)
) ENGINE=InnoDB DEFAULT CHARSET=utf8;
/*!40101 SET character_set_client = @saved_cs_client */;

--
-- Dumping data for table `tbl_kecamatan`
--

LOCK TABLES `tbl_kecamatan` WRITE;
/*!40000 ALTER TABLE `tbl_kecamatan` DISABLE KEYS */;
INSERT INTO `tbl_kecamatan` VALUES (310101,'Kepulauan Seribu Utara',NULL,NULL,NULL,NULL),(310102,'Kepulauan Seribu Selatan',NULL,NULL,NULL,NULL),(317101,'Gambir',NULL,NULL,NULL,NULL),(317102,'Sawah Besar',NULL,NULL,NULL,NULL),(317103,'Kemayoran',NULL,NULL,NULL,NULL),(317104,'Senen',NULL,NULL,NULL,NULL),(317105,'Cempaka Putih',NULL,NULL,NULL,NULL),(317106,'Menteng',NULL,NULL,NULL,NULL),(317107,'Tanah Abang',NULL,NULL,NULL,NULL),(317108,'Johar Baru',NULL,NULL,NULL,NULL),(317201,'Penjaringan',NULL,NULL,NULL,NULL),(317202,'Tanjung Priok',NULL,NULL,NULL,NULL),(317203,'Koja',NULL,NULL,NULL,NULL),(317204,'Cilincing',NULL,NULL,NULL,NULL),(317205,'Pademangan',NULL,NULL,NULL,NULL),(317206,'Kelapa Gading',NULL,NULL,NULL,NULL),(317301,'Cengkareng',NULL,NULL,NULL,NULL),(317302,'Grogol Petamburan',NULL,NULL,NULL,NULL),(317303,'Taman Sari',NULL,NULL,NULL,NULL),(317304,'Tambora',NULL,NULL,NULL,NULL),(317305,'Kebon Jeruk',NULL,NULL,NULL,NULL),(317306,'Kalideres',NULL,NULL,NULL,NULL),(317307,'Pal Merah',NULL,NULL,NULL,NULL),(317308,'Kembangan',NULL,NULL,NULL,NULL),(317401,'Tebet',NULL,NULL,NULL,NULL),(317402,'Setiabudi',NULL,NULL,NULL,NULL),(317403,'Mampang Prapatan',NULL,NULL,NULL,NULL),(317404,'Pasar Minggu',NULL,NULL,NULL,NULL),(317405,'Kebayoran Lama',NULL,NULL,NULL,NULL),(317406,'Cilandak',NULL,NULL,NULL,NULL),(317407,'Kebayoran Baru',NULL,NULL,NULL,NULL),(317408,'Pancoran',NULL,NULL,NULL,NULL),(317409,'Jagakarsa',NULL,NULL,NULL,NULL),(317410,'Pesanggrahan',NULL,NULL,NULL,NULL),(317501,'Matraman',NULL,NULL,NULL,NULL),(317502,'Pulogadung',NULL,NULL,NULL,NULL),(317503,'Jatinegara',NULL,NULL,NULL,NULL),(317504,'Kramatjati',NULL,NULL,NULL,NULL),(317505,'Pasar Rebo',NULL,NULL,NULL,NULL),(317506,'Cakung',NULL,NULL,NULL,NULL),(317507,'Duren Sawit',NULL,NULL,NULL,NULL),(317508,'Makasar',NULL,NULL,NULL,NULL),(317509,'Ciracas',NULL,NULL,NULL,NULL),(317510,'Cipayung',NULL,NULL,NULL,NULL);
/*!40000 ALTER TABLE `tbl_kecamatan` ENABLE KEYS */;
UNLOCK TABLES;

--
-- Table structure for table `tbl_kehadiran`
--

DROP TABLE IF EXISTS `tbl_kehadiran`;
/*!40101 SET @saved_cs_client     = @@character_set_client */;
/*!40101 SET character_set_client = utf8 */;
CREATE TABLE `tbl_kehadiran` (
  `id_kehadiran` int(10) NOT NULL AUTO_INCREMENT,
  `id_pelatihan` int(10) DEFAULT NULL,
  `id_uep` int(10) DEFAULT NULL,
  `id_kube` int(10) DEFAULT NULL,
  `id_pendamping` int(10) DEFAULT NULL,
  `created_at` timestamp NULL DEFAULT NULL,
  `update_at` timestamp NULL DEFAULT NULL,
  `created_by` varchar(20) DEFAULT NULL,
  `updated_by` varchar(20) DEFAULT NULL,
  PRIMARY KEY (`id_kehadiran`),
  KEY `tbl_kehadiran_ibfk_1` (`id_pelatihan`),
  KEY `tbl_kehadiran_ibfk_2` (`id_uep`),
  KEY `tbl_kehadiran_ibfk_3` (`id_kube`),
  KEY `id_pendamping` (`id_pendamping`),
  CONSTRAINT `tbl_kehadiran_ibfk_1` FOREIGN KEY (`id_pelatihan`) REFERENCES `tbl_pelatihan` (`id_pelatihan`) ON DELETE CASCADE ON UPDATE CASCADE,
  CONSTRAINT `tbl_kehadiran_ibfk_2` FOREIGN KEY (`id_uep`) REFERENCES `tbl_uep` (`id_uep`) ON DELETE CASCADE ON UPDATE CASCADE,
  CONSTRAINT `tbl_kehadiran_ibfk_3` FOREIGN KEY (`id_kube`) REFERENCES `tbl_kube` (`id_kube`) ON DELETE CASCADE ON UPDATE CASCADE,
  CONSTRAINT `tbl_kehadiran_ibfk_4` FOREIGN KEY (`id_pendamping`) REFERENCES `tbl_pendamping` (`id_pendamping`) ON DELETE SET NULL ON UPDATE CASCADE
) ENGINE=InnoDB DEFAULT CHARSET=utf8;
/*!40101 SET character_set_client = @saved_cs_client */;

--
-- Dumping data for table `tbl_kehadiran`
--

LOCK TABLES `tbl_kehadiran` WRITE;
/*!40000 ALTER TABLE `tbl_kehadiran` DISABLE KEYS */;
/*!40000 ALTER TABLE `tbl_kehadiran` ENABLE KEYS */;
UNLOCK TABLES;

--
-- Table structure for table `tbl_kelurahan`
--

DROP TABLE IF EXISTS `tbl_kelurahan`;
/*!40101 SET @saved_cs_client     = @@character_set_client */;
/*!40101 SET character_set_client = utf8 */;
CREATE TABLE `tbl_kelurahan` (
  `id_kelurahan` varchar(10) NOT NULL,
  `Kelurahan` varchar(30) DEFAULT NULL,
  `created_at` timestamp NULL DEFAULT NULL,
  `updated_at` timestamp NULL DEFAULT NULL,
  `created_by` varchar(20) DEFAULT NULL,
  `updated_by` varchar(20) DEFAULT NULL,
  PRIMARY KEY (`id_kelurahan`)
) ENGINE=InnoDB DEFAULT CHARSET=utf8;
/*!40101 SET character_set_client = @saved_cs_client */;

--
-- Dumping data for table `tbl_kelurahan`
--

LOCK TABLES `tbl_kelurahan` WRITE;
/*!40000 ALTER TABLE `tbl_kelurahan` DISABLE KEYS */;
INSERT INTO `tbl_kelurahan` VALUES ('3101011001','Pulau Panggang',NULL,NULL,NULL,NULL),('3101011002','Pulau Kelapa',NULL,NULL,NULL,NULL),('3101011003','Pulau Harapan',NULL,NULL,NULL,NULL),('3101021001','Pulau Untung Jawa',NULL,NULL,NULL,NULL),('3101021002','Pulau Tidung',NULL,NULL,NULL,NULL),('3101021003','Pulau Pari',NULL,NULL,NULL,NULL),('3171011001','Gambir',NULL,NULL,NULL,NULL),('3171011002','Cideng',NULL,NULL,NULL,NULL),('3171011003','Petojo Utara',NULL,NULL,NULL,NULL),('3171011004','Petojo Selatan',NULL,NULL,NULL,NULL),('3171011005','Kebon Kelapa',NULL,NULL,NULL,NULL),('3171011006','Duri Pulo',NULL,NULL,NULL,NULL),('3171021001','Pasar Baru',NULL,NULL,NULL,NULL),('3171021002','Karang Anyar',NULL,NULL,NULL,NULL),('3171021003','Kartini',NULL,NULL,NULL,NULL),('3171021004','Gunung Sahari Utara',NULL,NULL,NULL,NULL),('3171021005','Mangga Dua Selatan',NULL,NULL,NULL,NULL),('3171031001','Kemayoran',NULL,NULL,NULL,NULL),('3171031002','Kebon Kosong',NULL,NULL,NULL,NULL),('3171031003','Harapan Mulia',NULL,NULL,NULL,NULL),('3171031004','Serdang',NULL,NULL,NULL,NULL),('3171031005','Gunung Sahari Selatan',NULL,NULL,NULL,NULL),('3171031006','Cempaka Baru',NULL,NULL,NULL,NULL),('3171031007','Sumur Batu',NULL,NULL,NULL,NULL),('3171031008','Utan Panjang',NULL,NULL,NULL,NULL),('3171041001','Senen',NULL,NULL,NULL,NULL),('3171041002','Kenari',NULL,NULL,NULL,NULL),('3171041003','Paseban',NULL,NULL,NULL,NULL),('3171041004','Kramat',NULL,NULL,NULL,NULL),('3171041005','Kwitang',NULL,NULL,NULL,NULL),('3171041006','Bungur',NULL,NULL,NULL,NULL),('3171051001','Cempaka Putih Timur',NULL,NULL,NULL,NULL),('3171051002','Cempaka Putih Barat',NULL,NULL,NULL,NULL),('3171051003','Rawasari',NULL,NULL,NULL,NULL),('3171061001','Menteng',NULL,NULL,NULL,NULL),('3171061002','Pegangsaan',NULL,NULL,NULL,NULL),('3171061003','Cikini',NULL,NULL,NULL,NULL),('3171061004','Gondangdia',NULL,NULL,NULL,NULL),('3171061005','Kebon Sirih',NULL,NULL,NULL,NULL),('3171071001','Gelora',NULL,NULL,NULL,NULL),('3171071002','Bendungan Hilir',NULL,NULL,NULL,NULL),('3171071003','Karet Tengsin',NULL,NULL,NULL,NULL),('3171071004','Petambu ran',NULL,NULL,NULL,NULL),('3171071005','Kebon Melati',NULL,NULL,NULL,NULL),('3171071006','Kebon Kacang',NULL,NULL,NULL,NULL),('3171071007','Kampu ng Bali',NULL,NULL,NULL,NULL),('3171081001','Johar Baru',NULL,NULL,NULL,NULL),('3171081002','Kampung Rawa',NULL,NULL,NULL,NULL),('3171081003','Galur',NULL,NULL,NULL,NULL),('3171081004','Tanah Tinggi',NULL,NULL,NULL,NULL),('3172011001','Penjaringan',NULL,NULL,NULL,NULL),('3172011002','Kamal Mu ara',NULL,NULL,NULL,NULL),('3172011003','Kapuk Muara',NULL,NULL,NULL,NULL),('3172011004','Pejagalan',NULL,NULL,NULL,NULL),('3172011005','Pluit',NULL,NULL,NULL,NULL),('3172021001','Tanjung Priok',NULL,NULL,NULL,NULL),('3172021002','Sunter Jaya',NULL,NULL,NULL,NULL),('3172021003','Papanggo',NULL,NULL,NULL,NULL),('3172021004','Sungai Bambu',NULL,NULL,NULL,NULL),('3172021005','Kebon Bawang',NULL,NULL,NULL,NULL),('3172021006','Sunter Agung',NULL,NULL,NULL,NULL),('3172021007','Warakas',NULL,NULL,NULL,NULL),('3172031001','Koja',NULL,NULL,NULL,NULL),('3172031002','Tugu Utara',NULL,NULL,NULL,NULL),('3172031003','Lagoa',NULL,NULL,NULL,NULL),('3172031004','Rawa Badak Utara',NULL,NULL,NULL,NULL),('3172031005','Tugu Selatan',NULL,NULL,NULL,NULL),('3172031006','Rawa Badak Selatan',NULL,NULL,NULL,NULL),('3172041001','Cilincing',NULL,NULL,NULL,NULL),('3172041002','Sukapura',NULL,NULL,NULL,NULL),('3172041003','Marunda',NULL,NULL,NULL,NULL),('3172041004','Kalibaru',NULL,NULL,NULL,NULL),('3172041005','Semper Timur',NULL,NULL,NULL,NULL),('3172041006','Rorotan',NULL,NULL,NULL,NULL),('3172041007','Semper Barat',NULL,NULL,NULL,NULL),('3172051001','Pademangan Timur',NULL,NULL,NULL,NULL),('3172051002','Pademangan Barat',NULL,NULL,NULL,NULL),('3172051003','Ancol',NULL,NULL,NULL,NULL),('3172061001','Kelapa Gading Timur',NULL,NULL,NULL,NULL),('3172061002','Pegangsaan Dua',NULL,NULL,NULL,NULL),('3172061003','Kelapa Gading Barat',NULL,NULL,NULL,NULL),('3173011001','Cengkareng Barat',NULL,NULL,NULL,NULL),('3173011002','Duri Kosambi',NULL,NULL,NULL,NULL),('3173011003','Rawa Buaya',NULL,NULL,NULL,NULL),('3173011004','Kedaung Kali Angke',NULL,NULL,NULL,NULL),('3173011005','Kapuk',NULL,NULL,NULL,NULL),('3173011006','Cengkareng Timur',NULL,NULL,NULL,NULL),('3173021001','Grogol',NULL,NULL,NULL,NULL),('3173021002','Tanjung Duren Utara',NULL,NULL,NULL,NULL),('3173021003','Tomang',NULL,NULL,NULL,NULL),('3173021004','Jelambar',NULL,NULL,NULL,NULL),('3173021005','Tanjung Duren Selatan',NULL,NULL,NULL,NULL),('3173021006','J elambar Baru',NULL,NULL,NULL,NULL),('3173021007','Wijaya Kusuma',NULL,NULL,NULL,NULL),('3173031001','Taman Sari',NULL,NULL,NULL,NULL),('3173031002','Krukut',NULL,NULL,NULL,NULL),('3173031003','Maphar',NULL,NULL,NULL,NULL),('3173031004','Tangki',NULL,NULL,NULL,NULL),('3173031005','Mangga Besar',NULL,NULL,NULL,NULL),('3173031006','Keagungan',NULL,NULL,NULL,NULL),('3173031007','Glodok',NULL,NULL,NULL,NULL),('3173031008','Pinangsia',NULL,NULL,NULL,NULL),('3173041001','Tambora',NULL,NULL,NULL,NULL),('3173041002','Kali Anyar',NULL,NULL,NULL,NULL),('3173041003','Duri Utara',NULL,NULL,NULL,NULL),('3173041004','Tanah Sereal',NULL,NULL,NULL,NULL),('3173041005','Krendang',NULL,NULL,NULL,NULL),('3173041006','J embatan Besi',NULL,NULL,NULL,NULL),('3173041007','Angke',NULL,NULL,NULL,NULL),('3173041008','Jembatan Lima',NULL,NULL,NULL,NULL),('3173041009','Pekojan',NULL,NULL,NULL,NULL),('3173041010','Roa Malaka',NULL,NULL,NULL,NULL),('3173041011','Duri Selatan',NULL,NULL,NULL,NULL),('3173051001','Kebon Jeruk',NULL,NULL,NULL,NULL),('3173051002','Sukabumi Utara',NULL,NULL,NULL,NULL),('3173051003','Sukabumi Selatan',NULL,NULL,NULL,NULL),('3173051004','Kelapa Dua',NULL,NULL,NULL,NULL),('3173051005','Duri Kepa',NULL,NULL,NULL,NULL),('3173051006','Kedoya Utara',NULL,NULL,NULL,NULL),('3173051007','Kedoya Selatan',NULL,NULL,NULL,NULL),('3173061001','Kalideres',NULL,NULL,NULL,NULL),('3173061002','Semanan',NULL,NULL,NULL,NULL),('3173061003','Tegal Alur',NULL,NULL,NULL,NULL),('3173061004','Kamal',NULL,NULL,NULL,NULL),('3173061005','Pegadungan',NULL,NULL,NULL,NULL),('3173071001','Palmerah',NULL,NULL,NULL,NULL),('3173071002','Slipi',NULL,NULL,NULL,NULL),('3173071003','Kota Bambu Utara',NULL,NULL,NULL,NULL),('3173071004','Jatipulo',NULL,NULL,NULL,NULL),('3173071005','Kemanggisan',NULL,NULL,NULL,NULL),('3173071006','Kota Bambu Selatan',NULL,NULL,NULL,NULL),('3173081001','Kembangan Utara',NULL,NULL,NULL,NULL),('3173081002','Meruya Utara',NULL,NULL,NULL,NULL),('3173081003','Meruya Selatan',NULL,NULL,NULL,NULL),('3173081004','Srengseng',NULL,NULL,NULL,NULL),('3173081005','Joglo',NULL,NULL,NULL,NULL),('3173081006','Kembangan Selatan',NULL,NULL,NULL,NULL),('3174011001','Tebet Timur',NULL,NULL,NULL,NULL),('3174011002','Tebet Barat',NULL,NULL,NULL,NULL),('3174011003','Menteng Dalam',NULL,NULL,NULL,NULL),('3174011004','Kebon Baru',NULL,NULL,NULL,NULL),('3174011005','Bukit Duri',NULL,NULL,NULL,NULL),('3174011006','Manggarai Selatan',NULL,NULL,NULL,NULL),('3174011007','Manggarai',NULL,NULL,NULL,NULL),('3174021001','Setia Budi',NULL,NULL,NULL,NULL),('3174021002','Karet Semanggi',NULL,NULL,NULL,NULL),('3174021003','Karet Kuningan',NULL,NULL,NULL,NULL),('3174021004','Karet',NULL,NULL,NULL,NULL),('3174021005','Menteng Atas',NULL,NULL,NULL,NULL),('3174021006','Pasar Manggis',NULL,NULL,NULL,NULL),('3174021007','Guntur',NULL,NULL,NULL,NULL),('3174021008','Kuningan Timur',NULL,NULL,NULL,NULL),('3174031001','Mampang Prapatan',NULL,NULL,NULL,NULL),('3174031002','Bangka',NULL,NULL,NULL,NULL),('3174031003','Pela Mampang',NULL,NULL,NULL,NULL),('3174031004','Tegal Parang',NULL,NULL,NULL,NULL),('3174031005','Kuningan Barat',NULL,NULL,NULL,NULL),('3174041001','Pasar Minggu',NULL,NULL,NULL,NULL),('3174041002','Jati Padang',NULL,NULL,NULL,NULL),('3174041003','Cilandak Timur',NULL,NULL,NULL,NULL),('3174041004','Ragunan',NULL,NULL,NULL,NULL),('3174041005','Pejaten Timur',NULL,NULL,NULL,NULL),('3174041006','Pejaten Barat',NULL,NULL,NULL,NULL),('3174041007','Kebagusan',NULL,NULL,NULL,NULL),('3174051001','Kebayoran Lama utara',NULL,NULL,NULL,NULL),('3174051002','Pondok Pinang',NULL,NULL,NULL,NULL),('3174051003','Cipulir',NULL,NULL,NULL,NULL),('3174051004','Grogol Utara',NULL,NULL,NULL,NULL),('3174051005','Grogol Selatan',NULL,NULL,NULL,NULL),('3174051006','Kebayoran Lama Selatan',NULL,NULL,NULL,NULL),('3174061001','Cilandak Barat',NULL,NULL,NULL,NULL),('3174061002','Lebak Bulu s',NULL,NULL,NULL,NULL),('3174061003','Pondok Labu',NULL,NULL,NULL,NULL),('3174061004','Gandaria Selatan',NULL,NULL,NULL,NULL),('3174061005','Cipete Selatan',NULL,NULL,NULL,NULL),('3174071001','Melawai',NULL,NULL,NULL,NULL),('3174071002','Gunung',NULL,NULL,NULL,NULL),('3174071003','Kramat Pela',NULL,NULL,NULL,NULL),('3174071004','Selong',NULL,NULL,NULL,NULL),('3174071005','Rawa Barat',NULL,NULL,NULL,NULL),('3174071006','Senayan',NULL,NULL,NULL,NULL),('3174071007','Pulo',NULL,NULL,NULL,NULL),('3174071008','Petogogan',NULL,NULL,NULL,NULL),('3174071009','Gandaria Utara',NULL,NULL,NULL,NULL),('3174071010','Cipete Utara',NULL,NULL,NULL,NULL),('3174081001','Pancoran',NULL,NULL,NULL,NULL),('3174081002','Kalibata',NULL,NULL,NULL,NULL),('3174081003','Rawajati',NULL,NULL,NULL,NULL),('3174081004','Duren Tiga',NULL,NULL,NULL,NULL),('3174081005','Pengadegan',NULL,NULL,NULL,NULL),('3174081006','Cikoko',NULL,NULL,NULL,NULL),('3174091001','Jagakarsa',NULL,NULL,NULL,NULL),('3174091002','Srengseng Sawah',NULL,NULL,NULL,NULL),('3174091003','Ciganjur',NULL,NULL,NULL,NULL),('3174091004','Lenteng Agung',NULL,NULL,NULL,NULL),('3174091005','Tanjung Barat',NULL,NULL,NULL,NULL),('3174091006','Cipedak',NULL,NULL,NULL,NULL),('3174101001','Pesanggrahan',NULL,NULL,NULL,NULL),('3174101002','Bintaro',NULL,NULL,NULL,NULL),('3174101003','Petu kangan Utara',NULL,NULL,NULL,NULL),('3174101004','Petu kangan Selatan',NULL,NULL,NULL,NULL),('3174101005','Ulujami',NULL,NULL,NULL,NULL),('3175011001','Pisangan Baru',NULL,NULL,NULL,NULL),('3175011002','Utan Kayu Utara',NULL,NULL,NULL,NULL),('3175011003','Kayu Manis',NULL,NULL,NULL,NULL),('3175011004','Palmeriam',NULL,NULL,NULL,NULL),('3175011005','Kebon Manggis',NULL,NULL,NULL,NULL),('3175011006','Utan Kayu Selatan',NULL,NULL,NULL,NULL),('3175021001','Pulo Gadung',NULL,NULL,NULL,NULL),('3175021002','Pisangan Timur',NULL,NULL,NULL,NULL),('3175021003','Cipinang',NULL,NULL,NULL,NULL),('3175021004','Jatinegara Kaum',NULL,NULL,NULL,NULL),('3175021005','Rawamangun',NULL,NULL,NULL,NULL),('3175021006','Kayu Putih',NULL,NULL,NULL,NULL),('3175021007','Jati',NULL,NULL,NULL,NULL),('3175031001','Kampung Melayu',NULL,NULL,NULL,NULL),('3175031002','Bidara Cina',NULL,NULL,NULL,NULL),('3175031003','Bali Mester',NULL,NULL,NULL,NULL),('3175031004','Rawa Bunga',NULL,NULL,NULL,NULL),('3175031005','Cipinang Cempedak',NULL,NULL,NULL,NULL),('3175031006','Cipinang Muara',NULL,NULL,NULL,NULL),('3175031007','Cipinang Besar Selatan',NULL,NULL,NULL,NULL),('3175031008','Cipinang Besar Utara',NULL,NULL,NULL,NULL),('3175041001','Kramatjati',NULL,NULL,NULL,NULL),('3175041002','Tengah',NULL,NULL,NULL,NULL),('3175041003','Dukuh',NULL,NULL,NULL,NULL),('3175041004','Batu Ampar',NULL,NULL,NULL,NULL),('3175041005','Balekambang',NULL,NULL,NULL,NULL),('3175041006','Cililitan',NULL,NULL,NULL,NULL),('3175041007','Cawang',NULL,NULL,NULL,NULL),('3175051001','Gedong',NULL,NULL,NULL,NULL),('3175051002','Baru',NULL,NULL,NULL,NULL),('3175051003','Cijantung',NULL,NULL,NULL,NULL),('3175051004','Kalisari',NULL,NULL,NULL,NULL),('3175051005','Pekayon',NULL,NULL,NULL,NULL),('3175061001','Jatinegara',NULL,NULL,NULL,NULL),('3175061002','Rawa Terate',NULL,NULL,NULL,NULL),('3175061003','Penggilingan',NULL,NULL,NULL,NULL),('3175061004','Cakung Timur',NULL,NULL,NULL,NULL),('3175061005','Pulo Gebang',NULL,NULL,NULL,NULL),('3175061006','Ujung Menteng',NULL,NULL,NULL,NULL),('3175061007','Cakung Barat',NULL,NULL,NULL,NULL),('3175071001','Duren Sawit',NULL,NULL,NULL,NULL),('3175071002','Pondok Bambu',NULL,NULL,NULL,NULL),('3175071003','Klender',NULL,NULL,NULL,NULL),('3175071004','Pondok Kelapa',NULL,NULL,NULL,NULL),('3175071005','Malaka Sari',NULL,NULL,NULL,NULL),('3175071006','Malaka Jaya',NULL,NULL,NULL,NULL),('3175071007','Pondok Kopi',NULL,NULL,NULL,NULL),('3175081001','Makasar',NULL,NULL,NULL,NULL),('3175081002','Pinangranti',NULL,NULL,NULL,NULL),('3175081003','Kebon Pala',NULL,NULL,NULL,NULL),('3175081004','Halim Perdana Kusuma',NULL,NULL,NULL,NULL),('3175081005','Cipinang Melayu',NULL,NULL,NULL,NULL),('3175091001','Ciracas',NULL,NULL,NULL,NULL),('3175091002','Cibubur',NULL,NULL,NULL,NULL),('3175091003','Kelapa Dua Wetan',NULL,NULL,NULL,NULL),('3175091004','Susukan',NULL,NULL,NULL,NULL),('3175091005','Rambutan',NULL,NULL,NULL,NULL),('3175101001','Cipayung',NULL,NULL,NULL,NULL),('3175101002','Cilangkap',NULL,NULL,NULL,NULL),('3175101003','Pondok Ranggon',NULL,NULL,NULL,NULL),('3175101004','Munjul',NULL,NULL,NULL,NULL),('3175101005','Setu',NULL,NULL,NULL,NULL),('3175101006','Bambu Apus',NULL,NULL,NULL,NULL),('3175101007','Lubang Buaya',NULL,NULL,NULL,NULL),('3175101008','Ceger',NULL,NULL,NULL,NULL);
/*!40000 ALTER TABLE `tbl_kelurahan` ENABLE KEYS */;
UNLOCK TABLES;

--
-- Table structure for table `tbl_kube`
--

DROP TABLE IF EXISTS `tbl_kube`;
/*!40101 SET @saved_cs_client     = @@character_set_client */;
/*!40101 SET character_set_client = utf8 */;
CREATE TABLE `tbl_kube` (
  `id_kube` int(10) NOT NULL AUTO_INCREMENT,
  `nama_kube` varchar(255) DEFAULT NULL,
  `jenis_usaha` varchar(255) DEFAULT NULL,
  `bantuan_modal` int(8) DEFAULT NULL,
  `ketua` int(10) DEFAULT NULL,
  `sekertaris` int(10) DEFAULT NULL,
  `bendahara` int(10) DEFAULT NULL,
  `anggota1` int(10) DEFAULT NULL,
  `anggota2` int(10) DEFAULT NULL,
  `anggota3` int(10) DEFAULT NULL,
  `anggota4` int(10) DEFAULT NULL,
  `anggota5` int(10) DEFAULT NULL,
  `anggota6` int(10) DEFAULT NULL,
  `anggota7` int(10) DEFAULT NULL,
  `pendamping` int(10) DEFAULT NULL,
  `photo` blob,
  `status` smallint(1) DEFAULT '0',
  `created_at` timestamp NOT NULL DEFAULT CURRENT_TIMESTAMP,
  `updated_at` timestamp NOT NULL DEFAULT CURRENT_TIMESTAMP ON UPDATE CURRENT_TIMESTAMP,
  `created_by` varchar(20) DEFAULT NULL,
  `updated_by` varchar(20) DEFAULT NULL,
  PRIMARY KEY (`id_kube`),
  KEY `tbl_kube_ibfk_1` (`pendamping`),
  KEY `tbl_kube_ibfk_10` (`anggota6`),
  KEY `tbl_kube_ibfk_11` (`anggota7`),
  KEY `tbl_kube_ibfk_2` (`ketua`),
  KEY `tbl_kube_ibfk_3` (`sekertaris`),
  KEY `tbl_kube_ibfk_4` (`bendahara`),
  KEY `tbl_kube_ibfk_5` (`anggota1`),
  KEY `tbl_kube_ibfk_6` (`anggota2`),
  KEY `tbl_kube_ibfk_7` (`anggota3`),
  KEY `tbl_kube_ibfk_8` (`anggota4`),
  KEY `tbl_kube_ibfk_9` (`anggota5`),
  CONSTRAINT `tbl_kube_ibfk_10` FOREIGN KEY (`anggota6`) REFERENCES `tbl_user` (`id_user`) ON DELETE SET NULL ON UPDATE CASCADE,
  CONSTRAINT `tbl_kube_ibfk_11` FOREIGN KEY (`anggota7`) REFERENCES `tbl_user` (`id_user`) ON DELETE SET NULL ON UPDATE CASCADE,
  CONSTRAINT `tbl_kube_ibfk_13` FOREIGN KEY (`pendamping`) REFERENCES `tbl_user` (`id_user`) ON DELETE SET NULL ON UPDATE CASCADE,
  CONSTRAINT `tbl_kube_ibfk_2` FOREIGN KEY (`ketua`) REFERENCES `tbl_user` (`id_user`) ON DELETE SET NULL ON UPDATE CASCADE,
  CONSTRAINT `tbl_kube_ibfk_3` FOREIGN KEY (`sekertaris`) REFERENCES `tbl_user` (`id_user`) ON DELETE SET NULL ON UPDATE CASCADE,
  CONSTRAINT `tbl_kube_ibfk_4` FOREIGN KEY (`bendahara`) REFERENCES `tbl_user` (`id_user`) ON DELETE SET NULL ON UPDATE CASCADE,
  CONSTRAINT `tbl_kube_ibfk_5` FOREIGN KEY (`anggota1`) REFERENCES `tbl_user` (`id_user`) ON DELETE SET NULL ON UPDATE CASCADE,
  CONSTRAINT `tbl_kube_ibfk_6` FOREIGN KEY (`anggota2`) REFERENCES `tbl_user` (`id_user`) ON DELETE SET NULL ON UPDATE CASCADE,
  CONSTRAINT `tbl_kube_ibfk_7` FOREIGN KEY (`anggota3`) REFERENCES `tbl_user` (`id_user`) ON DELETE SET NULL ON UPDATE CASCADE,
  CONSTRAINT `tbl_kube_ibfk_8` FOREIGN KEY (`anggota4`) REFERENCES `tbl_user` (`id_user`) ON DELETE SET NULL ON UPDATE CASCADE,
  CONSTRAINT `tbl_kube_ibfk_9` FOREIGN KEY (`anggota5`) REFERENCES `tbl_user` (`id_user`) ON DELETE SET NULL ON UPDATE CASCADE
) ENGINE=InnoDB AUTO_INCREMENT=93 DEFAULT CHARSET=latin1;
/*!40101 SET character_set_client = @saved_cs_client */;

--
-- Dumping data for table `tbl_kube`
--

LOCK TABLES `tbl_kube` WRITE;
/*!40000 ALTER TABLE `tbl_kube` DISABLE KEYS */;
INSERT INTO `tbl_kube` VALUES (1,'KUBE KEMUNING','Warung Nasi',20000000,NULL,2,3,4,5,6,7,8,9,10,501,NULL,NULL,'2019-10-30 15:26:46','2019-10-30 15:27:18',NULL,NULL),(2,'KUBE SEROJA','Warung ES\r\n',20000000,11,12,13,14,15,16,17,18,19,20,NULL,NULL,NULL,'2019-10-30 15:26:46','2019-10-30 15:27:18',NULL,NULL),(3,'KUBE KENANGA','Warung ES\r\n',20000000,21,22,23,24,25,26,27,28,29,30,NULL,NULL,NULL,'2019-10-30 15:26:46','2019-10-30 15:27:18',NULL,NULL),(4,'KUBE KAMBOJA','Warung ES\r\n',20000000,31,32,33,34,35,36,37,38,39,40,NULL,NULL,NULL,'2019-10-30 15:26:46','2019-10-30 15:27:18',NULL,NULL),(5,'KUBE KECAPI','Gorengan\r\n',20000000,41,42,43,44,45,46,47,48,49,50,NULL,NULL,NULL,'2019-10-30 15:26:46','2019-10-30 15:27:18',NULL,NULL),(6,'KUBE SALAK','Warkop\r\n',20000000,51,52,53,54,55,56,57,58,59,60,NULL,NULL,NULL,'2019-10-30 15:26:46','2019-10-30 15:27:18',NULL,NULL),(7,'KUBE JATI','Warung ES\r\n',20000000,61,62,63,64,65,66,67,68,69,70,NULL,NULL,NULL,'2019-10-30 15:26:46','2019-10-30 15:27:18',NULL,NULL),(8,'KUBE MAHONI','Warkop\r\n',20000000,71,72,73,74,75,76,77,78,79,80,NULL,NULL,NULL,'2019-10-30 15:26:46','2019-10-30 15:27:18',NULL,NULL),(9,'KUBE ALBASIA','Warkop\r\n',20000000,81,82,83,84,85,86,87,88,89,90,NULL,NULL,NULL,'2019-10-30 15:26:46','2019-10-30 15:27:18',NULL,NULL),(10,'KUBE PINUS','Warkop\r\n',20000000,91,92,93,94,95,96,97,98,99,100,NULL,NULL,NULL,'2019-10-30 15:26:46','2019-10-30 15:27:18',NULL,NULL),(11,'KUBE LAVENDER','Warkop\r\n',20000000,101,102,103,104,105,106,107,108,109,110,NULL,NULL,NULL,'2019-10-30 15:26:46','2019-10-30 15:27:18',NULL,NULL),(12,'KUBE TULIP','Warkop\r\n',20000000,111,112,113,114,115,116,117,118,119,120,NULL,NULL,NULL,'2019-10-30 15:26:46','2019-10-30 15:27:18',NULL,NULL),(13,'KUBE ASOKA','Warung Nasi\r\n',20000000,121,122,123,124,125,126,127,128,129,130,NULL,NULL,NULL,'2019-10-30 15:26:46','2019-10-30 15:27:18',NULL,NULL),(14,'KUBE ANGGREK','Warung ES\r\n',20000000,131,132,133,134,135,136,137,138,139,140,NULL,NULL,NULL,'2019-10-30 15:26:46','2019-10-30 15:27:18',NULL,NULL),(15,'KUBE DAHLIA','Kue Basah\r\n',20000000,141,142,143,144,145,146,147,148,149,150,NULL,NULL,NULL,'2019-10-30 15:26:46','2019-10-30 15:27:18',NULL,NULL),(16,'KUBE MAWAR','Warung Kelontong',20000000,151,152,153,154,155,156,157,158,159,160,NULL,NULL,NULL,'2019-10-30 15:26:46','2019-10-30 15:27:18',NULL,NULL),(17,'KUBE MANGGIS II','Warung Kelontong',20000000,161,162,163,164,165,166,167,168,169,170,NULL,NULL,NULL,'2019-10-30 15:26:46','2019-10-30 15:27:18',NULL,NULL),(18,'KUBE MANGGIS','Warung Nasi\r\n',20000000,171,172,173,174,175,176,177,178,179,180,NULL,NULL,NULL,'2019-10-30 15:26:46','2019-10-30 15:27:18',NULL,NULL),(19,'KUBE NANAS','Jual Ikan\r\n',20000000,181,182,183,184,185,186,187,188,189,190,NULL,NULL,NULL,'2019-10-30 15:26:46','2019-10-30 15:27:18',NULL,NULL),(20,'KUBE SEMANGKA','Warkop\r\n',20000000,191,192,193,194,195,196,197,198,199,200,NULL,NULL,NULL,'2019-10-30 15:26:46','2019-10-30 15:27:18',NULL,NULL),(21,'KUBE MAWAR I',NULL,20000000,201,202,203,204,205,206,207,208,209,210,NULL,NULL,NULL,'2019-10-30 15:26:46','2019-10-30 15:27:18',NULL,NULL),(22,'KUBE MAWAR II',NULL,20000000,211,212,213,214,215,216,217,218,219,220,NULL,NULL,NULL,'2019-10-30 15:26:46','2019-10-30 15:27:18',NULL,NULL),(23,'KUBE MELATI I',NULL,20000000,221,222,223,224,225,226,227,228,229,230,NULL,NULL,NULL,'2019-10-30 15:26:46','2019-10-30 15:27:18',NULL,NULL),(24,'KUBE MELATI II',NULL,20000000,231,232,233,234,235,236,237,238,239,240,NULL,NULL,NULL,'2019-10-30 15:26:46','2019-10-30 15:27:18',NULL,NULL),(25,'KUBE SUMBER HARAPAN',NULL,20000000,241,242,243,244,245,246,247,248,249,250,NULL,NULL,NULL,'2019-10-30 15:26:46','2019-10-30 15:27:18',NULL,NULL),(26,'KUBE TUNAS HARAPAN',NULL,20000000,251,252,253,254,255,256,257,258,259,260,NULL,NULL,NULL,'2019-10-30 15:26:46','2019-10-30 15:27:18',NULL,NULL),(27,'KUBE FLAMBOYAN',NULL,20000000,261,262,263,264,265,266,267,268,269,270,NULL,NULL,NULL,'2019-10-30 15:26:46','2019-10-30 15:27:18',NULL,NULL),(28,'KUBE TUNAS MEKAR',NULL,20000000,271,272,273,274,275,276,277,278,279,280,NULL,NULL,NULL,'2019-10-30 15:26:46','2019-10-30 15:27:18',NULL,NULL),(29,'KUBE BAROKAH MAS',NULL,20000000,281,282,283,284,285,286,287,288,289,290,NULL,NULL,NULL,'2019-10-30 15:26:46','2019-10-30 15:27:18',NULL,NULL),(30,'KUBE RUKUN TETANGGA',NULL,20000000,291,292,293,294,295,296,297,298,299,300,NULL,NULL,NULL,'2019-10-30 15:26:46','2019-10-30 15:27:18',NULL,NULL),(56,'KUBE MALATI ANGGUN',NULL,20000000,301,302,303,304,305,306,307,308,309,310,NULL,NULL,NULL,'2019-10-30 15:26:46','2019-10-30 15:27:18',NULL,NULL),(57,'KUBE KOBA VI','Kue dan Minuman',20000000,311,312,313,314,315,316,317,318,319,320,NULL,NULL,NULL,'2019-10-30 15:26:46','2019-10-30 15:27:18',NULL,NULL),(58,'KUBE NANGKA0207','Kerajinan Tangan dan Makanan',20000000,321,322,323,324,325,326,327,328,329,330,NULL,NULL,NULL,'2019-10-30 15:26:46','2019-10-30 15:27:18',NULL,NULL),(72,'KUBE WIJAYA PKH','Makanan dan Minuman',20000000,331,332,333,334,335,336,337,338,339,400,NULL,NULL,NULL,'2019-10-30 15:26:46','2019-10-30 15:27:18',NULL,NULL),(73,'KUBE SQUAD GANDUT','Kue dan Makanan',20000000,341,342,343,344,345,346,347,348,349,350,NULL,NULL,NULL,'2019-10-30 15:26:46','2019-10-30 15:27:18',NULL,NULL),(74,'KUBE KARYA UTAMA MAHALI (KUM)','Makanan dan Minuman',20000000,351,352,353,354,355,356,357,358,359,360,NULL,NULL,NULL,'2019-10-30 15:26:46','2019-10-30 15:27:18',NULL,NULL),(75,'KUBE HANAN DASA','Makanan',20000000,361,362,363,364,365,366,367,368,369,370,NULL,NULL,NULL,'2019-10-30 15:26:46','2019-10-30 15:27:18',NULL,NULL),(76,'KUBE RATU PANDAN','Makanan',20000000,371,372,373,374,375,376,377,378,379,380,NULL,NULL,NULL,'2019-10-30 15:26:46','2019-10-30 15:27:18',NULL,NULL),(77,'KUBE PRABU ANTENA','Kripik Tempe',20000000,381,382,383,384,385,386,387,388,389,390,NULL,NULL,NULL,'2019-10-30 15:26:46','2019-10-30 15:27:18',NULL,NULL),(78,'KUBE BAMUS JAYA','Makanan Ringan',20000000,391,392,393,394,395,396,397,398,399,400,NULL,NULL,NULL,'2019-10-30 15:26:46','2019-10-30 15:27:18',NULL,NULL),(79,'KUBE ANGGRAK INDAH','Katering dan Makanan Siap Saji',20000000,401,402,403,404,405,406,407,408,409,410,NULL,NULL,NULL,'2019-10-30 15:26:46','2019-10-30 15:27:18',NULL,NULL),(80,'KUBE MELATI INDAH','Katering dan Makanan Siap Saji',20000000,411,412,413,414,415,416,417,418,419,420,NULL,NULL,NULL,'2019-10-30 15:26:46','2019-10-30 15:27:18',NULL,NULL),(81,'KUBE TERATAI SEJAHTERA','Gorengan dan Kopi',20000000,421,422,423,424,425,426,427,428,429,430,NULL,NULL,NULL,'2019-10-30 15:26:46','2019-10-30 15:27:18',NULL,NULL),(82,'KUBE MELATI SEJAHTERA','Katering dan Makanan Siap Saji',20000000,431,432,433,434,435,436,437,438,339,340,NULL,NULL,NULL,'2019-10-30 15:26:46','2019-10-30 15:27:18',NULL,NULL),(83,'KUBE BERKAH SEJAHTERA','Aneka Kue',20000000,441,442,443,444,445,446,447,448,449,450,NULL,NULL,NULL,'2019-10-30 15:26:46','2019-10-30 15:27:18',NULL,NULL),(84,'KUBE JAYA BARU',NULL,20000000,451,452,453,454,455,456,457,458,459,460,NULL,NULL,NULL,'2019-10-30 15:26:46','2019-10-30 15:27:18',NULL,NULL),(85,'KUBE PUTERA HARAPAN',NULL,20000000,461,462,463,464,465,466,467,468,469,470,NULL,NULL,NULL,'2019-10-30 15:26:46','2019-10-30 15:27:18',NULL,NULL),(86,'KUBE SAHABAT IBU',NULL,20000000,471,472,473,474,475,476,477,478,479,480,NULL,NULL,NULL,'2019-10-30 15:26:46','2019-10-30 15:27:18',NULL,NULL),(87,'MANUNGGAL BERKARYA',NULL,20000000,481,482,483,484,485,486,487,488,489,490,NULL,NULL,NULL,'2019-10-30 15:26:46','2019-10-30 15:27:18',NULL,NULL),(88,'KUBE KURNIA BERSAMA',NULL,20000000,491,492,493,494,495,496,497,498,499,500,NULL,NULL,NULL,'2019-10-30 15:26:46','2019-10-30 15:27:18',NULL,NULL),(90,'string','string',0,1356,NULL,NULL,NULL,NULL,NULL,NULL,NULL,NULL,NULL,NULL,'string',0,'2019-10-30 18:35:54','2019-10-31 00:32:26','string',NULL),(91,'','',1000,NULL,NULL,NULL,NULL,NULL,NULL,NULL,NULL,NULL,NULL,NULL,'',1,'2019-10-31 01:10:08','2019-10-31 01:10:08',NULL,NULL),(92,'kube badai','warung klontong',0,NULL,NULL,NULL,NULL,NULL,NULL,NULL,NULL,NULL,NULL,NULL,'',1,'2019-10-31 09:25:54','2019-10-31 20:19:53',NULL,NULL);
/*!40000 ALTER TABLE `tbl_kube` ENABLE KEYS */;
UNLOCK TABLES;

--
-- Table structure for table `tbl_lapkeu_uep_kube`
--

DROP TABLE IF EXISTS `tbl_lapkeu_uep_kube`;
/*!40101 SET @saved_cs_client     = @@character_set_client */;
/*!40101 SET character_set_client = utf8 */;
CREATE TABLE `tbl_lapkeu_uep_kube` (
  `id_laporan` int(10) NOT NULL AUTO_INCREMENT,
  `id_uep` int(10) DEFAULT NULL,
  `id_kube` int(10) DEFAULT NULL,
  `bulan` int(2) DEFAULT NULL,
  `tahun` year(4) DEFAULT NULL,
  `modal` int(11) DEFAULT NULL,
  `omset` int(11) DEFAULT NULL,
  `pendapatan` int(11) DEFAULT NULL,
  `created_at` timestamp NULL DEFAULT NULL,
  `updated_at` timestamp NULL DEFAULT NULL,
  `created_by` varchar(20) DEFAULT NULL,
  `updated_by` varchar(20) DEFAULT NULL,
  PRIMARY KEY (`id_laporan`),
  KEY `id_kube` (`id_kube`),
  KEY `id_uep` (`id_uep`),
  CONSTRAINT `tbl_lapkeu_uep_kube_ibfk_1` FOREIGN KEY (`id_kube`) REFERENCES `tbl_kube` (`id_kube`) ON DELETE CASCADE ON UPDATE CASCADE,
  CONSTRAINT `tbl_lapkeu_uep_kube_ibfk_2` FOREIGN KEY (`id_uep`) REFERENCES `tbl_uep` (`id_uep`) ON DELETE CASCADE ON UPDATE CASCADE
) ENGINE=InnoDB AUTO_INCREMENT=3 DEFAULT CHARSET=latin1;
/*!40101 SET character_set_client = @saved_cs_client */;

--
-- Dumping data for table `tbl_lapkeu_uep_kube`
--

LOCK TABLES `tbl_lapkeu_uep_kube` WRITE;
/*!40000 ALTER TABLE `tbl_lapkeu_uep_kube` DISABLE KEYS */;
INSERT INTO `tbl_lapkeu_uep_kube` VALUES (2,NULL,5,1,2018,20000000,30000000,10000000,'2019-09-18 02:01:59','2019-09-19 02:02:04',NULL,NULL);
/*!40000 ALTER TABLE `tbl_lapkeu_uep_kube` ENABLE KEYS */;
UNLOCK TABLES;

--
-- Table structure for table `tbl_master_aspek_kube`
--

DROP TABLE IF EXISTS `tbl_master_aspek_kube`;
/*!40101 SET @saved_cs_client     = @@character_set_client */;
/*!40101 SET character_set_client = utf8 */;
CREATE TABLE `tbl_master_aspek_kube` (
  `id_aspek` int(10) NOT NULL AUTO_INCREMENT,
  `id_dimensi` int(10) DEFAULT NULL,
  `nama_aspek` varchar(100) DEFAULT NULL,
  `created_at` timestamp NULL DEFAULT NULL,
  `updated_at` timestamp NULL DEFAULT NULL,
  `created_by` varchar(20) DEFAULT NULL,
  `updated_by` varchar(20) DEFAULT NULL,
  PRIMARY KEY (`id_aspek`),
  KEY `id_dimensi` (`id_dimensi`),
  CONSTRAINT `tbl_master_aspek_kube_ibfk_1` FOREIGN KEY (`id_dimensi`) REFERENCES `tbl_master_dimensi_uep_kube` (`id_dimensi`) ON DELETE CASCADE ON UPDATE CASCADE
) ENGINE=InnoDB AUTO_INCREMENT=12 DEFAULT CHARSET=latin1;
/*!40101 SET character_set_client = @saved_cs_client */;

--
-- Dumping data for table `tbl_master_aspek_kube`
--

LOCK TABLES `tbl_master_aspek_kube` WRITE;
/*!40000 ALTER TABLE `tbl_master_aspek_kube` DISABLE KEYS */;
INSERT INTO `tbl_master_aspek_kube` VALUES (1,1,'Aspek sosial sasaran KUBE\r\n',NULL,NULL,NULL,NULL),(2,1,'Aspek dana sosial\r\n',NULL,NULL,NULL,NULL),(3,1,'Aspek sosial dalam keluarga\r\n',NULL,NULL,NULL,NULL),(4,1,'Aspek sosial dilingkungan\r\n',NULL,NULL,NULL,NULL),(5,2,'Aset Ekonomi KUBE\r\n',NULL,NULL,NULL,NULL),(6,2,'Aspek ekonomi individu\r\n',NULL,NULL,NULL,NULL),(7,3,'Aspek organisasi\r\n',NULL,NULL,NULL,NULL),(8,3,'Pembagian tugas',NULL,NULL,NULL,NULL),(9,3,'Aspek SDM\r\n',NULL,NULL,NULL,NULL),(10,4,'Aspek perencanaan',NULL,NULL,NULL,NULL),(11,4,'Aspek pelaksanaan pendampingan\r\n',NULL,NULL,NULL,NULL);
/*!40000 ALTER TABLE `tbl_master_aspek_kube` ENABLE KEYS */;
UNLOCK TABLES;

--
-- Table structure for table `tbl_master_aspek_uep`
--

DROP TABLE IF EXISTS `tbl_master_aspek_uep`;
/*!40101 SET @saved_cs_client     = @@character_set_client */;
/*!40101 SET character_set_client = utf8 */;
CREATE TABLE `tbl_master_aspek_uep` (
  `id_aspek` int(10) NOT NULL AUTO_INCREMENT,
  `id_dimensi` int(10) DEFAULT NULL,
  `nama_aspek` varchar(50) DEFAULT NULL,
  `created_at` timestamp NULL DEFAULT NULL,
  `updated_at` timestamp NULL DEFAULT NULL,
  `created_by` varchar(20) DEFAULT NULL,
  `updated_by` varchar(20) DEFAULT NULL,
  PRIMARY KEY (`id_aspek`),
  KEY `id_dimensi` (`id_dimensi`),
  CONSTRAINT `tbl_master_aspek_uep_ibfk_1` FOREIGN KEY (`id_dimensi`) REFERENCES `tbl_master_dimensi_uep_kube` (`id_dimensi`) ON DELETE CASCADE ON UPDATE CASCADE
) ENGINE=InnoDB AUTO_INCREMENT=11 DEFAULT CHARSET=latin1;
/*!40101 SET character_set_client = @saved_cs_client */;

--
-- Dumping data for table `tbl_master_aspek_uep`
--

LOCK TABLES `tbl_master_aspek_uep` WRITE;
/*!40000 ALTER TABLE `tbl_master_aspek_uep` DISABLE KEYS */;
INSERT INTO `tbl_master_aspek_uep` VALUES (1,1,'Aspek sosial sasaran UEP',NULL,NULL,NULL,NULL),(2,1,'Aspek dana sosial',NULL,NULL,NULL,NULL),(3,1,'Aspek sosial di dalam keluarga',NULL,NULL,NULL,NULL),(4,1,'Aspek sosial di lingkungan',NULL,NULL,NULL,NULL),(5,2,'Aspek aset ekonomi UEP',NULL,NULL,NULL,NULL),(6,2,'Aspek ekonomi individu',NULL,NULL,NULL,NULL),(7,3,'Aspek organisasi',NULL,NULL,NULL,NULL),(8,4,'Aspek perencanaan',NULL,NULL,NULL,NULL),(9,4,'Aspek pelaksanaan pendamping',NULL,NULL,NULL,NULL),(10,4,'Aspek kemitraan',NULL,NULL,NULL,NULL);
/*!40000 ALTER TABLE `tbl_master_aspek_uep` ENABLE KEYS */;
UNLOCK TABLES;

--
-- Table structure for table `tbl_master_dimensi_uep_kube`
--

DROP TABLE IF EXISTS `tbl_master_dimensi_uep_kube`;
/*!40101 SET @saved_cs_client     = @@character_set_client */;
/*!40101 SET character_set_client = utf8 */;
CREATE TABLE `tbl_master_dimensi_uep_kube` (
  `id_dimensi` int(10) NOT NULL AUTO_INCREMENT,
  `nama_dimensi` varchar(15) DEFAULT NULL,
  `created_at` timestamp NULL DEFAULT NULL,
  `updated_at` timestamp NULL DEFAULT NULL,
  `created_by` varchar(20) DEFAULT NULL,
  `updated_by` varchar(20) DEFAULT NULL,
  PRIMARY KEY (`id_dimensi`)
) ENGINE=InnoDB AUTO_INCREMENT=5 DEFAULT CHARSET=latin1;
/*!40101 SET character_set_client = @saved_cs_client */;

--
-- Dumping data for table `tbl_master_dimensi_uep_kube`
--

LOCK TABLES `tbl_master_dimensi_uep_kube` WRITE;
/*!40000 ALTER TABLE `tbl_master_dimensi_uep_kube` DISABLE KEYS */;
INSERT INTO `tbl_master_dimensi_uep_kube` VALUES (1,'Sosial',NULL,NULL,NULL,NULL),(2,'Ekonomi',NULL,NULL,NULL,NULL),(3,'Kelembagaan',NULL,NULL,NULL,NULL),(4,'Manajerial',NULL,NULL,NULL,NULL);
/*!40000 ALTER TABLE `tbl_master_dimensi_uep_kube` ENABLE KEYS */;
UNLOCK TABLES;

--
-- Table structure for table `tbl_master_indikator_kube`
--

DROP TABLE IF EXISTS `tbl_master_indikator_kube`;
/*!40101 SET @saved_cs_client     = @@character_set_client */;
/*!40101 SET character_set_client = utf8 */;
CREATE TABLE `tbl_master_indikator_kube` (
  `id_indikator` int(10) NOT NULL AUTO_INCREMENT,
  `id_kriteria` int(10) DEFAULT NULL,
  `nama_indikator` varchar(255) DEFAULT NULL,
  `skor_indikator` int(2) DEFAULT NULL,
  `created_at` timestamp NULL DEFAULT NULL,
  `updated_at` timestamp NULL DEFAULT NULL,
  `created_by` varchar(20) DEFAULT NULL,
  `updated_by` varchar(20) DEFAULT NULL,
  PRIMARY KEY (`id_indikator`),
  KEY `id_kriteria` (`id_kriteria`),
  CONSTRAINT `tbl_master_indikator_kube_ibfk_1` FOREIGN KEY (`id_kriteria`) REFERENCES `tbl_master_kriteria_kube` (`id_kriteria`) ON DELETE CASCADE ON UPDATE CASCADE
) ENGINE=InnoDB AUTO_INCREMENT=48 DEFAULT CHARSET=latin1;
/*!40101 SET character_set_client = @saved_cs_client */;

--
-- Dumping data for table `tbl_master_indikator_kube`
--

LOCK TABLES `tbl_master_indikator_kube` WRITE;
/*!40000 ALTER TABLE `tbl_master_indikator_kube` DISABLE KEYS */;
INSERT INTO `tbl_master_indikator_kube` VALUES (1,1,'Relasi sosial pengelola KUBE tidak baik',1,NULL,NULL,NULL,NULL),(2,1,'Relasi sosial pengelola KUBE kurang baik\r\n',2,NULL,NULL,NULL,NULL),(3,1,'Relasi sosial pengelola KUBE baik',3,NULL,NULL,NULL,NULL),(4,1,'Relasi sosial pengelola KUBE sangat baik',4,NULL,NULL,NULL,NULL),(5,2,'Ada IKS KUBE tetapi tidak dikelola dengan baik',1,NULL,NULL,NULL,NULL),(6,2,'Ada IKS KUBE sudah dikelola dengan baik',2,NULL,NULL,NULL,NULL),(7,2,'Ada IKS KUBE sudah dikelola untuk kesejahteraan keluarga dan masyarakat sekitar',3,NULL,NULL,NULL,NULL),(8,3,'Anggota KUBE relasi sosialnya tidak baik\r\n',1,NULL,NULL,NULL,NULL),(9,3,'Sebagian anggota KUBE relasi sosialnya kurang baik\r\n',2,NULL,NULL,NULL,NULL),(10,3,'Anggota KUBE relasi sosialnya sangat baik\r\n',3,NULL,NULL,NULL,NULL),(11,4,'Anggota KUBE relasi sosialnya tidak baik',1,NULL,NULL,NULL,NULL),(12,4,'Anggota KUBE relasi sosialnya kurang baik',2,NULL,NULL,NULL,NULL),(13,4,'Anggota KUBE relasi sosialnya baik',3,NULL,NULL,NULL,NULL),(14,5,'Aset KUBE bertambah kurang dari 10% dari modal awal',1,NULL,NULL,NULL,NULL),(15,5,'Aset KUBE bertambah 11-20 % dari modal awal',2,NULL,NULL,NULL,NULL),(16,5,'Aset KUBE bertambah 21-40 % dari modal awal',3,NULL,NULL,NULL,NULL),(17,5,'Aset KUBE bertambah lebih dari 40 % dari modal awal',4,NULL,NULL,NULL,NULL),(18,6,'Penghasilan anggota KUBE bertambah dari penghasilan sebelumnya kurang dari 25%',1,NULL,NULL,NULL,NULL),(19,6,'Penghasilan anggota KUBE bertambah dari penghasilan sebelumnya antara 26-50%',2,NULL,NULL,NULL,NULL),(20,6,'Penghasilan anggota KUBE bertambah dari penghasilan sebelumnya antara 51-75%',3,NULL,NULL,NULL,NULL),(21,6,'Penghasilan anggota KUBE bertambah dari penghasilan sebelumnya diatas 75%',4,NULL,NULL,NULL,NULL),(22,7,'Kepemilikan bertambah kurang dari Rp. 250000',1,NULL,NULL,NULL,NULL),(23,7,'Kepemilikan bertambah antara Rp. 251000 - Rp. 450000',2,NULL,NULL,NULL,NULL),(24,7,'Kepemilikan bertambah antara Rp. 451000 - Rp. 650000',3,NULL,NULL,NULL,NULL),(25,7,'Kepemilikan bertambah lebih dari Rp. 650000',4,NULL,NULL,NULL,NULL),(26,8,'KUBE tidak memiliki struktur organisasi',1,NULL,NULL,NULL,NULL),(27,8,'KUBE sudah memiliki struktur organisasi, tetapi tidak jalan',2,NULL,NULL,NULL,NULL),(28,8,'KUBE sudah memiliki struktur organisasi tetapi kurang berjalan',3,NULL,NULL,NULL,NULL),(29,8,'KUBE sudah memiliki struktur organisasi, berjalan dengan baik',4,NULL,NULL,NULL,NULL),(30,9,'Tidak ada pembagian tugas',1,NULL,NULL,NULL,NULL),(31,9,'Pembagian tugas secara lisan',2,NULL,NULL,NULL,NULL),(32,9,'Pembagian tugas secara tertulis dapat dilakukan dengan baik',3,NULL,NULL,NULL,NULL),(33,10,'Anggota KUBE tidak mengetahui tentang program dan tujuan yang akan dicapai melalui KUBE',1,NULL,NULL,NULL,NULL),(34,10,'Anggota KUBE tidak mengetahui tentang program dan tujuan yang akan dicapai melalui KUBE',2,NULL,NULL,NULL,NULL),(35,10,'Anggota KUBE mengetahui tentang program dan tujuan yang akan dicapai melalui KUBE',3,NULL,NULL,NULL,NULL),(36,11,'Tidak ada rencana pengembangan usaha KUBE',1,NULL,NULL,NULL,NULL),(37,11,'Ada rencana, tetapi belum dituangkan dalam dokumen rencana\r\n',2,NULL,NULL,NULL,NULL),(38,11,'Ada rencana tetapi sulit direalisasikan\r\n',3,NULL,NULL,NULL,NULL),(39,11,'Ada rencana dan sudah dapat direalisasikan\r\n',4,NULL,NULL,NULL,NULL),(40,11,'Seluruh anggota KUBE mengetahui tujuan yang akan dicapai KUBE\r\n',5,NULL,NULL,NULL,NULL),(41,12,'Semua KUBE dikelola secara individu\r\n',1,NULL,NULL,NULL,NULL),(42,12,'separuh/lebih KUBE dikelola secara individu dengan pendamping pasif',2,NULL,NULL,NULL,NULL),(43,12,'separuh/lebih KUBE dikelola dengan pendamping aktif\r\n',3,NULL,NULL,NULL,NULL),(44,13,'Tidak ada pelaporan\r\n',1,NULL,NULL,NULL,NULL),(45,13,'Pelaporan tidak memadai secara substansi format dan periodisasi\r\n',2,NULL,NULL,NULL,NULL),(46,13,'pelaporan memadai secara substansi dan format\r\n',3,NULL,NULL,NULL,NULL),(47,13,'pelaporan memadai secara substansi, format dan periodisasi\r\n',4,NULL,NULL,NULL,NULL);
/*!40000 ALTER TABLE `tbl_master_indikator_kube` ENABLE KEYS */;
UNLOCK TABLES;

--
-- Table structure for table `tbl_master_indikator_uep`
--

DROP TABLE IF EXISTS `tbl_master_indikator_uep`;
/*!40101 SET @saved_cs_client     = @@character_set_client */;
/*!40101 SET character_set_client = utf8 */;
CREATE TABLE `tbl_master_indikator_uep` (
  `id_indikator` int(10) NOT NULL AUTO_INCREMENT,
  `id_kriteria` int(10) DEFAULT NULL,
  `nama_indikator` varchar(255) DEFAULT NULL,
  `skor_indikator` int(2) DEFAULT NULL,
  `created_at` timestamp NULL DEFAULT NULL,
  `updated_at` timestamp NULL DEFAULT NULL,
  `created_by` varchar(20) DEFAULT NULL,
  `updated_by` varchar(20) DEFAULT NULL,
  PRIMARY KEY (`id_indikator`),
  KEY `id_kriteria` (`id_kriteria`),
  CONSTRAINT `tbl_master_indikator_uep_ibfk_1` FOREIGN KEY (`id_kriteria`) REFERENCES `tbl_master_kriteria_uep` (`id_kriteria`) ON DELETE CASCADE ON UPDATE CASCADE
) ENGINE=InnoDB AUTO_INCREMENT=44 DEFAULT CHARSET=latin1;
/*!40101 SET character_set_client = @saved_cs_client */;

--
-- Dumping data for table `tbl_master_indikator_uep`
--

LOCK TABLES `tbl_master_indikator_uep` WRITE;
/*!40000 ALTER TABLE `tbl_master_indikator_uep` DISABLE KEYS */;
INSERT INTO `tbl_master_indikator_uep` VALUES (1,1,'Relasi sosial pengelola UEP tidak baik',1,NULL,NULL,NULL,NULL),(2,1,'Relasi sosial pengelola UEP kurang baik',2,NULL,NULL,NULL,NULL),(3,1,'Relasi pengelolo UEP baik',3,NULL,NULL,NULL,NULL),(4,1,'Relasi sosial pengelola UEP sangat baik',4,NULL,NULL,NULL,NULL),(5,2,'Ada tabungan UEP tetapi tidak dikelola dengan baik',1,NULL,NULL,NULL,NULL),(6,2,'Ada tabungan UEP sudah dikelola dengan baik',2,NULL,NULL,NULL,NULL),(7,2,'Ada tabungan UEP sudah dikelola untuk kesejahteraan keluarga dan masyarakat sekitar ',3,NULL,NULL,NULL,NULL),(8,3,'Anggota UEP relasi sosialnya tidak baik',1,NULL,NULL,NULL,NULL),(9,3,'Anggota UEP relasi sosialnya kurang baik',2,NULL,NULL,NULL,NULL),(10,3,'Anggota UEP relasi sosialnya sangat baik',3,NULL,NULL,NULL,NULL),(11,4,'Anggota UEP relasi sosialnya tidak baik',1,NULL,NULL,NULL,NULL),(12,4,'Anggota UEP relasi sosialnya kurang baik',2,NULL,NULL,NULL,NULL),(13,4,'Anggota UEP relasi sosialnya sangat baik',3,NULL,NULL,NULL,NULL),(14,5,'Aset UEP bertambah kurang dari 10% dari modal awal',1,NULL,NULL,NULL,NULL),(15,5,'Aset UEP bertambah dari 11-20% dari modal awal',2,NULL,NULL,NULL,NULL),(16,5,'Aset UEP bertambah 21-40% dari modal awal',3,NULL,NULL,NULL,NULL),(17,5,'Aset UEP bertambah lebih dari 40% dari modal awal',4,NULL,NULL,NULL,NULL),(18,6,'Penghasilan anggota UEP bertambah dari penghasilan sebelumnya kurang dari 25%',1,NULL,NULL,NULL,NULL),(19,6,'Penghasilan anggota UEP bertambah dari penghasilan sebelumnya antara 26-50%',2,NULL,NULL,NULL,NULL),(20,6,'Penghasilan anggota UEP bertambah dari penghasilan sebelumnya antara 51-75%',3,NULL,NULL,NULL,NULL),(21,6,'Penghailsan anggota UEP bertambah dari penghasilan sebelumnya diatas 75%',4,NULL,NULL,NULL,NULL),(22,7,'Kepemilikan bertambah kurang dari Rp. 250.000',1,NULL,NULL,NULL,NULL),(23,7,'Kepemilikan bertambah antara Rp. 251.000 - Rp. 450.000',2,NULL,NULL,NULL,NULL),(24,7,'Kepemilikan bertambah antara Rp. 451.000 - Rp. 650.000',3,NULL,NULL,NULL,NULL),(25,7,'Kepemilikan bertambah lebih dari Rp. 650.000',4,NULL,NULL,NULL,NULL),(26,8,'Anggota UEP tidak mengetahui tentang program dan tujuan yang akan dicapai melalui UEP ',1,NULL,NULL,NULL,NULL),(27,8,'Anggota UEP tidak mengetahui tentang program dan tujuan yang akan dicapai melalui KUBE',2,NULL,NULL,NULL,NULL),(28,8,'Anggota UEP mengetahui tentang program dan tujuan yang akan dicapai melalui UEP ',3,NULL,NULL,NULL,NULL),(29,9,'Tidak ada rencana pengembangan UEP',1,NULL,NULL,NULL,NULL),(30,9,'Ada rencana tetapi belum dituangkan dalam dokumen rencana',2,NULL,NULL,NULL,NULL),(31,9,'Ada rencana tetapi sulit direalisasikan',3,NULL,NULL,NULL,NULL),(32,9,'Ada rencana dan sudah dapat direalisasikan',4,NULL,NULL,NULL,NULL),(33,9,'Seluruh anggota UEP mengetahui tentang program dan tujuan yang akan dicapai UEP',5,NULL,NULL,NULL,NULL),(34,10,'UEP dikelola individu',1,NULL,NULL,NULL,NULL),(35,10,'UEP dikelola secara individu dengan pendamping tapi pasif',2,NULL,NULL,NULL,NULL),(36,10,'UEP dikelola dengan pendamping aktif',3,NULL,NULL,NULL,NULL),(37,11,'Tidak ada pelaporan',1,NULL,NULL,NULL,NULL),(38,11,'Pelaporan tidak memadai secara substansi format dan periodisasi',2,NULL,NULL,NULL,NULL),(39,11,'Pelaporan memadai secara substansi dan format ',3,NULL,NULL,NULL,NULL),(40,11,'Pelaporan memadai secara substansi format dan periodisasi',4,NULL,NULL,NULL,NULL),(41,12,'Belum ada kemitraan\r\n',1,NULL,NULL,NULL,NULL),(42,12,'Ada sudah berjalan tetapi hasilnya belum optimal dalam pengembangan',2,NULL,NULL,NULL,NULL),(43,12,'Ada dan sudah berhasil mengembangkan usaha UEP\r\n',3,NULL,NULL,NULL,NULL);
/*!40000 ALTER TABLE `tbl_master_indikator_uep` ENABLE KEYS */;
UNLOCK TABLES;

--
-- Table structure for table `tbl_master_kriteria_kube`
--

DROP TABLE IF EXISTS `tbl_master_kriteria_kube`;
/*!40101 SET @saved_cs_client     = @@character_set_client */;
/*!40101 SET character_set_client = utf8 */;
CREATE TABLE `tbl_master_kriteria_kube` (
  `id_kriteria` int(10) NOT NULL AUTO_INCREMENT,
  `id_dimensi` int(10) DEFAULT NULL,
  `id_aspek` int(10) DEFAULT NULL,
  `nama_kriteria` varchar(50) DEFAULT NULL,
  `bobot` int(2) DEFAULT NULL,
  `created_at` timestamp NULL DEFAULT NULL,
  `updated_at` timestamp NULL DEFAULT NULL,
  `created_by` varchar(20) DEFAULT NULL,
  `updated_by` varchar(20) DEFAULT NULL,
  PRIMARY KEY (`id_kriteria`),
  KEY `id_aspek` (`id_aspek`),
  KEY `id_dimensi` (`id_dimensi`),
  CONSTRAINT `tbl_master_kriteria_kube_ibfk_1` FOREIGN KEY (`id_aspek`) REFERENCES `tbl_master_aspek_kube` (`id_aspek`) ON DELETE CASCADE ON UPDATE CASCADE,
  CONSTRAINT `tbl_master_kriteria_kube_ibfk_2` FOREIGN KEY (`id_dimensi`) REFERENCES `tbl_master_dimensi_uep_kube` (`id_dimensi`) ON DELETE CASCADE ON UPDATE CASCADE
) ENGINE=InnoDB AUTO_INCREMENT=14 DEFAULT CHARSET=latin1;
/*!40101 SET character_set_client = @saved_cs_client */;

--
-- Dumping data for table `tbl_master_kriteria_kube`
--

LOCK TABLES `tbl_master_kriteria_kube` WRITE;
/*!40000 ALTER TABLE `tbl_master_kriteria_kube` DISABLE KEYS */;
INSERT INTO `tbl_master_kriteria_kube` VALUES (1,1,1,'Relasi sosial\r\n',10,NULL,NULL,NULL,NULL),(2,1,2,'Tabungan IKS KUBE',5,NULL,NULL,NULL,NULL),(3,1,3,'Relasi sosial dengan keluarga',10,NULL,NULL,NULL,NULL),(4,1,4,'Relasi sosial dengan lingkungan sosial',10,NULL,NULL,NULL,NULL),(5,2,5,'Aset KUBE\r\n',10,NULL,NULL,NULL,NULL),(6,2,6,'Penghasilan',10,NULL,NULL,NULL,NULL),(7,2,6,'kepemilikan\r\n',10,NULL,NULL,NULL,NULL),(8,3,7,'Struktur organisasi',5,NULL,NULL,NULL,NULL),(9,3,8,'Pembagian tugas anggota',10,NULL,NULL,NULL,NULL),(10,3,9,'Pengetahuan/kecakapan\r\n',10,NULL,NULL,NULL,NULL),(11,4,10,'Rencana pengembangan\r\n',5,NULL,NULL,NULL,NULL),(12,4,11,'Pengelolaan KUBE',10,NULL,NULL,NULL,NULL),(13,4,11,'Pelaporan',10,NULL,NULL,NULL,NULL);
/*!40000 ALTER TABLE `tbl_master_kriteria_kube` ENABLE KEYS */;
UNLOCK TABLES;

--
-- Table structure for table `tbl_master_kriteria_uep`
--

DROP TABLE IF EXISTS `tbl_master_kriteria_uep`;
/*!40101 SET @saved_cs_client     = @@character_set_client */;
/*!40101 SET character_set_client = utf8 */;
CREATE TABLE `tbl_master_kriteria_uep` (
  `id_kriteria` int(10) NOT NULL AUTO_INCREMENT,
  `id_aspek` int(10) DEFAULT NULL,
  `nama_kriteria` varchar(50) DEFAULT NULL,
  `bobot` int(2) DEFAULT NULL,
  `created_at` timestamp NULL DEFAULT NULL,
  `updated_at` timestamp NULL DEFAULT NULL,
  `created_by` varchar(20) DEFAULT NULL,
  `updated_by` varchar(20) DEFAULT NULL,
  PRIMARY KEY (`id_kriteria`),
  KEY `id_aspek` (`id_aspek`),
  CONSTRAINT `tbl_master_kriteria_uep_ibfk_1` FOREIGN KEY (`id_aspek`) REFERENCES `tbl_master_aspek_uep` (`id_aspek`) ON DELETE CASCADE ON UPDATE CASCADE
) ENGINE=InnoDB AUTO_INCREMENT=13 DEFAULT CHARSET=latin1;
/*!40101 SET character_set_client = @saved_cs_client */;

--
-- Dumping data for table `tbl_master_kriteria_uep`
--

LOCK TABLES `tbl_master_kriteria_uep` WRITE;
/*!40000 ALTER TABLE `tbl_master_kriteria_uep` DISABLE KEYS */;
INSERT INTO `tbl_master_kriteria_uep` VALUES (1,1,'Relasi sosial dengan sesama anggota UEP',10,NULL,NULL,NULL,NULL),(2,2,'Iuran kesetiakawanan sosial',5,NULL,NULL,NULL,NULL),(3,3,'Relasi sosial dengan keluarga',10,NULL,NULL,NULL,NULL),(4,4,'Relasi sosial dengan lingkungan sosial',10,NULL,NULL,NULL,NULL),(5,5,'Aset UEP',10,NULL,NULL,NULL,NULL),(6,6,'Penghasilan',10,NULL,NULL,NULL,NULL),(7,6,'Kepemilikan',10,NULL,NULL,NULL,NULL),(8,7,'Pengetahuan/kecakapan',10,NULL,NULL,NULL,NULL),(9,8,'Rencana pengembangan',5,NULL,NULL,NULL,NULL),(10,9,'Pengelolaan UEP',5,NULL,NULL,NULL,NULL),(11,9,'Pelaporan',10,NULL,NULL,NULL,NULL),(12,10,'Kemitraan',5,NULL,NULL,NULL,NULL);
/*!40000 ALTER TABLE `tbl_master_kriteria_uep` ENABLE KEYS */;
UNLOCK TABLES;

--
-- Table structure for table `tbl_pelatihan`
--

DROP TABLE IF EXISTS `tbl_pelatihan`;
/*!40101 SET @saved_cs_client     = @@character_set_client */;
/*!40101 SET character_set_client = utf8 */;
CREATE TABLE `tbl_pelatihan` (
  `id_pelatihan` int(10) NOT NULL AUTO_INCREMENT,
  `judul_pelatihan` varchar(100) DEFAULT NULL,
  `lokasi_pelatihan` varchar(255) DEFAULT NULL,
  `tanggal_pelatihan` date DEFAULT NULL,
  `deskripsi` text,
  `dokumen` varchar(255) DEFAULT NULL COMMENT 'foto/gambar/pamflet',
  `display_photo` varchar(200) DEFAULT NULL,
  `created_at` timestamp NULL DEFAULT NULL,
  `updated_at` timestamp NULL DEFAULT NULL,
  `created_by` varchar(20) DEFAULT NULL,
  `updated_by` varchar(20) DEFAULT NULL,
  PRIMARY KEY (`id_pelatihan`)
) ENGINE=InnoDB AUTO_INCREMENT=2 DEFAULT CHARSET=latin1;
/*!40101 SET character_set_client = @saved_cs_client */;

--
-- Dumping data for table `tbl_pelatihan`
--

LOCK TABLES `tbl_pelatihan` WRITE;
/*!40000 ALTER TABLE `tbl_pelatihan` DISABLE KEYS */;
INSERT INTO `tbl_pelatihan` VALUES (1,'Dari Nol persen ke seratus persen','Pusdatin Lt 5','2019-09-30',NULL,'poster pelatihan',NULL,NULL,NULL,NULL,NULL);
/*!40000 ALTER TABLE `tbl_pelatihan` ENABLE KEYS */;
UNLOCK TABLES;

--
-- Table structure for table `tbl_pelatihan_photo`
--

DROP TABLE IF EXISTS `tbl_pelatihan_photo`;
/*!40101 SET @saved_cs_client     = @@character_set_client */;
/*!40101 SET character_set_client = utf8 */;
CREATE TABLE `tbl_pelatihan_photo` (
  `id` int(10) unsigned NOT NULL AUTO_INCREMENT,
  `id_pelatihan` int(10) NOT NULL,
  `photo` varchar(200) DEFAULT NULL,
  PRIMARY KEY (`id`),
  KEY `id_pelatihan` (`id_pelatihan`),
  CONSTRAINT `tbl_pelatihan_photo_ibfk_1` FOREIGN KEY (`id_pelatihan`) REFERENCES `tbl_pelatihan` (`id_pelatihan`) ON DELETE CASCADE
) ENGINE=InnoDB DEFAULT CHARSET=utf8mb4;
/*!40101 SET character_set_client = @saved_cs_client */;

--
-- Dumping data for table `tbl_pelatihan_photo`
--

LOCK TABLES `tbl_pelatihan_photo` WRITE;
/*!40000 ALTER TABLE `tbl_pelatihan_photo` DISABLE KEYS */;
/*!40000 ALTER TABLE `tbl_pelatihan_photo` ENABLE KEYS */;
UNLOCK TABLES;

--
-- Table structure for table `tbl_pendamping`
--

DROP TABLE IF EXISTS `tbl_pendamping`;
/*!40101 SET @saved_cs_client     = @@character_set_client */;
/*!40101 SET character_set_client = utf8 */;
CREATE TABLE `tbl_pendamping` (
  `id_pendamping` int(10) NOT NULL,
  `jenis_pendamping` enum('UEP','KUBE') DEFAULT NULL,
  `periode` varchar(4) DEFAULT NULL,
  `created_at` timestamp NULL DEFAULT NULL,
  `updated_at` timestamp NULL DEFAULT NULL,
  `created_by` varchar(20) DEFAULT NULL,
  `updated_by` varchar(20) DEFAULT NULL,
  PRIMARY KEY (`id_pendamping`),
  CONSTRAINT `tbl_pendamping_ibfk_1` FOREIGN KEY (`id_pendamping`) REFERENCES `tbl_user` (`id_user`) ON DELETE CASCADE ON UPDATE CASCADE
) ENGINE=InnoDB DEFAULT CHARSET=latin1;
/*!40101 SET character_set_client = @saved_cs_client */;

--
-- Dumping data for table `tbl_pendamping`
--

LOCK TABLES `tbl_pendamping` WRITE;
/*!40000 ALTER TABLE `tbl_pendamping` DISABLE KEYS */;
INSERT INTO `tbl_pendamping` VALUES (501,NULL,'2018',NULL,NULL,NULL,NULL),(502,NULL,'2018',NULL,NULL,NULL,NULL),(503,NULL,'2018',NULL,NULL,NULL,NULL),(504,NULL,'2018',NULL,NULL,NULL,NULL),(505,NULL,'2018',NULL,NULL,NULL,NULL),(506,NULL,'2018',NULL,NULL,NULL,NULL),(507,NULL,'2018',NULL,NULL,NULL,NULL),(508,NULL,'2018',NULL,NULL,NULL,NULL),(509,NULL,'2018',NULL,NULL,NULL,NULL),(510,NULL,'2018',NULL,NULL,NULL,NULL),(511,NULL,'2018',NULL,NULL,NULL,NULL),(512,NULL,'2018',NULL,NULL,NULL,NULL),(513,NULL,'2018',NULL,NULL,NULL,NULL),(514,NULL,'2018',NULL,NULL,NULL,NULL),(515,NULL,'2018',NULL,NULL,NULL,NULL),(516,NULL,'2018',NULL,NULL,NULL,NULL),(517,NULL,'2018',NULL,NULL,NULL,NULL),(518,NULL,'2018',NULL,NULL,NULL,NULL),(519,NULL,'2018',NULL,NULL,NULL,NULL),(520,NULL,'2018',NULL,NULL,NULL,NULL),(521,NULL,'2018',NULL,NULL,NULL,NULL),(522,NULL,'2018',NULL,NULL,NULL,NULL),(523,NULL,'2018',NULL,NULL,NULL,NULL),(524,NULL,'2018',NULL,NULL,NULL,NULL),(525,NULL,'2018',NULL,NULL,NULL,NULL),(526,NULL,'2018',NULL,NULL,NULL,NULL),(527,NULL,'2018',NULL,NULL,NULL,NULL),(528,NULL,'2018',NULL,NULL,NULL,NULL),(529,NULL,'2018',NULL,NULL,NULL,NULL),(530,NULL,'2018',NULL,NULL,NULL,NULL),(531,NULL,'2018',NULL,NULL,NULL,NULL),(532,NULL,'2018',NULL,NULL,NULL,NULL),(533,NULL,'2018',NULL,NULL,NULL,NULL),(534,NULL,'2018',NULL,NULL,NULL,NULL),(535,NULL,'2018',NULL,NULL,NULL,NULL),(536,NULL,'2018',NULL,NULL,NULL,NULL),(537,NULL,'2018',NULL,NULL,NULL,NULL),(538,NULL,'2018',NULL,NULL,NULL,NULL),(539,NULL,'2018',NULL,NULL,NULL,NULL),(540,NULL,'2018',NULL,NULL,NULL,NULL),(541,NULL,'2018',NULL,NULL,NULL,NULL),(542,NULL,'2018',NULL,NULL,NULL,NULL),(543,NULL,'2018',NULL,NULL,NULL,NULL),(544,NULL,'2018',NULL,NULL,NULL,NULL),(545,NULL,'2018',NULL,NULL,NULL,NULL),(546,NULL,'2018',NULL,NULL,NULL,NULL),(547,NULL,'2018',NULL,NULL,NULL,NULL),(548,NULL,'2018',NULL,NULL,NULL,NULL),(549,NULL,'2018',NULL,NULL,NULL,NULL),(550,NULL,'2018',NULL,NULL,NULL,NULL),(551,NULL,'2018',NULL,NULL,NULL,NULL),(552,NULL,'2018',NULL,NULL,NULL,NULL),(553,NULL,'2018',NULL,NULL,NULL,NULL),(554,NULL,'2018',NULL,NULL,NULL,NULL),(555,NULL,'2018',NULL,NULL,NULL,NULL),(556,NULL,'2018',NULL,NULL,NULL,NULL),(557,NULL,'2018',NULL,NULL,NULL,NULL),(558,NULL,'2018',NULL,NULL,NULL,NULL),(559,NULL,'2018',NULL,NULL,NULL,NULL),(560,NULL,'2018',NULL,NULL,NULL,NULL),(561,NULL,'2018',NULL,NULL,NULL,NULL),(562,NULL,'2018',NULL,NULL,NULL,NULL),(563,NULL,'2018',NULL,NULL,NULL,NULL),(564,NULL,'2018',NULL,NULL,NULL,NULL),(565,NULL,'2018',NULL,NULL,NULL,NULL),(566,NULL,'2018',NULL,NULL,NULL,NULL),(567,NULL,'2018',NULL,NULL,NULL,NULL),(568,NULL,'2018',NULL,NULL,NULL,NULL),(569,NULL,'2018',NULL,NULL,NULL,NULL),(570,NULL,'2018',NULL,NULL,NULL,NULL),(571,NULL,'2018',NULL,NULL,NULL,NULL),(572,NULL,'2018',NULL,NULL,NULL,NULL),(573,NULL,'2018',NULL,NULL,NULL,NULL),(574,NULL,'2018',NULL,NULL,NULL,NULL),(575,NULL,'2018',NULL,NULL,NULL,NULL),(576,NULL,'2018',NULL,NULL,NULL,NULL),(577,NULL,'2018',NULL,NULL,NULL,NULL),(578,NULL,'2018',NULL,NULL,NULL,NULL),(579,NULL,'2018',NULL,NULL,NULL,NULL),(580,NULL,'2018',NULL,NULL,NULL,NULL),(581,NULL,'2018',NULL,NULL,NULL,NULL),(582,NULL,'2018',NULL,NULL,NULL,NULL),(583,NULL,'2018',NULL,NULL,NULL,NULL),(584,NULL,'2018',NULL,NULL,NULL,NULL),(585,NULL,'2018',NULL,NULL,NULL,NULL),(586,NULL,'2018',NULL,NULL,NULL,NULL),(587,NULL,'2018',NULL,NULL,NULL,NULL),(588,NULL,'2018',NULL,NULL,NULL,NULL),(589,NULL,'2018',NULL,NULL,NULL,NULL),(590,NULL,'2018',NULL,NULL,NULL,NULL),(591,NULL,'2018',NULL,NULL,NULL,NULL),(592,NULL,'2018',NULL,NULL,NULL,NULL),(593,NULL,'2018',NULL,NULL,NULL,NULL),(594,NULL,'2018',NULL,NULL,NULL,NULL),(595,NULL,'2018',NULL,NULL,NULL,NULL),(596,NULL,'2018',NULL,NULL,NULL,NULL),(597,NULL,'2018',NULL,NULL,NULL,NULL),(598,NULL,'2018',NULL,NULL,NULL,NULL),(599,NULL,'2018',NULL,NULL,NULL,NULL),(600,NULL,'2018',NULL,NULL,NULL,NULL),(601,NULL,'2018',NULL,NULL,NULL,NULL),(602,NULL,'2018',NULL,NULL,NULL,NULL),(603,NULL,'2018',NULL,NULL,NULL,NULL),(604,NULL,'2018',NULL,NULL,NULL,NULL),(605,NULL,'2018',NULL,NULL,NULL,NULL),(606,NULL,'2018',NULL,NULL,NULL,NULL),(607,NULL,'2018',NULL,NULL,NULL,NULL),(608,NULL,'2018',NULL,NULL,NULL,NULL),(609,NULL,'2018',NULL,NULL,NULL,NULL),(610,NULL,'2018',NULL,NULL,NULL,NULL),(611,NULL,'2018',NULL,NULL,NULL,NULL),(612,NULL,'2018',NULL,NULL,NULL,NULL),(613,NULL,'2018',NULL,NULL,NULL,NULL),(614,NULL,'2018',NULL,NULL,NULL,NULL),(615,NULL,'2018',NULL,NULL,NULL,NULL),(616,NULL,'2018',NULL,NULL,NULL,NULL),(617,NULL,'2018',NULL,NULL,NULL,NULL),(618,NULL,'2018',NULL,NULL,NULL,NULL),(619,NULL,'2018',NULL,NULL,NULL,NULL),(620,NULL,'2018',NULL,NULL,NULL,NULL),(621,NULL,'2018',NULL,NULL,NULL,NULL),(622,NULL,'2018',NULL,NULL,NULL,NULL),(623,NULL,'2018',NULL,NULL,NULL,NULL),(624,NULL,'2018',NULL,NULL,NULL,NULL),(625,NULL,'2018',NULL,NULL,NULL,NULL),(626,NULL,'2018',NULL,NULL,NULL,NULL),(627,NULL,'2018',NULL,NULL,NULL,NULL),(628,NULL,'2018',NULL,NULL,NULL,NULL),(629,NULL,'2018',NULL,NULL,NULL,NULL),(630,NULL,'2018',NULL,NULL,NULL,NULL),(631,NULL,'2018',NULL,NULL,NULL,NULL),(632,NULL,'2018',NULL,NULL,NULL,NULL),(633,NULL,'2018',NULL,NULL,NULL,NULL),(634,NULL,'2018',NULL,NULL,NULL,NULL),(635,NULL,'2018',NULL,NULL,NULL,NULL),(636,NULL,'2018',NULL,NULL,NULL,NULL),(637,NULL,'2018',NULL,NULL,NULL,NULL),(638,NULL,'2018',NULL,NULL,NULL,NULL),(639,NULL,'2018',NULL,NULL,NULL,NULL),(640,NULL,'2018',NULL,NULL,NULL,NULL),(641,NULL,'2018',NULL,NULL,NULL,NULL),(642,NULL,'2018',NULL,NULL,NULL,NULL),(643,NULL,'2018',NULL,NULL,NULL,NULL),(644,NULL,'2018',NULL,NULL,NULL,NULL),(645,NULL,'2018',NULL,NULL,NULL,NULL),(646,NULL,'2018',NULL,NULL,NULL,NULL),(647,NULL,'2018',NULL,NULL,NULL,NULL),(648,NULL,'2018',NULL,NULL,NULL,NULL),(649,NULL,'2018',NULL,NULL,NULL,NULL),(650,NULL,'2018',NULL,NULL,NULL,NULL),(651,NULL,'2018',NULL,NULL,NULL,NULL),(652,NULL,'2018',NULL,NULL,NULL,NULL),(653,NULL,'2018',NULL,NULL,NULL,NULL),(654,NULL,'2018',NULL,NULL,NULL,NULL),(655,NULL,'2018',NULL,NULL,NULL,NULL),(656,NULL,'2018',NULL,NULL,NULL,NULL),(657,NULL,'2018',NULL,NULL,NULL,NULL),(658,NULL,'2018',NULL,NULL,NULL,NULL),(659,NULL,'2018',NULL,NULL,NULL,NULL),(660,NULL,'2018',NULL,NULL,NULL,NULL),(661,NULL,'2018',NULL,NULL,NULL,NULL),(662,NULL,'2018',NULL,NULL,NULL,NULL),(663,NULL,'2018',NULL,NULL,NULL,NULL),(664,NULL,'2018',NULL,NULL,NULL,NULL),(665,NULL,'2018',NULL,NULL,NULL,NULL),(666,NULL,'2018',NULL,NULL,NULL,NULL),(667,NULL,'2018',NULL,NULL,NULL,NULL),(668,NULL,'2018',NULL,NULL,NULL,NULL),(669,NULL,'2018',NULL,NULL,NULL,NULL),(670,NULL,'2018',NULL,NULL,NULL,NULL),(671,NULL,'2018',NULL,NULL,NULL,NULL),(672,NULL,'2018',NULL,NULL,NULL,NULL),(673,NULL,'2018',NULL,NULL,NULL,NULL),(674,NULL,'2018',NULL,NULL,NULL,NULL),(675,NULL,'2018',NULL,NULL,NULL,NULL),(676,NULL,'2018',NULL,NULL,NULL,NULL),(677,NULL,'2018',NULL,NULL,NULL,NULL),(678,NULL,'2018',NULL,NULL,NULL,NULL),(679,NULL,'2018',NULL,NULL,NULL,NULL),(680,NULL,'2018',NULL,NULL,NULL,NULL),(681,NULL,'2018',NULL,NULL,NULL,NULL),(682,NULL,'2018',NULL,NULL,NULL,NULL),(683,NULL,'2018',NULL,NULL,NULL,NULL),(684,NULL,'2018',NULL,NULL,NULL,NULL),(685,NULL,'2018',NULL,NULL,NULL,NULL),(686,NULL,'2018',NULL,NULL,NULL,NULL),(687,NULL,'2018',NULL,NULL,NULL,NULL),(688,NULL,'2018',NULL,NULL,NULL,NULL),(689,NULL,'2018',NULL,NULL,NULL,NULL),(690,NULL,'2018',NULL,NULL,NULL,NULL);
/*!40000 ALTER TABLE `tbl_pendamping` ENABLE KEYS */;
UNLOCK TABLES;

--
-- Table structure for table `tbl_photo`
--

DROP TABLE IF EXISTS `tbl_photo`;
/*!40101 SET @saved_cs_client     = @@character_set_client */;
/*!40101 SET character_set_client = utf8 */;
CREATE TABLE `tbl_photo` (
  `id_photo` int(10) NOT NULL AUTO_INCREMENT,
  `id_user` int(10) NOT NULL,
  `photo` varchar(255) DEFAULT NULL,
  `created_at` timestamp NOT NULL DEFAULT CURRENT_TIMESTAMP,
  `updated_at` timestamp NOT NULL DEFAULT CURRENT_TIMESTAMP ON UPDATE CURRENT_TIMESTAMP,
  PRIMARY KEY (`id_photo`)
) ENGINE=InnoDB AUTO_INCREMENT=2 DEFAULT CHARSET=latin1;
/*!40101 SET character_set_client = @saved_cs_client */;

--
-- Dumping data for table `tbl_photo`
--

LOCK TABLES `tbl_photo` WRITE;
/*!40000 ALTER TABLE `tbl_photo` DISABLE KEYS */;
INSERT INTO `tbl_photo` VALUES (1,0,'lokasi_photo_user','2019-10-04 07:32:00','2019-10-04 07:33:45');
/*!40000 ALTER TABLE `tbl_photo` ENABLE KEYS */;
UNLOCK TABLES;

--
-- Table structure for table `tbl_produk_photo`
--

DROP TABLE IF EXISTS `tbl_produk_photo`;
/*!40101 SET @saved_cs_client     = @@character_set_client */;
/*!40101 SET character_set_client = utf8 */;
CREATE TABLE `tbl_produk_photo` (
  `id` int(10) unsigned NOT NULL AUTO_INCREMENT,
  `id_produk_detail` int(10) NOT NULL,
  `photo` varchar(200) DEFAULT NULL,
  `is_diplay` enum('0','1') DEFAULT '0',
  PRIMARY KEY (`id`),
  KEY `id_produk_detail` (`id_produk_detail`),
  CONSTRAINT `tbl_produk_photo_ibfk_1` FOREIGN KEY (`id_produk_detail`) REFERENCES `tbl_jenis_usaha` (`id_jenis_usaha`) ON DELETE CASCADE
) ENGINE=InnoDB DEFAULT CHARSET=utf8mb4;
/*!40101 SET character_set_client = @saved_cs_client */;

--
-- Dumping data for table `tbl_produk_photo`
--

LOCK TABLES `tbl_produk_photo` WRITE;
/*!40000 ALTER TABLE `tbl_produk_photo` DISABLE KEYS */;
/*!40000 ALTER TABLE `tbl_produk_photo` ENABLE KEYS */;
UNLOCK TABLES;

--
-- Table structure for table `tbl_uep`
--

DROP TABLE IF EXISTS `tbl_uep`;
/*!40101 SET @saved_cs_client     = @@character_set_client */;
/*!40101 SET character_set_client = utf8 */;
CREATE TABLE `tbl_uep` (
  `id_uep` int(10) NOT NULL,
  `id_pendamping` int(10) DEFAULT NULL,
  `bantuan_modal` int(7) DEFAULT NULL,
  `status` smallint(1) DEFAULT '0',
  `created_at` timestamp NULL DEFAULT NULL,
  `updated_at` timestamp NULL DEFAULT NULL,
  `created_by` varchar(20) DEFAULT NULL,
  `updated_by` varchar(20) DEFAULT NULL,
  PRIMARY KEY (`id_uep`),
  KEY `id_pendamping` (`id_pendamping`),
  CONSTRAINT `tbl_uep_ibfk_2` FOREIGN KEY (`id_uep`) REFERENCES `tbl_user` (`id_user`) ON DELETE CASCADE ON UPDATE CASCADE,
  CONSTRAINT `tbl_uep_ibfk_3` FOREIGN KEY (`id_pendamping`) REFERENCES `tbl_pendamping` (`id_pendamping`) ON DELETE SET NULL ON UPDATE CASCADE
) ENGINE=InnoDB DEFAULT CHARSET=latin1;
/*!40101 SET character_set_client = @saved_cs_client */;

--
-- Dumping data for table `tbl_uep`
--

LOCK TABLES `tbl_uep` WRITE;
/*!40000 ALTER TABLE `tbl_uep` DISABLE KEYS */;
INSERT INTO `tbl_uep` VALUES (2,502,NULL,1,NULL,NULL,NULL,NULL),(3,510,NULL,NULL,NULL,NULL,NULL,NULL),(1377,646,10000000,1,NULL,NULL,NULL,NULL);
/*!40000 ALTER TABLE `tbl_uep` ENABLE KEYS */;
UNLOCK TABLES;

--
-- Table structure for table `tbl_user`
--

DROP TABLE IF EXISTS `tbl_user`;
/*!40101 SET @saved_cs_client     = @@character_set_client */;
/*!40101 SET character_set_client = utf8 */;
CREATE TABLE `tbl_user` (
  `id_user` int(10) NOT NULL AUTO_INCREMENT,
  `nik` varchar(16) DEFAULT NULL,
  `no_kk` varchar(16) DEFAULT NULL,
  `nama` varchar(30) DEFAULT NULL,
  `jenis_kelamin` enum('L','P') DEFAULT NULL,
  `tempat_lahir` varchar(30) DEFAULT NULL,
  `tgl_lahir` date DEFAULT NULL,
  `alamat` varchar(50) DEFAULT NULL,
  `id_kelurahan` varchar(10) DEFAULT NULL,
  `id_kecamatan` int(6) DEFAULT NULL,
  `id_kabupaten` int(4) DEFAULT NULL,
  `email` varchar(30) DEFAULT NULL,
  `no_hp` varchar(15) DEFAULT NULL,
  `photo` blob,
  `created_at` timestamp NOT NULL DEFAULT CURRENT_TIMESTAMP,
  `updated_at` timestamp NOT NULL DEFAULT CURRENT_TIMESTAMP ON UPDATE CURRENT_TIMESTAMP,
  `created_by` varchar(20) DEFAULT NULL,
  `updated_by` varchar(20) DEFAULT NULL,
  PRIMARY KEY (`id_user`),
  KEY `kelurahan` (`id_kelurahan`),
  KEY `kecamatan` (`id_kecamatan`),
  KEY `kabupaten` (`id_kabupaten`),
  CONSTRAINT `tbl_user_ibfk_1` FOREIGN KEY (`id_kelurahan`) REFERENCES `tbl_kelurahan` (`id_kelurahan`) ON DELETE SET NULL ON UPDATE CASCADE,
  CONSTRAINT `tbl_user_ibfk_2` FOREIGN KEY (`id_kabupaten`) REFERENCES `tbl_kabupaten` (`id_kabupaten`) ON DELETE SET NULL ON UPDATE CASCADE,
  CONSTRAINT `tbl_user_ibfk_3` FOREIGN KEY (`id_kecamatan`) REFERENCES `tbl_kecamatan` (`id_kecamatan`) ON DELETE SET NULL ON UPDATE CASCADE
) ENGINE=InnoDB AUTO_INCREMENT=1378 DEFAULT CHARSET=utf8;
/*!40101 SET character_set_client = @saved_cs_client */;

--
-- Dumping data for table `tbl_user`
--

LOCK TABLES `tbl_user` WRITE;
/*!40000 ALTER TABLE `tbl_user` DISABLE KEYS */;
INSERT INTO `tbl_user` VALUES (2,'3173015208770013','3173011806111021','NURHAYANAH',NULL,NULL,NULL,'JL.BAMBU LARANGAN RT.03/05','3173011001',317301,3173,NULL,NULL,NULL,'2019-10-25 08:34:38','2019-10-25 08:35:06',NULL,NULL),(3,'3173017112780056','3173012302110114','NURYATI',NULL,NULL,NULL,'JL.BAMBU LARANGAN RT.03/05','3173011001',317301,3173,NULL,NULL,NULL,'2019-10-25 08:34:38','2019-10-25 08:35:06',NULL,NULL),(4,'3173014205640015','3173010706100013','SAANIH ADIS',NULL,NULL,NULL,'JL.BAMBU LARANGAN RT.03/05','3173011001',317301,3173,NULL,NULL,NULL,'2019-10-25 08:34:38','2019-10-25 08:35:06',NULL,NULL),(5,'3173016407730001','3173011712100077','SUMIATUN',NULL,NULL,NULL,'JL.BAMBU LARANGAN RT.03/05','3173011001',317301,3173,NULL,NULL,NULL,'2019-10-25 08:34:38','2019-10-25 08:35:06',NULL,NULL),(6,'3173014206580004','3173012201097824','ATMAH',NULL,NULL,NULL,'JL.BAMBU LARANGAN RT.03/05','3173011001',317301,3173,NULL,NULL,NULL,'2019-10-25 08:34:38','2019-10-25 08:35:06',NULL,NULL),(7,'3173015210610009','3173012201097844','ASNAWATI',NULL,NULL,NULL,'JL.BAMBU LARANGAN RT.03/05','3173011001',317301,3173,NULL,NULL,NULL,'2019-10-25 08:34:38','2019-10-25 08:35:06',NULL,NULL),(8,'3173015705680013','3173012201097820','HALIMAH',NULL,NULL,NULL,'JL.BAMBU LARANGAN RT.03/05','3173011001',317301,3173,NULL,NULL,NULL,'2019-10-25 08:34:38','2019-10-25 08:35:06',NULL,NULL),(9,'3173015709610009','3173012912090006','KEMBAR',NULL,NULL,NULL,'JL.BAMBU LARANGAN RT.03/05','3173011001',317301,3173,NULL,NULL,NULL,'2019-10-25 08:34:38','2019-10-25 08:35:06',NULL,NULL),(10,'3173014907710001','3173012401090361','YANAH',NULL,NULL,NULL,'JL.BAMBU LARANGAN RT.03/05','3173011001',317301,3173,NULL,NULL,NULL,'2019-10-25 08:34:38','2019-10-25 08:35:06',NULL,NULL),(11,'3173015303830008','3173012501092975','FITRI SARI',NULL,NULL,NULL,'KAMAL RAYA RT.06/08','3173011001',317301,3173,NULL,NULL,NULL,'2019-10-25 08:34:38','2019-10-25 08:35:06',NULL,NULL),(12,'3173014405770001','3173012501091562','SIMAH',NULL,NULL,NULL,'KAMAL RAYA RT.04/08','3173011001',317301,3173,NULL,NULL,NULL,'2019-10-25 08:34:38','2019-10-25 08:35:06',NULL,NULL),(13,'3173015508860012','3173012501092208','ARFIAH',NULL,NULL,NULL,'JL.FLAMBOYAN RT.04/08','3173011001',317301,3173,NULL,NULL,NULL,'2019-10-25 08:34:38','2019-10-25 08:35:06',NULL,NULL),(14,'3173014509720010','3173011204170012','HALIMAH',NULL,NULL,NULL,'JL.FLAMBOYAN RT.04/08','3173011001',317301,3173,NULL,NULL,NULL,'2019-10-25 08:34:38','2019-10-25 08:35:06',NULL,NULL),(15,'3173016504740008','3173012501092622','MURSINI',NULL,NULL,NULL,'JL.FLAMBOYAN RT.04/08','3173011001',317301,3173,NULL,NULL,NULL,'2019-10-25 08:34:38','2019-10-25 08:35:06',NULL,NULL),(16,'3173014905790008','3173012301094320','DEWI ROSA.L',NULL,NULL,NULL,'JL.FLAMBOYAN RT.04/08','3173011001',317301,3173,NULL,NULL,NULL,'2019-10-25 08:34:38','2019-10-25 08:35:06',NULL,NULL),(17,'3173014411800009','3173012009100104','ADE ROHILAH',NULL,NULL,NULL,'JL.FLAMBOYAN IV RT.06/08','3173011001',317301,3173,NULL,NULL,NULL,'2019-10-25 08:34:38','2019-10-25 08:35:06',NULL,NULL),(18,'3173016301750014','3173012201099418','MARYANI',NULL,NULL,NULL,'KAMAL RAYA RT.04/08','3173011001',317301,3173,NULL,NULL,NULL,'2019-10-25 08:34:38','2019-10-25 08:35:06',NULL,NULL),(19,'3173016105680005','3173012401091452','NURHAYANAH',NULL,NULL,NULL,'JL.FLAMBOYAN III RT.04/08','3173011001',317301,3173,NULL,NULL,NULL,'2019-10-25 08:34:38','2019-10-25 08:35:06',NULL,NULL),(20,'3173014708690011','3173012301097991','INAH',NULL,NULL,NULL,'KAMAL RAYA RT.04/08','3173011001',317301,3173,NULL,NULL,NULL,'2019-10-25 08:34:38','2019-10-25 08:35:06',NULL,NULL),(21,'3173015002720001','3173012301090601','MULYANI BT.M',NULL,NULL,NULL,'JL.JAYA 25 KENANGA RT.01/10','3173011001',317301,3173,NULL,NULL,NULL,'2019-10-25 08:34:38','2019-10-25 08:35:06',NULL,NULL),(22,'3173015405830008','3173012401096328','SAAMIH',NULL,NULL,NULL,'JL.RAYA JAYA 25  RT.02/10','3173011001',317301,3173,NULL,NULL,NULL,'2019-10-25 08:34:38','2019-10-25 08:35:06',NULL,NULL),(23,'3173015510850024','3173011302110017','ARNASIH',NULL,NULL,NULL,'JL.RAYA JAYA 25  RT.01/10','3173011001',317301,3173,NULL,NULL,NULL,'2019-10-25 08:34:38','2019-10-25 08:35:06',NULL,NULL),(24,'3173014710760009','3173010807100031','ANDRIYANI',NULL,NULL,NULL,'JL.JAYA 25 KENANGA RT.01/10','3173011001',317301,3173,NULL,NULL,NULL,'2019-10-25 08:34:38','2019-10-25 08:35:06',NULL,NULL),(25,'3173015602820006','3173012007100019','FITNAR RAEDA',NULL,NULL,NULL,'JL.JAYA 25 KENANGA RT.01/10','3173011001',317301,3173,NULL,NULL,NULL,'2019-10-25 08:34:38','2019-10-25 08:35:06',NULL,NULL),(26,'3173014311720010','3173012401097100','BARIAH',NULL,NULL,NULL,'JL.RAYA JAYA 25  RT.01/10','3173011001',317301,3173,NULL,NULL,NULL,'2019-10-25 08:34:38','2019-10-25 08:35:06',NULL,NULL),(27,'3173015808820017','3173012106111081','MUMUN MUNAWATI',NULL,NULL,NULL,'JL.RAYA JAYA 25  RT.02/10','3173011001',317301,3173,NULL,NULL,NULL,'2019-10-25 08:34:38','2019-10-25 08:35:06',NULL,NULL),(28,'3173015703750011','3173012401094501','MAISYAROH',NULL,NULL,NULL,'JL.RAYA JAYA 25  RT.02/10','3173011001',317301,3173,NULL,NULL,NULL,'2019-10-25 08:34:38','2019-10-25 08:35:06',NULL,NULL),(29,'3173015003800022','3173011302110017','DASMAWATI',NULL,NULL,NULL,'JL.RAYA JAYA 25  RT.01/10','3173011001',317301,3173,NULL,NULL,NULL,'2019-10-25 08:34:38','2019-10-25 08:35:06',NULL,NULL),(30,'3173016503790001','3173012501092618','SUMIYATI',NULL,NULL,NULL,'JL.RAYA JAYA 25  RT.02/10','3173011001',317301,3173,NULL,NULL,NULL,'2019-10-25 08:34:38','2019-10-25 08:35:06',NULL,NULL),(31,'3173065107790001','3173011301110097','SAODAH',NULL,NULL,NULL,'JL.KAMAL RAYA JAYA7 RT.04/09','3173011001',317301,3173,NULL,NULL,NULL,'2019-10-25 08:34:38','2019-10-25 08:35:06',NULL,NULL),(32,'3173014702750002','3173012301090153','HAMIDAH',NULL,NULL,NULL,'JL.MENCENG RAYA RT.01/09','3173011001',317301,3173,NULL,NULL,NULL,'2019-10-25 08:34:38','2019-10-25 08:35:06',NULL,NULL),(33,'3173016912720005','3173010601100148','EKA PUSPA SARI',NULL,NULL,NULL,'JL.JAYA VI RT.06/09','3173011001',317301,3173,NULL,NULL,NULL,'2019-10-25 08:34:38','2019-10-25 08:35:06',NULL,NULL),(34,'3173016005751001','3173010404111065','RODIYAH',NULL,NULL,NULL,'JL.JAYA VII RT.07/09','3173011001',317301,3173,NULL,NULL,NULL,'2019-10-25 08:34:38','2019-10-25 08:35:06',NULL,NULL),(35,'3173064306730012','3173011205170023','ROHIMAH',NULL,NULL,NULL,'JL.JAYA RAYA RT.07/09','3173011001',317301,3173,NULL,NULL,NULL,'2019-10-25 08:34:38','2019-10-25 08:35:06',NULL,NULL),(36,'3173014110810010','3173012301093379','BUDI YANTI',NULL,NULL,NULL,'JL.JAYA VIII RT.07/09','3173011001',317301,3173,NULL,NULL,NULL,'2019-10-25 08:34:38','2019-10-25 08:35:06',NULL,NULL),(37,'3173015101880007','3173012401096077','EMUL YASARI',NULL,NULL,NULL,'KAMAL RAYA NO,30 RT.07/09','3173011001',317301,3173,NULL,NULL,NULL,'2019-10-25 08:34:38','2019-10-25 08:35:06',NULL,NULL),(38,'3173014810750007','3173012501094560','DINAWATI',NULL,NULL,NULL,'JL.JAYA VIII RT.07/09','3173011001',317301,3173,NULL,NULL,NULL,'2019-10-25 08:34:38','2019-10-25 08:35:06',NULL,NULL),(39,'3173016811780010','3173012102130032','MUNIROH',NULL,NULL,NULL,'JL.JAYA VII RT.04/09','3173011001',317301,3173,NULL,NULL,NULL,'2019-10-25 08:34:38','2019-10-25 08:35:06',NULL,NULL),(40,'3173016411000008','3173010202120016','DEWI SUMARNI',NULL,NULL,NULL,'JL.JAYA VII RT.04/09','3173011001',317301,3173,NULL,NULL,NULL,'2019-10-25 08:34:38','2019-10-25 08:35:06',NULL,NULL),(41,'3173016210750002','3173011501090787','SUAERI',NULL,NULL,NULL,'JL.JEMBATAN GANTUNG RT.05/08','3173011004',317301,3173,NULL,NULL,NULL,'2019-10-25 08:34:38','2019-10-25 08:35:06',NULL,NULL),(42,'3173016303720012','3173011501093575','SITI KOMARIYAH',NULL,NULL,NULL,'JL.JEMBATAN GANTUNG RT.05/08','3173011004',317301,3173,NULL,NULL,NULL,'2019-10-25 08:34:38','2019-10-25 08:35:06',NULL,NULL),(43,'3173016507850016','3173011106131013','ICAH WATI',NULL,NULL,NULL,'JL.JEMBATAN GANTUNG RT.05/08','3173011004',317301,3173,NULL,NULL,NULL,'2019-10-25 08:34:38','2019-10-25 08:35:06',NULL,NULL),(44,'3173016007830009','3173011501090799','MAISAH',NULL,NULL,NULL,'JL.JEMBATAN GANTUNG RT.05/08','3173011004',317301,3173,NULL,NULL,NULL,'2019-10-25 08:34:38','2019-10-25 08:35:06',NULL,NULL),(45,'3173017006770006','3173011601093810','JUBAEDAH',NULL,NULL,NULL,'JL.JEMBATAN GANTUNG RT.05/08','3173011004',317301,3173,NULL,NULL,NULL,'2019-10-25 08:34:38','2019-10-25 08:35:06',NULL,NULL),(46,'3173014508640011','3173011601092562','SAANAH',NULL,NULL,NULL,'JL.JEMBATAN GANTUNG RT.05/08','3173011004',317301,3173,NULL,NULL,NULL,'2019-10-25 08:34:38','2019-10-25 08:35:06',NULL,NULL),(47,'3173015702590003','3173011501093060','YUMANIH',NULL,NULL,NULL,'JL.JEMBATAN GANTUNG RT.05/08','3173011004',317301,3173,NULL,NULL,NULL,'2019-10-25 08:34:38','2019-10-25 08:35:06',NULL,NULL),(48,'3173015306730009','3173011601093060','ENDANG SUPRIHATIN',NULL,NULL,NULL,'JL.JEMBATAN GANTUNG RT.05/08','3173011004',317301,3173,NULL,NULL,NULL,'2019-10-25 08:34:38','2019-10-25 08:35:06',NULL,NULL),(49,'3173016102780004','3173011501098667','ISMAWATI',NULL,NULL,NULL,'JL.JEMBATAN GANTUNG RT.05/08','3173011004',317301,3173,NULL,NULL,NULL,'2019-10-25 08:34:38','2019-10-25 08:35:06',NULL,NULL),(50,'3173015810681001','3173011706111039','ROMINAH',NULL,NULL,NULL,'JL.JEMBATAN GANTUNG RT.05/08','3173011004',317301,3173,NULL,NULL,NULL,'2019-10-25 08:34:38','2019-10-25 08:35:06',NULL,NULL),(51,'3173014211680005','3173011501097913','MUHIMAH',NULL,NULL,NULL,'JL.JEMBATAN GANTUNG RT.06/08','3173011004',317301,3173,NULL,NULL,NULL,'2019-10-25 08:34:38','2019-10-25 08:35:06',NULL,NULL),(52,'3173016911540005','3173011501090820','MARYAMAH',NULL,NULL,NULL,'JL.JEMBATAN GANTUNG RT.06/08','3173011004',317301,3173,NULL,NULL,NULL,'2019-10-25 08:34:38','2019-10-25 08:35:06',NULL,NULL),(53,'3173014912700008','3173010504100019','HASANAH',NULL,NULL,NULL,'JL.JEMBATAN GANTUNG RT.06/08','3173011004',317301,3173,NULL,NULL,NULL,'2019-10-25 08:34:38','2019-10-25 08:35:06',NULL,NULL),(54,'3173014903840001','3173011501095076','MARIATI',NULL,NULL,NULL,'JL.JEMBATAN GANTUNG RT.06/08','3173011004',317301,3173,NULL,NULL,NULL,'2019-10-25 08:34:38','2019-10-25 08:35:06',NULL,NULL),(55,'3173016610920011','3173010103100045','NENENG KIBTIYAH',NULL,NULL,NULL,'JL.JEMBATAN GANTUNG RT.06/08','3173011004',317301,3173,NULL,NULL,NULL,'2019-10-25 08:34:38','2019-10-25 08:35:06',NULL,NULL),(56,'3173014903840001','3173011501095076','HARYANTI',NULL,NULL,NULL,'JL.JEMBATAN GANTUNG RT.06/08','3173011004',317301,3173,NULL,NULL,NULL,'2019-10-25 08:34:38','2019-10-25 08:35:06',NULL,NULL),(57,'3173016403740002','3173011601090734','YANI MARYANI',NULL,NULL,NULL,'JL.JEMBATAN GANTUNG RT.06/08','3173011004',317301,3173,NULL,NULL,NULL,'2019-10-25 08:34:38','2019-10-25 08:35:06',NULL,NULL),(58,'3173014501720010','3173011501099197','PATMAWATI',NULL,NULL,NULL,'JL.JEMBATAN GANTUNG RT.06/08','3173011004',317301,3173,NULL,NULL,NULL,'2019-10-25 08:34:38','2019-10-25 08:35:06',NULL,NULL),(59,'3173015912740008','3173010803100120','SURATMI',NULL,NULL,NULL,'JL.JEMBATAN GANTUNG RT.06/08','3173011004',317301,3173,NULL,NULL,NULL,'2019-10-25 08:34:38','2019-10-25 08:35:06',NULL,NULL),(60,'3173016709730003','3173011501099668','SOPIYAH',NULL,NULL,NULL,'JL.JEMBATAN GANTUNG RT.06/08','3173011004',317301,3173,NULL,NULL,NULL,'2019-10-25 08:34:38','2019-10-25 08:35:06',NULL,NULL),(61,'3173015006560003','3173011301096923','SEMI',NULL,NULL,NULL,'KP.UTAN BAHGIA RT.10/07','3173011006',317301,3173,NULL,NULL,NULL,'2019-10-25 08:34:38','2019-10-25 08:35:06',NULL,NULL),(62,'3173016009580004','3173011905111116','SITI FATIMAH',NULL,NULL,NULL,'KP.UTAN BAHGIA RT.10/07','3173011006',317301,3173,NULL,NULL,NULL,'2019-10-25 08:34:38','2019-10-25 08:35:06',NULL,NULL),(63,'3173010702031008','3173011101131089','NENIH',NULL,NULL,NULL,'KP.UTAN BAHGIA RT.10/07','3173011006',317301,3173,NULL,NULL,NULL,'2019-10-25 08:34:38','2019-10-25 08:35:06',NULL,NULL),(64,'3173015110770003','3173011101096545','NURHASANAH',NULL,NULL,NULL,'KP.UTAN BAHGIA RT.10/07','3173011006',317301,3173,NULL,NULL,NULL,'2019-10-25 08:34:38','2019-10-25 08:35:06',NULL,NULL),(65,'3173015205610012','3173011001099919','AAS ASMAWATI',NULL,NULL,NULL,'KP.UTAN BAHGIA RT.10/07','3173011006',317301,3173,NULL,NULL,NULL,'2019-10-25 08:34:38','2019-10-25 08:35:06',NULL,NULL),(66,'3173016607830005','3173011005131019','RATNASARI',NULL,NULL,NULL,'FAJAR BARU SELATAN RT.12/07','3173011006',317301,3173,NULL,NULL,NULL,'2019-10-25 08:34:38','2019-10-25 08:35:06',NULL,NULL),(67,'3173015004520002','3173011401096214','UNAH',NULL,NULL,NULL,'KP.UTAN BAHGIA RT.10/07','3173011006',317301,3173,NULL,NULL,NULL,'2019-10-25 08:34:38','2019-10-25 08:35:06',NULL,NULL),(68,'3173015607660004','3173011201092870','SUKAESIH',NULL,NULL,NULL,'KP.UTAN BAHGIA RT.03/07','3173011006',317301,3173,NULL,NULL,NULL,'2019-10-25 08:34:38','2019-10-25 08:35:06',NULL,NULL),(69,'3173017112620027','3173011001099854','TITI ROHMAH',NULL,NULL,NULL,'KP.UTAN BAHGIA RT.10/07','3173011006',317301,3173,NULL,NULL,NULL,'2019-10-25 08:34:38','2019-10-25 08:35:06',NULL,NULL),(70,'3173014511570004','3173011001099846','AMINAH',NULL,NULL,NULL,'KP.UTAN BAHGIA RT.10/07','3173011006',317301,3173,NULL,NULL,NULL,'2019-10-25 08:34:38','2019-10-25 08:35:06',NULL,NULL),(71,'3173014309710005','3173011401094400','NURHIMAH',NULL,NULL,NULL,'JL KAYU BESAR RT. 13/11','3173011006',317301,3173,NULL,NULL,NULL,'2019-10-25 08:34:38','2019-10-25 08:35:06',NULL,NULL),(72,'3173025203540008','3173010611100040','YUNI',NULL,NULL,NULL,'JL KAYU BESAR RT. 13/11','3173011006',317301,3173,NULL,NULL,NULL,'2019-10-25 08:34:38','2019-10-25 08:35:06',NULL,NULL),(73,'3173014508600008','3173011101092593','JUNI',NULL,NULL,NULL,'JL KAYU BESAR RT. 13/11','3173011006',317301,3173,NULL,NULL,NULL,'2019-10-25 08:34:38','2019-10-25 08:35:06',NULL,NULL),(74,'3173015412690008','3173011401090636','UNIH',NULL,NULL,NULL,'JL KAYU BESAR RT. 06/11','3173011006',317301,3173,NULL,NULL,NULL,'2019-10-25 08:34:38','2019-10-25 08:35:06',NULL,NULL),(75,'3173015000720023','3173011406100168','SUHARTI',NULL,NULL,NULL,'JL KAYU BESAR RT. 11/11','3173011006',317301,3173,NULL,NULL,NULL,'2019-10-25 08:34:38','2019-10-25 08:35:06',NULL,NULL),(76,'3173015512810019','3173011102110043','DEDE ROSDIANA',NULL,NULL,NULL,'JL KAYU BESAR RT. 12/11','3173011006',317301,3173,NULL,NULL,NULL,'2019-10-25 08:34:38','2019-10-25 08:35:06',NULL,NULL),(77,'3173014506730026','3173011706100128','NURHASANAH',NULL,NULL,NULL,'JL KAYU BESAR RT. 11/11','3173011006',317301,3173,NULL,NULL,NULL,'2019-10-25 08:34:38','2019-10-25 08:35:06',NULL,NULL),(78,'3173012105900017','3173011240811061','WATINAH',NULL,NULL,NULL,'JL KAYU BESAR RT. 12/11','3173011006',317301,3173,NULL,NULL,NULL,'2019-10-25 08:34:38','2019-10-25 08:35:06',NULL,NULL),(79,'3173014508580021','3173011710110110','KOMARIYAH',NULL,NULL,NULL,'JL KAYU BESAR RT. 06/11','3173011006',317301,3173,NULL,NULL,NULL,'2019-10-25 08:34:38','2019-10-25 08:35:06',NULL,NULL),(80,'3173015806600014','3173011101092343','ERNIH',NULL,NULL,NULL,'JL KAYU BESAR RT. 12/11','3173011006',317301,3173,NULL,NULL,NULL,'2019-10-25 08:34:38','2019-10-25 08:35:06',NULL,NULL),(81,'3173015602710011','3173011301090250','UUN ULIMANA',NULL,NULL,NULL,'JL.BANGUN NUSA RAYA RT.01/03','3173011006',317301,3173,NULL,NULL,NULL,'2019-10-25 08:34:38','2019-10-25 08:35:06',NULL,NULL),(82,'3173015906940011','3173010801151021','DIAN WAHYUNI',NULL,NULL,NULL,'JL.BANGUN NUSA RAYA RT.03/03','3173011006',317301,3173,NULL,NULL,NULL,'2019-10-25 08:34:38','2019-10-25 08:35:06',NULL,NULL),(83,'3173015809650010','3173010508100040','RINA',NULL,NULL,NULL,'JL.BANGUN NUSA RAYA RT.04/03','3173011006',317301,3173,NULL,NULL,NULL,'2019-10-25 08:34:38','2019-10-25 08:35:06',NULL,NULL),(84,'3173014302500004','3173012112150029','MAISAROH',NULL,NULL,NULL,'JL.BANGUN NUSA RAYA RT.02/03','3173011006',317301,3173,NULL,NULL,NULL,'2019-10-25 08:34:38','2019-10-25 08:35:06',NULL,NULL),(85,'3173016810360002','3173011401094570','SAIHA',NULL,NULL,NULL,'JL.BANGUN NUSA RAYA RT.03/03','3173011006',317301,3173,NULL,NULL,NULL,'2019-10-25 08:34:38','2019-10-25 08:35:06',NULL,NULL),(86,'3173014807460001','3173011401090980','RAMANI',NULL,NULL,NULL,'JL.BANGUN NUSA RAYA RT.02/03','3173011006',317301,3173,NULL,NULL,NULL,'2019-10-25 08:34:38','2019-10-25 08:35:06',NULL,NULL),(87,'3173014810591001','3173011412121096','ROHANI',NULL,NULL,NULL,'JL.BANGUN NUSA RAYA RT.04/03','3173011006',317301,3173,NULL,NULL,NULL,'2019-10-25 08:34:38','2019-10-25 08:35:06',NULL,NULL),(88,'3173016202670006','3173011704131018','ANI',NULL,NULL,NULL,'JL.BANGUN NUSA RAYA RT.03/03','3173011006',317301,3173,NULL,NULL,NULL,'2019-10-25 08:34:38','2019-10-25 08:35:06',NULL,NULL),(89,'3173015608630004','3173011209111008','JUBAEDAH',NULL,NULL,NULL,'JL.BANGUN NUSA RAYA RT.04/03','3173011006',317301,3173,NULL,NULL,NULL,'2019-10-25 08:34:38','2019-10-25 08:35:06',NULL,NULL),(90,'3173046003580005','3173011001121017','ASLIYAH',NULL,NULL,NULL,'JL.BANGUN NUSA RAYA RT.03/03','3173011006',317301,3173,NULL,NULL,NULL,'2019-10-25 08:34:38','2019-10-25 08:35:06',NULL,NULL),(91,'3173016101800005','3173011401091140','SETYA RAHAYU',NULL,NULL,NULL,'JL.KINCIR RAYA RT. 06/06','3173011006',317301,3173,NULL,NULL,NULL,'2019-10-25 08:34:38','2019-10-25 08:35:06',NULL,NULL),(92,'3304035512800000','3173012011141018','PARSINI',NULL,NULL,NULL,'JL.KINCIR RAYA RT. 16/06','3173011006',317301,3173,NULL,NULL,NULL,'2019-10-25 08:34:38','2019-10-25 08:35:06',NULL,NULL),(93,'3173016308570000','3173011401095223','HADIDJAH',NULL,NULL,NULL,'JL.KINCIR RAYA RT. 08/06','3173011006',317301,3173,NULL,NULL,NULL,'2019-10-25 08:34:38','2019-10-25 08:35:06',NULL,NULL),(94,'3173016007660011','3173010810100108','NURHAYATI',NULL,NULL,NULL,'KP.UTAN BAHAGIA  RT. 07/06','3173011006',317301,3173,NULL,NULL,NULL,'2019-10-25 08:34:38','2019-10-25 08:35:06',NULL,NULL),(95,'3173016010690012','3173011001099510','SAMILAH',NULL,NULL,NULL,'KP.UTAN BAHAGIA  RT. 16/06','3173011006',317301,3173,NULL,NULL,NULL,'2019-10-25 08:34:38','2019-10-25 08:35:06',NULL,NULL),(96,'3173016209740012','3173011703110130','KARYATUN',NULL,NULL,NULL,'KP.UTAN BAHAGIA  RT. 07/06','3173011006',317301,3173,NULL,NULL,NULL,'2019-10-25 08:34:38','2019-10-25 08:35:06',NULL,NULL),(97,'3173016905580003','3173012510131006','KHASANAH',NULL,NULL,NULL,'KP.UTAN BAHAGIA  RT. 16/06','3173011006',317301,3173,NULL,NULL,NULL,'2019-10-25 08:34:38','2019-10-25 08:35:06',NULL,NULL),(98,'3173015011510004','3173011703110138','DJURIAH',NULL,NULL,NULL,'JL.KINCIR RAYA RT. 10/06','3173011006',317301,3173,NULL,NULL,NULL,'2019-10-25 08:34:38','2019-10-25 08:35:06',NULL,NULL),(99,'3173014506670001','3173011101096804','YUNIAR',NULL,NULL,NULL,'KP.UTAN BAHAGIA  RT. 03/06','3173011006',317301,3173,NULL,NULL,NULL,'2019-10-25 08:34:38','2019-10-25 08:35:06',NULL,NULL),(100,'3173014312560008','3173011001099129','WINTARSIH',NULL,NULL,NULL,'KP.UTAN BAHAGIA  RT. 03/06','3173011006',317301,3173,NULL,NULL,NULL,'2019-10-25 08:34:38','2019-10-25 08:35:06',NULL,NULL),(101,'3173055402961003','3173011601151040','ENI WIHARTI BT.S',NULL,NULL,NULL,'RUSUNAWA PERSAKIH B.A RT.13/14','3173011002',317301,3173,NULL,NULL,NULL,'2019-10-25 08:34:38','2019-10-25 08:35:06',NULL,NULL),(102,'3173014606660009','3173010501151097','KASTURI',NULL,NULL,NULL,'RUSUNAWA PERSAKIH B.B RT.10/14','3173011002',317301,3173,NULL,NULL,NULL,'2019-10-25 08:34:38','2019-10-25 08:35:06',NULL,NULL),(103,'3173025107710003','3173011020111052','UTI',NULL,NULL,NULL,'RUSUNAWA PERSAKIH B.B RT.16/14','3173011002',317301,3173,NULL,NULL,NULL,'2019-10-25 08:34:38','2019-10-25 08:35:06',NULL,NULL),(104,'3173015804691001','3173012201151054','ROSMIDA LUBIS',NULL,NULL,NULL,'RUSUNAWA PERSAKIH B.B RT.16/14','3173011002',317301,3173,NULL,NULL,NULL,'2019-10-25 08:34:38','2019-10-25 08:35:06',NULL,NULL),(105,'3173015602600010','3173012101151039','ERNAH',NULL,NULL,NULL,'RUSUNAWA PERSAKIH B.B RT.16/14','3173011002',317301,3173,NULL,NULL,NULL,'2019-10-25 08:34:38','2019-10-25 08:35:06',NULL,NULL),(106,'3173054505720036','3173012201151100','MIMIN',NULL,NULL,NULL,'RUSUNAWA PERSAKIH B.A RT.14/14','3173011002',317301,3173,NULL,NULL,NULL,'2019-10-25 08:34:38','2019-10-25 08:35:06',NULL,NULL),(107,'3173074111920002','3173013101151018','NURJANAH',NULL,NULL,NULL,'RUSUNAWA PERSAKIH B.B RT.16/14','3173011002',317301,3173,NULL,NULL,NULL,'2019-10-25 08:34:38','2019-10-25 08:35:06',NULL,NULL),(108,'3173016010690006','3173012701151065','SRI SUGIARTI',NULL,NULL,NULL,'RUSUNAWA PERSAKIH B.A RT.17/14','3173011002',317301,3173,NULL,NULL,NULL,'2019-10-25 08:34:38','2019-10-25 08:35:06',NULL,NULL),(109,'3173054305810017','3173010501151138','MONIKA YULIANTI',NULL,NULL,NULL,'RUSUNAWA PERSAKIH B.B RT.10/14','3173011002',317301,3173,NULL,NULL,NULL,'2019-10-25 08:34:38','2019-10-25 08:35:06',NULL,NULL),(110,'3175055704660008','3173010701151141','KASINAH',NULL,NULL,NULL,'RUSUNAWA PERSAKIH B.B RT.16/14','3173011002',317301,3173,NULL,NULL,NULL,'2019-10-25 08:34:38','2019-10-25 08:35:06',NULL,NULL),(111,'3173055106920001','3173010501151115','TRI UTAMI',NULL,NULL,NULL,'RUSUNAWA PERSAKIH B.C RT.11/14','3173011002',317301,3173,NULL,NULL,NULL,'2019-10-25 08:34:38','2019-10-25 08:35:06',NULL,NULL),(112,'3173016211750029','3173012101151051','SARAH',NULL,NULL,NULL,'RUSUNAWA PERSAKIH B.I RT.16/14','3173011002',317301,3173,NULL,NULL,NULL,'2019-10-25 08:34:38','2019-10-25 08:35:06',NULL,NULL),(113,'3173010406560006','3173010601151072','SUPAR',NULL,NULL,NULL,'RUSUNAWA PERSAKIH B.A RT.13/14','3173011002',317301,3173,NULL,NULL,NULL,'2019-10-25 08:34:38','2019-10-25 08:35:06',NULL,NULL),(114,'3173056404831002','3173012201151063','APRIYANI LESTARI',NULL,NULL,NULL,'RUSUNAWA PERSAKIH B.I RT.16/14','3173011002',317301,3173,NULL,NULL,NULL,'2019-10-25 08:34:38','2019-10-25 08:35:06',NULL,NULL),(115,'3174051207700016','3173013001151056','ADENAWER SIRAIT',NULL,NULL,NULL,'RUSUNAWA PERSAKIH B.B RT.10/14','3173011002',317301,3173,NULL,NULL,NULL,'2019-10-25 08:34:38','2019-10-25 08:35:06',NULL,NULL),(116,'3173055704710008','3173010801151009','SRIYATUN',NULL,NULL,NULL,'RUSUNAWA PERSAKIH B.I RT.16/14','3173011002',317301,3173,NULL,NULL,NULL,'2019-10-25 08:34:38','2019-10-25 08:35:06',NULL,NULL),(117,'3173054909860009','3173010601151056','SITI WALIYAH',NULL,NULL,NULL,'RUSUNAWA PERSAKIH B.H RT.15/14','3173011002',317301,3173,NULL,NULL,NULL,'2019-10-25 08:34:38','2019-10-25 08:35:06',NULL,NULL),(118,'3173014505880006','3173012201151034','MAYA',NULL,NULL,NULL,'RUSUNAWA PERSAKIH B.I RT.16/14','3173011002',317301,3173,NULL,NULL,NULL,'2019-10-25 08:34:38','2019-10-25 08:35:06',NULL,NULL),(119,'3173055011650017','3173010601151091','SENAH',NULL,NULL,NULL,'RUSUNAWA PERSAKIH B.H RT.15/14','3173011002',317301,3173,NULL,NULL,NULL,'2019-10-25 08:34:38','2019-10-25 08:35:06',NULL,NULL),(120,'3173014508810007','3173010701151034','YEYEN',NULL,NULL,NULL,'RUSUNAWA PERSAKIH B.A RT.13/14','3173011002',317301,3173,NULL,NULL,NULL,'2019-10-25 08:34:38','2019-10-25 08:35:06',NULL,NULL),(121,'3173056509590003','3173010701151060','SITI JAMILAH',NULL,NULL,NULL,'RUSUNAWA PERSAKIH B.I RT.16/14','3173011002',317301,3173,NULL,NULL,NULL,'2019-10-25 08:34:38','2019-10-25 08:35:06',NULL,NULL),(122,'3173016811670005','3173010501151091','C. BUDI MARWITI',NULL,NULL,NULL,'RUSUNAWA PERSAKIH B.B RT.10/14','3173011002',317301,3173,NULL,NULL,NULL,'2019-10-25 08:34:38','2019-10-25 08:35:06',NULL,NULL),(123,'3173015205620000','3173010701151040','KASPIAH',NULL,NULL,NULL,'RUSUNAWA PERSAKIH B.I RT.16/14','3173011002',317301,3173,NULL,NULL,NULL,'2019-10-25 08:34:38','2019-10-25 08:35:06',NULL,NULL),(124,'3173015207660010','3173012401151010','HELINA MARIA',NULL,NULL,NULL,'RUSUNAWA PERSAKIH B.I RT.10/14','3173011002',317301,3173,NULL,NULL,NULL,'2019-10-25 08:34:38','2019-10-25 08:35:06',NULL,NULL),(125,'3173015607820000','3173010501151170','LIWA RATNASARI',NULL,NULL,NULL,'RUSUNAWA PERSAKIH B.B RT.10/14','3173011002',317301,3173,NULL,NULL,NULL,'2019-10-25 08:34:38','2019-10-25 08:35:06',NULL,NULL),(126,'3173016008820000','3173010701151060','DEWI',NULL,NULL,NULL,'RUSUNAWA PERSAKIH B.I RT.16/14','3173011002',317301,3173,NULL,NULL,NULL,'2019-10-25 08:34:38','2019-10-25 08:35:06',NULL,NULL),(127,'3173016605660003','3173010601151218','DARYATI  B KARTOMI',NULL,NULL,NULL,'RUSUNAWA PERSAKIH B.C RT.11/14','3173011002',317301,3173,NULL,NULL,NULL,'2019-10-25 08:34:38','2019-10-25 08:35:06',NULL,NULL),(128,'3173056712610010','3173010701151040','TARNISEM',NULL,NULL,NULL,'RUSUNAWA PERSAKIH B.G RT.17/14','3173011002',317301,3173,NULL,NULL,NULL,'2019-10-25 08:34:38','2019-10-25 08:35:06',NULL,NULL),(129,'3173012606610004','3173012101111040','NAWIRA',NULL,NULL,NULL,'RUSUNAWA PERSAKIH B.I RT.16/14','3173011002',317301,3173,NULL,NULL,NULL,'2019-10-25 08:34:38','2019-10-25 08:35:06',NULL,NULL),(130,'3173011909731004','3173012201151020','YATI',NULL,NULL,NULL,'RUSUNAWA PERSAKIH B.I RT.16/14','3173011002',317301,3173,NULL,NULL,NULL,'2019-10-25 08:34:38','2019-10-25 08:35:06',NULL,NULL),(131,'3173014406790026','3173012701151051','UNAYAH',NULL,NULL,NULL,'RUSUNAWA PERSAKIH B.G RT.17/14','3173011002',317301,3173,NULL,NULL,NULL,'2019-10-25 08:34:38','2019-10-25 08:35:06',NULL,NULL),(132,'3173016802620016','3173012601151056','ANINGSIH',NULL,NULL,NULL,'RUSUNAWA PERSAKIH B.G RT.17/14','3173011002',317301,3173,NULL,NULL,NULL,'2019-10-25 08:34:38','2019-10-25 08:35:06',NULL,NULL),(133,'3173014604690002','3173012201151111','DARYATI BIN RUSO',NULL,NULL,NULL,'RUSUNAWA PERSAKIH B.F RT.14/14','3173011002',317301,3173,NULL,NULL,NULL,'2019-10-25 08:34:38','2019-10-25 08:35:06',NULL,NULL),(134,'3173016101680002','3173012701151020','ANAWIYAH BT K',NULL,NULL,NULL,'RUSUNAWA PERSAKIH B.G RT.17/14','3173011002',317301,3173,NULL,NULL,NULL,'2019-10-25 08:34:38','2019-10-25 08:35:06',NULL,NULL),(135,'3173054305721001','3173010601151090','GUYUB',NULL,NULL,NULL,'RUSUNAWA PERSAKIH B.H RT.15/14','3173011002',317301,3173,NULL,NULL,NULL,'2019-10-25 08:34:38','2019-10-25 08:35:06',NULL,NULL),(136,'3173014506650015','3173010601151047','SARIYAH',NULL,NULL,NULL,'RUSUNAWA PERSAKIH B.A RT.13/14','3173011002',317301,3173,NULL,NULL,NULL,'2019-10-25 08:34:38','2019-10-25 08:35:06',NULL,NULL),(137,'3173014410890018','3173012201151090','SITI DAHLIA',NULL,NULL,NULL,'RUSUNAWA PERSAKIH B.F RT.14/14','3173011002',317301,3173,NULL,NULL,NULL,'2019-10-25 08:34:38','2019-10-25 08:35:06',NULL,NULL),(138,'3173015406720000','3173013001151026','MARTINI',NULL,NULL,NULL,'RUSUNAWA PERSAKIH B.G RT.15/14','3173011002',317301,3173,NULL,NULL,NULL,'2019-10-25 08:34:38','2019-10-25 08:35:06',NULL,NULL),(139,'3173016309730003','3173016309730003','LINA',NULL,NULL,NULL,'RUSUNAWA PERSAKIH B.G RT.17/14','3173011002',317301,3173,NULL,NULL,NULL,'2019-10-25 08:34:38','2019-10-25 08:35:06',NULL,NULL),(140,'3173017009770003','3173013001151035','SRI MULYANI',NULL,NULL,NULL,'RUSUNAWA PERSAKIH B.G RT.17/14','3173011002',317301,3173,NULL,NULL,NULL,'2019-10-25 08:34:38','2019-10-25 08:35:06',NULL,NULL),(141,'3173015807650007','3173012001095557','SUMIYATI',NULL,NULL,NULL,'RAWA BUAYA RT. 02/011','3173011003',317301,3173,NULL,NULL,NULL,'2019-10-25 08:34:38','2019-10-25 08:35:06',NULL,NULL),(142,'3173014712740005','3173012001095802','DESI ARISANTI',NULL,NULL,NULL,'RAWA BUAYA RT. 02/011','3173011003',317301,3173,NULL,NULL,NULL,'2019-10-25 08:34:38','2019-10-25 08:35:06',NULL,NULL),(143,'3173015507630016','3173012807710030','DINA',NULL,NULL,NULL,'RAWA BUAYA RT. 02/011','3173011003',317301,3173,NULL,NULL,NULL,'2019-10-25 08:34:38','2019-10-25 08:35:06',NULL,NULL),(144,'3173084611750005','3173010512121049','ASNAENI',NULL,NULL,NULL,'RAWA BUAYA RT. 02/011','3173011003',317301,3173,NULL,NULL,NULL,'2019-10-25 08:34:38','2019-10-25 08:35:06',NULL,NULL),(145,'3173017012780003','3173012001096294','NURHAYATI',NULL,NULL,NULL,'RAWA BUAYA RT. 02/011','3173011003',317301,3173,NULL,NULL,NULL,'2019-10-25 08:34:38','2019-10-25 08:35:06',NULL,NULL),(146,'3173016610740003','3173013009100231','WATINI',NULL,NULL,NULL,'RAWA BUAYA RT. 02/011','3173011003',317301,3173,NULL,NULL,NULL,'2019-10-25 08:34:38','2019-10-25 08:35:06',NULL,NULL),(147,'3173015910821001','3173010212111026','NURAINI',NULL,NULL,NULL,'RAWA BUAYA RT. 02/011','3173011003',317301,3173,NULL,NULL,NULL,'2019-10-25 08:34:38','2019-10-25 08:35:06',NULL,NULL),(148,'3173014306820014','3173013009100232','SUSI SUKMAYANTI',NULL,NULL,NULL,'RAWA BUAYA RT. 02/011','3173011003',317301,3173,NULL,NULL,NULL,'2019-10-25 08:34:38','2019-10-25 08:35:06',NULL,NULL),(149,'3173014507760027','3173012201094223','MURNI',NULL,NULL,NULL,'RAWA BUAYA RT. 02/011','3173011003',317301,3173,NULL,NULL,NULL,'2019-10-25 08:34:38','2019-10-25 08:35:06',NULL,NULL),(150,'3173015410731002','3173013011111047','SUCI ASTUTIK',NULL,NULL,NULL,'RAWA BUAYA RT. 02/011','3173011003',317301,3173,NULL,NULL,NULL,'2019-10-25 08:34:38','2019-10-25 08:35:06',NULL,NULL),(151,'3173010601810062','317301303110033','EVA YUNITA',NULL,NULL,NULL,'RAWA BUAYA RT. 05/01','3173011003',317301,3173,NULL,NULL,NULL,'2019-10-25 08:34:38','2019-10-25 08:35:06',NULL,NULL),(152,'3173015703830001','317301603110033','NUR AISYAH',NULL,NULL,NULL,'RAWA BUAYA RT. 05/01','3173011003',317301,3173,NULL,NULL,NULL,'2019-10-25 08:34:38','2019-10-25 08:35:06',NULL,NULL),(153,'3173015209810007','3173012001098412','ISMAWATI',NULL,NULL,NULL,'RAWA BUAYA RT. 07/01','3173011003',317301,3173,NULL,NULL,NULL,'2019-10-25 08:34:38','2019-10-25 08:35:06',NULL,NULL),(154,'3173014510690015','3173012101096163','JUHETI',NULL,NULL,NULL,'RAWA BUAYA RT. 07/01','3173011003',317301,3173,NULL,NULL,NULL,'2019-10-25 08:34:38','2019-10-25 08:35:06',NULL,NULL),(155,'3173015910750001','3173012201090685','RUMINI',NULL,NULL,NULL,'RAWA BUAYA RT. 07/01','3173011003',317301,3173,NULL,NULL,NULL,'2019-10-25 08:34:38','2019-10-25 08:35:06',NULL,NULL),(156,'3173014804610001','3173011006141015','SURATI',NULL,NULL,NULL,'RAWA BUAYA RT. 07/01','3173011003',317301,3173,NULL,NULL,NULL,'2019-10-25 08:34:38','2019-10-25 08:35:06',NULL,NULL),(157,'3173015105700006','3173012101095507','TITIN SARTINI',NULL,NULL,NULL,'RAWA BUAYA RT. 07/01','3173011003',317301,3173,NULL,NULL,NULL,'2019-10-25 08:34:38','2019-10-25 08:35:06',NULL,NULL),(158,'3173015004770024','3173012201093454','JUHATI',NULL,NULL,NULL,'RAWA BUAYA RT. 05/01','3173011003',317301,3173,NULL,NULL,NULL,'2019-10-25 08:34:38','2019-10-25 08:35:06',NULL,NULL),(159,'3173015511770015','317301201098285','SUWARNI',NULL,NULL,NULL,'RAWA BUAYA RT. 05/01','3173011003',317301,3173,NULL,NULL,NULL,'2019-10-25 08:34:38','2019-10-25 08:35:06',NULL,NULL),(160,'3173016710770016','3173010212100228','ENCUM',NULL,NULL,NULL,'RAWA BUAYA RT. 05/01','3173011003',317301,3173,NULL,NULL,NULL,'2019-10-25 08:34:38','2019-10-25 08:35:06',NULL,NULL),(161,'3173015209830009','3173012201090858','TRI NUROHMAH',NULL,NULL,NULL,'RAWA BUAYA RT. 06/02','3173011003',317301,3173,NULL,NULL,NULL,'2019-10-25 08:34:38','2019-10-25 08:35:06',NULL,NULL),(162,'3173016606830015','3173012503100147','YENI DWI SUSANTI',NULL,NULL,NULL,'RAWA BUAYA RT. 06/02','3173011003',317301,3173,NULL,NULL,NULL,'2019-10-25 08:34:38','2019-10-25 08:35:06',NULL,NULL),(163,'3173014505760015','3173012101093323','MELLY YUHASNI',NULL,NULL,NULL,'RAWA BUAYA RT. 06/02','3173011003',317301,3173,NULL,NULL,NULL,'2019-10-25 08:34:38','2019-10-25 08:35:06',NULL,NULL),(164,'3173015905770010','3173012201090404','SUMARNI',NULL,NULL,NULL,'RAWA BUAYA RT. 06/02','3173011003',317301,3173,NULL,NULL,NULL,'2019-10-25 08:34:38','2019-10-25 08:35:06',NULL,NULL),(165,'3173014102750004','3173011302110013','SITI FARIDAH',NULL,NULL,NULL,'RAWA BUAYA RT. 06/02','3173011003',317301,3173,NULL,NULL,NULL,'2019-10-25 08:34:38','2019-10-25 08:35:06',NULL,NULL),(166,'3173014809730005','3173012101091928','ASROFAH',NULL,NULL,NULL,'RAWA BUAYA RT. 06/02','3173011003',317301,3173,NULL,NULL,NULL,'2019-10-25 08:34:38','2019-10-25 08:35:06',NULL,NULL),(167,'3173017112570067','3173012101098226','NGATMINAH',NULL,NULL,NULL,'RAWA BUAYA RT. 06/02','3173011003',317301,3173,NULL,NULL,NULL,'2019-10-25 08:34:38','2019-10-25 08:35:06',NULL,NULL),(168,'3173016101810004','3173012201090760','ASMIYAH',NULL,NULL,NULL,'RAWA BUAYA RT. 06/02','3173011003',317301,3173,NULL,NULL,NULL,'2019-10-25 08:34:38','2019-10-25 08:35:06',NULL,NULL),(169,'3173015001870007','3173011403131102','HALIMATUS SADIYAH',NULL,NULL,NULL,'RAWA BUAYA RT. 06/02','3173011003',317301,3173,NULL,NULL,NULL,'2019-10-25 08:34:38','2019-10-25 08:35:06',NULL,NULL),(170,'3173014608700011','3173011702110009','SAMIDAH',NULL,NULL,NULL,'RAWA BUAYA RT. 06/02','3173011003',317301,3173,NULL,NULL,NULL,'2019-10-25 08:34:38','2019-10-25 08:35:06',NULL,NULL),(171,'3173014504720014','3173013010141049','SITI KHODIJAH',NULL,NULL,NULL,'KAPUK KEBON JAHE RT.11/03','3173011005',317301,3173,NULL,NULL,NULL,'2019-10-25 08:34:38','2019-10-25 08:35:06',NULL,NULL),(172,'3173014607730003','3173016001098007','USNUYATI',NULL,NULL,NULL,'KAPUK KEBON JAHE RT.11/03','3173011005',317301,3173,NULL,NULL,NULL,'2019-10-25 08:34:38','2019-10-25 08:35:06',NULL,NULL),(173,'3173015508851002','3173011209120051','HODIJAH',NULL,NULL,NULL,'KAPUK KEBON JAHE RT.11/03','3173011005',317301,3173,NULL,NULL,NULL,'2019-10-25 08:34:38','2019-10-25 08:35:06',NULL,NULL),(174,'3173016808791003','3173012109121046','MINAH',NULL,NULL,NULL,'KAPUK KEBON JAHE RT.11/03','3173011005',317301,3173,NULL,NULL,NULL,'2019-10-25 08:34:38','2019-10-25 08:35:06',NULL,NULL),(175,'3173044305610001','3173040501092139','SUHENAH',NULL,NULL,NULL,'KAPUK KEBON JAHE RT.11/03','3173011005',317301,3173,NULL,NULL,NULL,'2019-10-25 08:34:38','2019-10-25 08:35:06',NULL,NULL),(176,'3173015406630006','3173010604100190','ELAH SARMILAH',NULL,NULL,NULL,'KAPUK KEBON JAHE RT.11/03','3173011005',317301,3173,NULL,NULL,NULL,'2019-10-25 08:34:38','2019-10-25 08:35:06',NULL,NULL),(177,'3173014703720014','3173010901096130','RUMSIH',NULL,NULL,NULL,'KAPUK KEBON JAHE RT.11/03','3173011005',317301,3173,NULL,NULL,NULL,'2019-10-25 08:34:38','2019-10-25 08:35:06',NULL,NULL),(178,'3173014505800033','3173012206100206','SAODAH',NULL,NULL,NULL,'KAPUK KEBON JAHE RT.11/03','3173011005',317301,3173,NULL,NULL,NULL,'2019-10-25 08:34:38','2019-10-25 08:35:06',NULL,NULL),(179,'3173014908840009','3173012310100099','ALIMAH',NULL,NULL,NULL,'KAPUK KEBON JAHE RT.11/03','3173011005',317301,3173,NULL,NULL,NULL,'2019-10-25 08:34:38','2019-10-25 08:35:06',NULL,NULL),(180,'3173014908840009','3173010901097273','KARTINAH',NULL,NULL,NULL,'KAPUK KEBON JAHE RT.11/03','3173011005',317301,3173,NULL,NULL,NULL,'2019-10-25 08:34:38','2019-10-25 08:35:06',NULL,NULL),(181,'3173014306730017','3173010801099052','SALIYAH',NULL,NULL,NULL,'KAPUK RT.09/12','3173011005',317301,3173,NULL,NULL,NULL,'2019-10-25 08:34:38','2019-10-25 08:35:06',NULL,NULL),(182,'3173015101770003','3173010601092554','WARSIH',NULL,NULL,NULL,'KAPUK RT.09/12','3173011005',317301,3173,NULL,NULL,NULL,'2019-10-25 08:34:38','2019-10-25 08:35:06',NULL,NULL),(183,'3173014211580002','3173011809180034','HARTINI',NULL,NULL,NULL,'KAPUK RT.009/12','3173011005',317301,3173,NULL,NULL,NULL,'2019-10-25 08:34:38','2019-10-25 08:35:06',NULL,NULL),(184,'3173015910840011','3173010701094509','ASIAH',NULL,NULL,NULL,'KAPUK RT.09/12','3173011005',317301,3173,NULL,NULL,NULL,'2019-10-25 08:34:38','2019-10-25 08:35:06',NULL,NULL),(185,'3173014101811001','3173012505120066','JUNAH',NULL,NULL,NULL,'KAPUK RT.09/12','3173011005',317301,3173,NULL,NULL,NULL,'2019-10-25 08:34:38','2019-10-25 08:35:06',NULL,NULL),(186,'3173015204770006','3173010901098565','ARYANI',NULL,NULL,NULL,'KAPUK RT.09/12','3173011005',317301,3173,NULL,NULL,NULL,'2019-10-25 08:34:38','2019-10-25 08:35:06',NULL,NULL),(187,'3173015505770002','3173010901099337','YANAH',NULL,NULL,NULL,'KAPUK RT.09/12','3173011005',317301,3173,NULL,NULL,NULL,'2019-10-25 08:34:38','2019-10-25 08:35:06',NULL,NULL),(188,'3173014906790009','3173010801092926','NUROHMAH',NULL,NULL,NULL,'KAPUK RT.09/12','3173011005',317301,3173,NULL,NULL,NULL,'2019-10-25 08:34:38','2019-10-25 08:35:06',NULL,NULL),(189,'3173014802830007','3173011504100014','KOKOM KOMARIYAH',NULL,NULL,NULL,'KAPUK RT.09/12','3173011005',317301,3173,NULL,NULL,NULL,'2019-10-25 08:34:38','2019-10-25 08:35:06',NULL,NULL),(190,'3173014709700003','3173010601099398','ATIM',NULL,NULL,NULL,'KAPUK RT.09/12','3173011005',317301,3173,NULL,NULL,NULL,'2019-10-25 08:34:38','2019-10-25 08:35:06',NULL,NULL),(191,'3173014903840007','3173011207120011','NITISAH.M',NULL,NULL,NULL,'KAPUK KEBON JAHE RT.05/03','3173011005',317301,3173,NULL,NULL,NULL,'2019-10-25 08:34:38','2019-10-25 08:35:06',NULL,NULL),(192,'3173014312801001','3173012211110001','JUHAENAH',NULL,NULL,NULL,'KAPUK KEBON JAHE RT.05/03','3173011005',317301,3173,NULL,NULL,NULL,'2019-10-25 08:34:38','2019-10-25 08:35:06',NULL,NULL),(193,'3173016112820015','3173012202100010','EVI SINTIA DEWI',NULL,NULL,NULL,'KAPUK KEBON JAHE RT.05/03','3173011005',317301,3173,NULL,NULL,NULL,'2019-10-25 08:34:38','2019-10-25 08:35:06',NULL,NULL),(194,'3173015005680025','3173013004100036','RIHANAH',NULL,NULL,NULL,'KAPUK KEBON JAHE RT.05/03','3173011005',317301,3173,NULL,NULL,NULL,'2019-10-25 08:34:38','2019-10-25 08:35:06',NULL,NULL),(195,'3173015503750021','3173012612101006','IPAH',NULL,NULL,NULL,'KAPUK KEBON JAHE RT.05/03','3173011005',317301,3173,NULL,NULL,NULL,'2019-10-25 08:34:38','2019-10-25 08:35:06',NULL,NULL),(196,'3173014405780005','3173010801099903','SITI AMANAH',NULL,NULL,NULL,'KAPUK KEBON JAHE RT.05/03','3173011005',317301,3173,NULL,NULL,NULL,'2019-10-25 08:34:38','2019-10-25 08:35:06',NULL,NULL),(197,'3173014104540008','3173011001093129','MANAH',NULL,NULL,NULL,'KAPUK KEBON JAHE RT.05/03','3173011005',317301,3173,NULL,NULL,NULL,'2019-10-25 08:34:38','2019-10-25 08:35:06',NULL,NULL),(198,'3173015308610004','3173012111100084','MUNAROH',NULL,NULL,NULL,'KAPUK KEBON JAHE RT.05/03','3173011005',317301,3173,NULL,NULL,NULL,'2019-10-25 08:34:38','2019-10-25 08:35:06',NULL,NULL),(199,'3173015003720017','3173012807160054','TINI',NULL,NULL,NULL,'KAPUK KEBON JAHE RT.05/03','3173011005',317301,3173,NULL,NULL,NULL,'2019-10-25 08:34:38','2019-10-25 08:35:06',NULL,NULL),(200,'3173014206800012','3173010801093026','ANI',NULL,NULL,NULL,'KAPUK KEBON JAHE RT.05/03','3173011005',317301,3173,NULL,NULL,NULL,'2019-10-25 08:34:38','2019-10-25 08:35:06',NULL,NULL),(201,'3173064101711001','3173062402110029','IRAH RAPIKO',NULL,NULL,NULL,'Kp. Lamporan Rt. 007/008','3173061002',317306,3173,NULL,NULL,NULL,'2019-10-25 08:34:38','2019-10-25 08:35:06',NULL,NULL),(202,'3173064403670001','3173060501094050','MUJENAH',NULL,NULL,NULL,'Kp. Lamporan Rt. 006/008','3173061002',317306,3173,NULL,NULL,NULL,'2019-10-25 08:34:38','2019-10-25 08:35:06',NULL,NULL),(203,'3173064302800002','3173060501098776','MARYANI',NULL,NULL,NULL,'Kp. Lamporan Rt. 008/008','3173061002',317306,3173,NULL,NULL,NULL,'2019-10-25 08:34:38','2019-10-25 08:35:06',NULL,NULL),(204,'3173065402530002','3173060801095690','NANI SAANIH',NULL,NULL,NULL,'Kp. Lamporan Rt. 006/008','3173061002',317306,3173,NULL,NULL,NULL,'2019-10-25 08:34:38','2019-10-25 08:35:06',NULL,NULL),(205,'3173064608590005','3173060701090821','SAIMAH',NULL,NULL,NULL,'Kp. Lamporan Rt. 006/008','3173061002',317306,3173,NULL,NULL,NULL,'2019-10-25 08:34:38','2019-10-25 08:35:06',NULL,NULL),(206,'3173065010580006','3173060701091131','UWIN BT. HIDUP',NULL,NULL,NULL,'Kp. Lamporan Rt. 008/008','3173061002',317306,3173,NULL,NULL,NULL,'2019-10-25 08:34:38','2019-10-25 08:35:06',NULL,NULL),(207,'3173065107680006','3173060601097039','JUARIYAH',NULL,NULL,NULL,'Kp. Lamporan Rt. 007/008','3173061002',317306,3173,NULL,NULL,NULL,'2019-10-25 08:34:38','2019-10-25 08:35:06',NULL,NULL),(208,'3173066309890002','3173060604110110','RISKA SEPTIANA',NULL,NULL,NULL,'Kp. Lamporan Rt. 004/008','3173061002',317306,3173,NULL,NULL,NULL,'2019-10-25 08:34:38','2019-10-25 08:35:06',NULL,NULL),(209,'3173066305850004','3173062403100100','NOVIANI',NULL,NULL,NULL,'Kp. Lamporan Rt. 005/008','3173061002',317306,3173,NULL,NULL,NULL,'2019-10-25 08:34:38','2019-10-25 08:35:06',NULL,NULL),(210,'3173064711440001','3173060601098368','SAIMAH',NULL,NULL,NULL,'Kp. Lamporan Rt. 007/008','3173061002',317306,3173,NULL,NULL,NULL,'2019-10-25 08:34:38','2019-10-25 08:35:06',NULL,NULL),(211,'3173065004790018','3173060501095694','MASITO',NULL,NULL,NULL,'Kp. Pangkalan  Rt. 007/010','3173061002',317306,3173,NULL,NULL,NULL,'2019-10-25 08:34:38','2019-10-25 08:35:06',NULL,NULL),(212,'3173067112630006','3173060501094862','SUMINI',NULL,NULL,NULL,'Kp. Pangkalan  Rt. 004/010','3173061002',317306,3173,NULL,NULL,NULL,'2019-10-25 08:34:38','2019-10-25 08:35:06',NULL,NULL),(213,'3173065308680003','3173060601097365','TITI GUSNATI',NULL,NULL,NULL,'Kp. Pangkalan  Rt. 004/010','3173061002',317306,3173,NULL,NULL,NULL,'2019-10-25 08:34:38','2019-10-25 08:35:06',NULL,NULL),(214,'3173064403660006','3173060801095165','ROHANI',NULL,NULL,NULL,'Kp. Pangkalan  Rt. 004/010','3173061002',317306,3173,NULL,NULL,NULL,'2019-10-25 08:34:38','2019-10-25 08:35:06',NULL,NULL),(215,'3173064405510004','3173060601097843','NANI',NULL,NULL,NULL,'Kp. Pangkalan  Rt. 007/010','3173061002',317306,3173,NULL,NULL,NULL,'2019-10-25 08:34:38','2019-10-25 08:35:06',NULL,NULL),(216,'3173064709480004','3173062402110112','ONIH',NULL,NULL,NULL,'Kp. Pangkalan  Rt. 007/010','3173061002',317306,3173,NULL,NULL,NULL,'2019-10-25 08:34:38','2019-10-25 08:35:06',NULL,NULL),(217,'3173065004580003','3173060501092337','MARYATI',NULL,NULL,NULL,'Kp. Pangkalan  Rt. 007/010','3173061002',317306,3173,NULL,NULL,NULL,'2019-10-25 08:34:38','2019-10-25 08:35:06',NULL,NULL),(218,'3173066503820002','3173060501096601','IDA MUSAROPAH',NULL,NULL,NULL,'Kp. Pangkalan  Rt. 007/010','3173061002',317306,3173,NULL,NULL,NULL,'2019-10-25 08:34:38','2019-10-25 08:35:06',NULL,NULL),(219,'3173066406680003','3173060501096554','PONIYEM',NULL,NULL,NULL,'Kp. Pangkalan  Rt. 007/010','3173061002',317306,3173,NULL,NULL,NULL,'2019-10-25 08:34:38','2019-10-25 08:35:06',NULL,NULL),(220,'3173064706510001','3173060501096596','SAMAH',NULL,NULL,NULL,'Kp. Pangkalan  Rt. 007/010','3173061002',317306,3173,NULL,NULL,NULL,'2019-10-25 08:34:38','2019-10-25 08:35:06',NULL,NULL),(221,'3173065405650007','3173061301097247','HADIJAH A. ABDAD',NULL,NULL,NULL,'Kalideres  Rt. 007/003','3173061001',317306,3173,NULL,NULL,NULL,'2019-10-25 08:34:38','2019-10-25 08:35:06',NULL,NULL),(222,'3671055508750016','3173061607141038','HENI ROHAYATI',NULL,NULL,NULL,'Kalideres  Rt. 007/003','3173061001',317306,3173,NULL,NULL,NULL,'2019-10-25 08:34:38','2019-10-25 08:35:06',NULL,NULL),(223,'3173066503810002','3173061301095871','KUSRIYAH',NULL,NULL,NULL,'Kalideres  No. 116-A Rt. 009/003','3173061001',317306,3173,NULL,NULL,NULL,'2019-10-25 08:34:38','2019-10-25 08:35:06',NULL,NULL),(224,'3173065507600004','3173060301110121','SITI ZAENAB',NULL,NULL,NULL,'Kalideres  Rt. 009/003','3173061001',317306,3173,NULL,NULL,NULL,'2019-10-25 08:34:38','2019-10-25 08:35:06',NULL,NULL),(225,'3173065404740004','3173061401097756','AYANAH',NULL,NULL,NULL,'Jl. Peta Selatan No. 158 Rt. 010,003','3173061001',317306,3173,NULL,NULL,NULL,'2019-10-25 08:34:38','2019-10-25 08:35:06',NULL,NULL),(226,'3173064303680016','3173060301110111','CUCUM',NULL,NULL,NULL,'Kalideres  Rt. 009/003','3173061001',317306,3173,NULL,NULL,NULL,'2019-10-25 08:34:38','2019-10-25 08:35:06',NULL,NULL),(227,'3173064708710002','3173061402121004','MULYANAH',NULL,NULL,NULL,'Kalideres  Rt. 008/003','3173061001',317306,3173,NULL,NULL,NULL,'2019-10-25 08:34:38','2019-10-25 08:35:06',NULL,NULL),(228,'3173064506710002','3173061401090576','PUJIMAH',NULL,NULL,NULL,'Kalideres  Rt. 002/003','3173061001',317306,3173,NULL,NULL,NULL,'2019-10-25 08:34:38','2019-10-25 08:35:06',NULL,NULL),(229,'3173066512590003','3173061301095272','TASLIMAH',NULL,NULL,NULL,'Kalideres  Rt. 005/003','3173061001',317306,3173,NULL,NULL,NULL,'2019-10-25 08:34:38','2019-10-25 08:35:06',NULL,NULL),(230,'3173064125330004','3173061501090753','MARYAM',NULL,NULL,NULL,'JL. Sawdaya III No. 39-B Rt.002/003','3173061001',317306,3173,NULL,NULL,NULL,'2019-10-25 08:34:38','2019-10-25 08:35:06',NULL,NULL),(231,'3173066710670002','3173061401093586','ASMARA',NULL,NULL,NULL,'Kalideres Rt. 007/001','3173061001',317306,3173,NULL,NULL,NULL,'2019-10-25 08:34:38','2019-10-25 08:35:06',NULL,NULL),(232,'3173061211910001','3173061501095520','IROH BIN MIIH',NULL,NULL,NULL,'Kalideres No.  39 Rt. 007/001','3173061001',317306,3173,NULL,NULL,NULL,'2019-10-25 08:34:38','2019-10-25 08:35:06',NULL,NULL),(233,'3173066404640007','3173061201095496','TAHRIAH',NULL,NULL,NULL,'Kalideres Rt. 003/001','3173061001',317306,3173,NULL,NULL,NULL,'2019-10-25 08:34:38','2019-10-25 08:35:06',NULL,NULL),(234,'3173065708670001','3173061501096458','CASNITI',NULL,NULL,NULL,'Kalideres Rt. 011/001','3173061001',317306,3173,NULL,NULL,NULL,'2019-10-25 08:34:38','2019-10-25 08:35:06',NULL,NULL),(235,'3173067004620001','3173060912100171','WARSIAH',NULL,NULL,NULL,'Kalideres Rt. 011/001','3173061001',317306,3173,NULL,NULL,NULL,'2019-10-25 08:34:38','2019-10-25 08:35:06',NULL,NULL),(236,'3173064103560002','3173061501098051','SUER BT. INGGU',NULL,NULL,NULL,'Kalideres Rt. 013/001','3173061001',317306,3173,NULL,NULL,NULL,'2019-10-25 08:34:38','2019-10-25 08:35:06',NULL,NULL),(237,'3173065204570005','3173061501095375','NURYATI BIN SAFRI',NULL,NULL,NULL,'Kalideres Rt. 007/001','3173061001',317306,3173,NULL,NULL,NULL,'2019-10-25 08:34:38','2019-10-25 08:35:06',NULL,NULL),(238,'3173066608570002','3173060603120021','MUNIROH',NULL,NULL,NULL,'Kalideres Rt. 011/001','3173061001',317306,3173,NULL,NULL,NULL,'2019-10-25 08:34:38','2019-10-25 08:35:06',NULL,NULL),(239,'3173064909590006','3173060912100151','TINI',NULL,NULL,NULL,'Kalideres Rt. 011/001','3173061001',317306,3173,NULL,NULL,NULL,'2019-10-25 08:34:38','2019-10-25 08:35:06',NULL,NULL),(240,'3173064402800023','3173061512100191','ENENG YENI',NULL,NULL,NULL,'Kalideres Rt. 011/001','3173061001',317306,3173,NULL,NULL,NULL,'2019-10-25 08:34:38','2019-10-25 08:35:06',NULL,NULL),(241,'3173065204660001','3173062001097710','SURYANAH',NULL,NULL,NULL,'Kp. Maja Rt. 009/005','3173061005',317306,3173,NULL,NULL,NULL,'2019-10-25 08:34:38','2019-10-25 08:35:06',NULL,NULL),(242,'3173064402690009','3173061204100017','MURIMAH',NULL,NULL,NULL,'Kp. Maja Rt. 006/005','3173061005',317306,3173,NULL,NULL,NULL,'2019-10-25 08:34:38','2019-10-25 08:35:06',NULL,NULL),(243,'3173066405720004','3173062301093382','RATIH PUSPARINI',NULL,NULL,NULL,'Jl. Tanjung Pura Maja  Rt.006/005','3173061005',317306,3173,NULL,NULL,NULL,'2019-10-25 08:34:38','2019-10-25 08:35:06',NULL,NULL),(244,'3173064503690020','3173062201096619','UNIRAH',NULL,NULL,NULL,'Kp. Maja Rt. 008/005','3173061005',317306,3173,NULL,NULL,NULL,'2019-10-25 08:34:38','2019-10-25 08:35:06',NULL,NULL),(245,'3173064304740008','3173062201098351','SUTINAH',NULL,NULL,NULL,'Jl. Tanjung Pura Kp. Maja Rt.006/005','3173061005',317306,3173,NULL,NULL,NULL,'2019-10-25 08:34:38','2019-10-25 08:35:06',NULL,NULL),(246,'3173064905840015','3173063101111028','NURHAYATI',NULL,NULL,NULL,'Jl. Tanjung Pura Rt. 008/005','3173061005',317306,3173,NULL,NULL,NULL,'2019-10-25 08:34:38','2019-10-25 08:35:06',NULL,NULL),(247,'3173064704740013','3173060812100191','SADIYAH',NULL,NULL,NULL,'Kp. Maja Rt. 008/005','3173061005',317306,3173,NULL,NULL,NULL,'2019-10-25 08:34:38','2019-10-25 08:35:06',NULL,NULL),(248,'3173065105630004','3173062101091353','SANAH',NULL,NULL,NULL,'Kp. Maja Rt. 006/005','3173061005',317306,3173,NULL,NULL,NULL,'2019-10-25 08:34:38','2019-10-25 08:35:06',NULL,NULL),(249,'3173064801820011','3173062201096493','ETIH BIN ADANG',NULL,NULL,NULL,'Kp. Maja Rt. 006/005','3173061005',317306,3173,NULL,NULL,NULL,'2019-10-25 08:34:38','2019-10-25 08:35:06',NULL,NULL),(250,'3173065507780018','3173062201098491','MURNAH BT RAHMA',NULL,NULL,NULL,'Kp. Maja Rt. 006/005','3173061005',317306,3173,NULL,NULL,NULL,'2019-10-25 08:34:38','2019-10-25 08:35:06',NULL,NULL),(251,'3173065206740017','3173062704110055','SITI AMAH',NULL,NULL,NULL,'Kp. Koang Rt. 001/005','3173061005',317306,3173,NULL,NULL,NULL,'2019-10-25 08:34:38','2019-10-25 08:35:06',NULL,NULL),(252,'3173064405500010','3173062710110037','MARDIAH H. SAMAT',NULL,NULL,NULL,'Kp. Koang Rt. 004/005','3173061005',317306,3173,NULL,NULL,NULL,'2019-10-25 08:34:38','2019-10-25 08:35:06',NULL,NULL),(253,'3173064603570003','3173060207100052','WANIH',NULL,NULL,NULL,'Jl. Tanjung Pura V Rt. 001/005','3173061005',317306,3173,NULL,NULL,NULL,'2019-10-25 08:34:38','2019-10-25 08:35:06',NULL,NULL),(254,'3173064305740017','3173062104100089','MARYANIH',NULL,NULL,NULL,'Kp. Koang Rt. 001/005','3173061005',317306,3173,NULL,NULL,NULL,'2019-10-25 08:34:38','2019-10-25 08:35:06',NULL,NULL),(255,'3173066006700004','3173062201091248','SANAH',NULL,NULL,NULL,'Kp. Koang Rt. 001/005','3173061005',317306,3173,NULL,NULL,NULL,'2019-10-25 08:34:38','2019-10-25 08:35:06',NULL,NULL),(256,'3173065003670014','3173061912120021','MARIYATI',NULL,NULL,NULL,'Kp. Koang Rt. 001/005','3173061005',317306,3173,NULL,NULL,NULL,'2019-10-25 08:34:38','2019-10-25 08:35:06',NULL,NULL),(257,'3173064303520003','3173062502130011','SIMAH',NULL,NULL,NULL,'Kp. Koang Rt. 001/005','3173061005',317306,3173,NULL,NULL,NULL,'2019-10-25 08:34:38','2019-10-25 08:35:06',NULL,NULL),(258,'3173067112500045','3173061011100131','SANIH',NULL,NULL,NULL,'Kp. Koang Rt. 002/005','3173061005',317306,3173,NULL,NULL,NULL,'2019-10-25 08:34:38','2019-10-25 08:35:06',NULL,NULL),(259,'3173064309651001','3173061310100035','TIHAYAH',NULL,NULL,NULL,'Kp. Koang Rt. 002/005','3173061005',317306,3173,NULL,NULL,NULL,'2019-10-25 08:34:38','2019-10-25 08:35:06',NULL,NULL),(260,'3173064611600009','3173060908160039','MARYAM',NULL,NULL,NULL,'Jl. Tanjung Pura Koang  Rt. 004/005','3173061005',317306,3173,NULL,NULL,NULL,'2019-10-25 08:34:38','2019-10-25 08:35:06',NULL,NULL),(261,'3173066705760005','3173061701093662','ANISAH',NULL,NULL,NULL,'Jl. Kayu Besar Rt. 004/012','3173061003',317306,3173,NULL,NULL,NULL,'2019-10-25 08:34:38','2019-10-25 08:35:06',NULL,NULL),(262,'3173066708800002','3173060409131059','YANTI',NULL,NULL,NULL,'Jl. Kayu Besar Rt. 008/012','3173061003',317306,3173,NULL,NULL,NULL,'2019-10-25 08:34:38','2019-10-25 08:35:06',NULL,NULL),(263,'3173065202750009','3173061601097548','MURSANAH',NULL,NULL,NULL,'Jl. Kayu Besar Rt. 005/012','3173061003',317306,3173,NULL,NULL,NULL,'2019-10-25 08:34:38','2019-10-25 08:35:06',NULL,NULL),(264,'3173067004700010','3173061610100027','SUMINAH',NULL,NULL,NULL,'Jl. Kayu Besar Rt. 004/012','3173061003',317306,3173,NULL,NULL,NULL,'2019-10-25 08:34:38','2019-10-25 08:35:06',NULL,NULL),(265,'3173064304690004','3173061601097421','NAPSIAH BIN MUTAR',NULL,NULL,NULL,'Jl. Kayu Besar Rt. 003/012','3173061003',317306,3173,NULL,NULL,NULL,'2019-10-25 08:34:38','2019-10-25 08:35:06',NULL,NULL),(266,'3173064305600008','3173060910100033','SALMI',NULL,NULL,NULL,'Jl. Kayu Besar Rt. 004/012','3173061003',317306,3173,NULL,NULL,NULL,'2019-10-25 08:34:38','2019-10-25 08:35:06',NULL,NULL),(267,'3173066507770005','3173061701093866','IDAH FARIDAH',NULL,NULL,NULL,'Jl. Kayu Besar Rt. 004/012','3173061003',317306,3173,NULL,NULL,NULL,'2019-10-25 08:34:38','2019-10-25 08:35:06',NULL,NULL),(268,'3173064304700010','3173061004009309','SALMAH BIN SAPRI',NULL,NULL,NULL,'Jl. Kayu Besar Rt. 004/012','3173061003',317306,3173,NULL,NULL,NULL,'2019-10-25 08:34:38','2019-10-25 08:35:06',NULL,NULL),(269,'3173065510760009','3173061901097298','NANI',NULL,NULL,NULL,'Jl. Kayu Besar Rt. 004/012','3173061003',317306,3173,NULL,NULL,NULL,'2019-10-25 08:34:38','2019-10-25 08:35:06',NULL,NULL),(270,'3173064307600004','3173061601097688','JUNAH',NULL,NULL,NULL,'Jl. Kayu Besar Rt. 008/012','3173061003',317306,3173,NULL,NULL,NULL,'2019-10-25 08:34:38','2019-10-25 08:35:06',NULL,NULL),(271,'3604236007800004','3173061701096101','KOKOM KOMALA SARI',NULL,NULL,NULL,'Jl. Manyar Dalam Rt. 005/015','3173061003',317306,3173,NULL,NULL,NULL,'2019-10-25 08:34:38','2019-10-25 08:35:06',NULL,NULL),(272,'3173064906680002','3173061601092533','ROMLAH',NULL,NULL,NULL,'Jl. Manyar Dalam Rt. 001/015','3173061003',317306,3173,NULL,NULL,NULL,'2019-10-25 08:34:38','2019-10-25 08:35:06',NULL,NULL),(273,'3173064309700006','3173061801091264','MUSANAH',NULL,NULL,NULL,'KP. Menceng Rt. 001/015','3173061003',317306,3173,NULL,NULL,NULL,'2019-10-25 08:34:38','2019-10-25 08:35:06',NULL,NULL),(274,'3173065602700005','3173061701095177','TARYUTI',NULL,NULL,NULL,'Jl. Manyar Ujung Rt. 001/015','3173061003',317306,3173,NULL,NULL,NULL,'2019-10-25 08:34:38','2019-10-25 08:35:06',NULL,NULL),(275,'3173066801700007','3173061601093381','YULIYANAH',NULL,NULL,NULL,'Jl. Manyar Dalam Rt. 005/015','3173061003',317306,3173,NULL,NULL,NULL,'2019-10-25 08:34:38','2019-10-25 08:35:06',NULL,NULL),(276,'3173066704760001','3173061901097562','MARSANIH',NULL,NULL,NULL,'Kp. Menceng  Rt. 003/015','3173061003',317306,3173,NULL,NULL,NULL,'2019-10-25 08:34:38','2019-10-25 08:35:06',NULL,NULL),(277,'3173062210790006','3173061801097693','WAHYUDI SETIAWAN',NULL,NULL,NULL,'Jl. Manyar Dalam Rt. 001/015','3173061003',317306,3173,NULL,NULL,NULL,'2019-10-25 08:34:38','2019-10-25 08:35:06',NULL,NULL),(278,'3173065512820004','3173061701092365','ETIN',NULL,NULL,NULL,'Jl. Manyar Dalam Rt. 008/015','3173061003',317306,3173,NULL,NULL,NULL,'2019-10-25 08:34:38','2019-10-25 08:35:06',NULL,NULL),(279,'3173064405690012','3173060601092788','NA AMAH',NULL,NULL,NULL,'Jl. Permata Dalam Rt. 008/015','3173061003',317306,3173,NULL,NULL,NULL,'2019-10-25 08:34:38','2019-10-25 08:35:06',NULL,NULL),(280,'3173064306780011','3173060801090939','KARTIKA',NULL,NULL,NULL,'Jl. Permata Dalem Rt. 008/015','3173061003',317306,3173,NULL,NULL,NULL,'2019-10-25 08:34:38','2019-10-25 08:35:06',NULL,NULL),(281,'3173064508780006','3173060901092223','EPON',NULL,NULL,NULL,'Jl. KH. Muh Rais  Poncol Rt. 004/008','3173061004',317306,3173,NULL,NULL,NULL,'2019-10-25 08:34:38','2019-10-25 08:35:06',NULL,NULL),(282,'3173065604820004','3173060801099887','ROMHATI',NULL,NULL,NULL,'Jl. KH. Muh Rais  Poncol Rt. 004/008','3173061004',317306,3173,NULL,NULL,NULL,'2019-10-25 08:34:38','2019-10-25 08:35:06',NULL,NULL),(283,'3173065603750008','3173060901090012','ROSIDAH',NULL,NULL,NULL,'Poncol Kelapa Dua Rt. 006/008','3173061004',317306,3173,NULL,NULL,NULL,'2019-10-25 08:34:38','2019-10-25 08:35:06',NULL,NULL),(284,'3173065005730013','3173063101100010','ROGAYAH',NULL,NULL,NULL,'Jl. KH. Muh Rais  Poncol Rt. 005/008','3173061004',317306,3173,NULL,NULL,NULL,'2019-10-25 08:34:38','2019-10-25 08:35:06',NULL,NULL),(285,'3173066807770001','3173060901094348','DAMIAWATI',NULL,NULL,NULL,'Poncol Kelapa Dua Rt.00/008','3173061004',317306,3173,NULL,NULL,NULL,'2019-10-25 08:34:38','2019-10-25 08:35:06',NULL,NULL),(286,'3173065207670011','3173060901094181','MUHAYA',NULL,NULL,NULL,'Jl. KH. Muh Rais  Poncol Rt. 006/008','3173061004',317306,3173,NULL,NULL,NULL,'2019-10-25 08:34:38','2019-10-25 08:35:06',NULL,NULL),(287,'3173065204640011','3173062606131053','ROHAMA',NULL,NULL,NULL,'Jl. KH. Muh Rais  Poncol Rt. 005/008','3173061004',317306,3173,NULL,NULL,NULL,'2019-10-25 08:34:38','2019-10-25 08:35:06',NULL,NULL),(288,'3173065502730013','3173060406120047','MASIH MARSIAH',NULL,NULL,NULL,'Jl. KH. Muh Rais  Poncol Rt. 005/008','3173061004',317306,3173,NULL,NULL,NULL,'2019-10-25 08:34:38','2019-10-25 08:35:06',NULL,NULL),(289,'3173067112560011','3173061112110014','NASUHA',NULL,NULL,NULL,'Jl. KH. Muh Rais  Poncol Rt. 004/008','3173061004',317306,3173,NULL,NULL,NULL,'2019-10-25 08:34:38','2019-10-25 08:35:06',NULL,NULL),(290,'3173064609560005','3173060103110017','MUHIMAH',NULL,NULL,NULL,'Jl. KH. Muh Rais  Poncol Rt. 006/008','3173061004',317306,3173,NULL,NULL,NULL,'2019-10-25 08:34:38','2019-10-25 08:35:06',NULL,NULL),(291,'3173065008790008','3173061001091331','HALIMAH',NULL,NULL,NULL,'Jl. Prepedan Rt. 007/009','3173061004',317306,3173,NULL,NULL,NULL,'2019-10-25 08:34:38','2019-10-25 08:35:06',NULL,NULL),(292,'3173064507700006','3173060801096964','RIMI',NULL,NULL,NULL,'Gaga Rawa Kompeni Rt. 002/004','3173061004',317306,3173,NULL,NULL,NULL,'2019-10-25 08:34:38','2019-10-25 08:35:06',NULL,NULL),(293,'3173065002780015','3173061403131045','ULVIA VERISULISTIYA',NULL,NULL,NULL,'Jl. Prepedan Rt. 006/009','3173061004',317306,3173,NULL,NULL,NULL,'2019-10-25 08:34:38','2019-10-25 08:35:06',NULL,NULL),(294,'3173064706770004','3173061001096145','MARTINI',NULL,NULL,NULL,'Jl. Prepedan Rt. 010/009','3173061004',317306,3173,NULL,NULL,NULL,'2019-10-25 08:34:38','2019-10-25 08:35:06',NULL,NULL),(295,'0952075007515501','3173062903175005','SAMI',NULL,NULL,NULL,'Jl. Prepedan Rt. 010/009','3173061004',317306,3173,NULL,NULL,NULL,'2019-10-25 08:34:38','2019-10-25 08:35:06',NULL,NULL),(296,'3173066002681001','3173062702131015','LIMAH ONYIH',NULL,NULL,NULL,'Gaga Rawa Kompeni Rt. 005/004','3173061004',317306,3173,NULL,NULL,NULL,'2019-10-25 08:34:38','2019-10-25 08:35:06',NULL,NULL),(297,'3173065301650004','3173062708120010','MARNI',NULL,NULL,NULL,'Gaga Rawa Kompeni Rt. 002/004','3173061004',317306,3173,NULL,NULL,NULL,'2019-10-25 08:34:38','2019-10-25 08:35:06',NULL,NULL),(298,'3173065005510004','3173060801098142','BONI',NULL,NULL,NULL,'Gaga Rawa Kompeni Rt. 005/004','3173061004',317306,3173,NULL,NULL,NULL,'2019-10-25 08:34:38','2019-10-25 08:35:06',NULL,NULL),(299,'3173064703590008','3173061407100023','ODAH',NULL,NULL,NULL,'Gaga Rawa Kompeni Rt. 004/004','3173061004',317306,3173,NULL,NULL,NULL,'2019-10-25 08:34:38','2019-10-25 08:35:06',NULL,NULL),(300,'3173065102600005','3173062102100023','SAMAH',NULL,NULL,NULL,'Prepedan Rt. 008/009','3173061004',317306,3173,NULL,NULL,NULL,'2019-10-25 08:34:38','2019-10-25 08:35:06',NULL,NULL),(301,'3174074404690002','3174071501090225','SITI JUBAEDAH',NULL,NULL,NULL,'Jl. H. Jian Rt. 011/003','3174071010',317407,3174,NULL,NULL,NULL,'2019-10-25 08:34:38','2019-10-25 08:35:06',NULL,NULL),(302,'3215096408850001','3174070612160005','AL ROHIMAH',NULL,NULL,NULL,'Jl. KH. Muh Naim 3 Rt. 007/009','3174071010',317407,3174,NULL,NULL,NULL,'2019-10-25 08:34:38','2019-10-25 08:35:06',NULL,NULL),(303,'3174075706800001','3174071501099181','PARNENGRUM',NULL,NULL,NULL,'Jl. H. Tholib  Rt. 002/010','3174071010',317407,3174,NULL,NULL,NULL,'2019-10-25 08:34:38','2019-10-25 08:35:06',NULL,NULL),(304,'4174074208800004','3174071401094898','SITI AISAH',NULL,NULL,NULL,'Jl. P. Antasari Gg. Koba Rt. 002/oo6','3174071010',317407,3174,NULL,NULL,NULL,'2019-10-25 08:34:38','2019-10-25 08:35:06',NULL,NULL),(305,'3174074601840001','3174071601091908','MARIA SAFITRI',NULL,NULL,NULL,'Jl. H. Tholib  Rt. 001/010','3174071010',317407,3174,NULL,NULL,NULL,'2019-10-25 08:34:38','2019-10-25 08:35:06',NULL,NULL),(306,'3309176201860001','3174071106100021','PARTINI',NULL,NULL,NULL,'Jl. Kirai Rt. 006/001','3174071010',317407,3174,NULL,NULL,NULL,'2019-10-25 08:34:38','2019-10-25 08:35:06',NULL,NULL),(307,'3174076810810009','3174071901110140','NURANI',NULL,NULL,NULL,'Jl. H. Naim III Rt. 012/006','3174071010',317407,3174,NULL,NULL,NULL,'2019-10-25 08:34:38','2019-10-25 08:35:06',NULL,NULL),(308,'3174067008840006','3174073001121016','ELI YULIAWATI',NULL,NULL,NULL,'Jl. Damai II No. 15 Rt. 004/005','3174071010',317407,3174,NULL,NULL,NULL,'2019-10-25 08:34:38','2019-10-25 08:35:06',NULL,NULL),(309,'3174075505770010','3174071401093807','SUWARTI',NULL,NULL,NULL,'Jl. H. Jian Rt. 010/003','3174071010',317407,3174,NULL,NULL,NULL,'2019-10-25 08:34:38','2019-10-25 08:35:06',NULL,NULL),(310,'3174074407760005','3174071601092280','EKA CANDRA KARTIKA',NULL,NULL,NULL,'Jl. H. Jian Rt. 009/003','3174071010',317407,3174,NULL,NULL,NULL,'2019-10-25 08:34:38','2019-10-25 08:35:06',NULL,NULL),(311,'3174074101780003','317407140109516','ANI',NULL,NULL,NULL,'Jl. P. Antasari Gg. Cempaka 3 Rt. 005/006','3174071010',317407,3174,NULL,NULL,NULL,'2019-10-25 08:34:38','2019-10-25 08:35:06',NULL,NULL),(312,'3174074805730004','3174071401094990','SUNARSIH',NULL,NULL,NULL,'Jl. P. Antasari Gg. Koba Rt. 003/006','3174071010',317407,3174,NULL,NULL,NULL,'2019-10-25 08:34:38','2019-10-25 08:35:06',NULL,NULL),(313,'3174074304740004','3174071601090265','LAILA',NULL,NULL,NULL,'Jl. P. Antasari Gg. Koba Rt. 003/006','3174071010',317407,3174,NULL,NULL,NULL,'2019-10-25 08:34:38','2019-10-25 08:35:06',NULL,NULL),(314,'3213096610740002','3174072301141002','RASMI',NULL,NULL,NULL,'Jl. P. Antasari Gg. Koba Rt. 002/006','3174071010',317407,3174,NULL,NULL,NULL,'2019-10-25 08:34:38','2019-10-25 08:35:06',NULL,NULL),(315,'3174075612810002','3174071501091442','KUSNAINI',NULL,NULL,NULL,'Jl. P. Antasari Gg. Koba Rt. 002/006','3174071010',317407,3174,NULL,NULL,NULL,'2019-10-25 08:34:38','2019-10-25 08:35:06',NULL,NULL),(316,'3174076607780003','3174071501091965','TRIYANI',NULL,NULL,NULL,'Jl. P. Antasari Gg. Koba Rt. 002/006','3174071010',317407,3174,NULL,NULL,NULL,'2019-10-25 08:34:38','2019-10-25 08:35:06',NULL,NULL),(317,'3174074207720000','3174071501091049','CARRI SALMAH',NULL,NULL,NULL,'Jl. P. Antasari  Gg. Koba Rt. 002/006','3174071010',317407,3174,NULL,NULL,NULL,'2019-10-25 08:34:38','2019-10-25 08:35:06',NULL,NULL),(318,'3173044101781004','3174071501098940','INDRAWATI',NULL,NULL,NULL,'Jl. P. Antasari  Rt. 004/006','3174071010',317407,3174,NULL,NULL,NULL,'2019-10-25 08:34:38','2019-10-25 08:35:06',NULL,NULL),(319,'3174075612810002','3174071511091442','KUSYANI',NULL,NULL,NULL,'Jl. P. Antasari  Rt. 005/006','3174071010',317407,3174,NULL,NULL,NULL,'2019-10-25 08:34:38','2019-10-25 08:35:06',NULL,NULL),(320,'3174075502910001','3174072501121011','EVA SITI KURNIA',NULL,NULL,NULL,'Jl. P. Antasari Gg.  Kba Rt. 002/006','3174071010',317407,3174,NULL,NULL,NULL,'2019-10-25 08:34:38','2019-10-25 08:35:06',NULL,NULL),(321,'3174076010760002','3174071501096506','SITI SUHAENI',NULL,NULL,NULL,'Jl. Nangka V No.68 Rt. 010/002','3174071010',317407,3174,NULL,NULL,NULL,'2019-10-25 08:34:38','2019-10-25 08:35:06',NULL,NULL),(322,'3174076008840006','3174070205111012','NENIH SUMSRNI',NULL,NULL,NULL,'Jl. Damai Raya Rt. 012/002','3174071010',317407,3174,NULL,NULL,NULL,'2019-10-25 08:34:38','2019-10-25 08:35:06',NULL,NULL),(323,'3305264507710001','3174072609131012','WARIYATI',NULL,NULL,NULL,'Jl. H. Jian II B Rt. 008/007','3174071010',317407,3174,NULL,NULL,NULL,'2019-10-25 08:34:38','2019-10-25 08:35:06',NULL,NULL),(324,'3174074909710002','3174071401098868','SARUTI',NULL,NULL,NULL,'Jl. H. Namin Rt.015/007','3174071010',317407,3174,NULL,NULL,NULL,'2019-10-25 08:34:38','2019-10-25 08:35:06',NULL,NULL),(325,'3203274806880001','3174071601131006','SINTAWATI',NULL,NULL,NULL,'Jl. Damai IV Rt. 001/002','3174071010',317407,3174,NULL,NULL,NULL,'2019-10-25 08:34:38','2019-10-25 08:35:06',NULL,NULL),(326,'3302116304840003','3174071601090443','SOLIAH',NULL,NULL,NULL,'Jl. M. Jian Rt. 006/007','3174071010',317407,3174,NULL,NULL,NULL,'2019-10-25 08:34:38','2019-10-25 08:35:06',NULL,NULL),(327,'3174074101800006','3174071501099806',' ROHAYATI BT ABD R.',NULL,NULL,NULL,'Jl. Sawo II Rt. 008/002','3174071010',317407,3174,NULL,NULL,NULL,'2019-10-25 08:34:38','2019-10-25 08:35:06',NULL,NULL),(328,'3305106008271502','3174071401098722','TUTI HARYANI',NULL,NULL,NULL,'Jl. Dama V No. 35 Rt. 001/008','3174071010',317407,3174,NULL,NULL,NULL,'2019-10-25 08:34:38','2019-10-25 08:35:06',NULL,NULL),(329,'3328096206720005','3174071501098702','DASRI',NULL,NULL,NULL,'Jl. Damai Rt. 012/002','3174071010',317407,3174,NULL,NULL,NULL,'2019-10-25 08:34:38','2019-10-25 08:35:06',NULL,NULL),(330,'3302036104830003','3174070205121016','SATINAH',NULL,NULL,NULL,'Jl. H. Abdul Majid Rt. 013/007','3174071010',317407,3174,NULL,NULL,NULL,'2019-10-25 08:34:38','2019-10-25 08:35:06',NULL,NULL),(331,'3174075611810004','3174070901095994','SRI NOVITASARI',NULL,NULL,NULL,'Jl. Wijaya I Gg. Langgar  Rt. 006/003','3174071008',317407,3174,NULL,NULL,NULL,'2019-10-25 08:34:38','2019-10-25 08:35:06',NULL,NULL),(332,'3174075102770003','3174070901097479','DIANA DAMAYANTI',NULL,NULL,NULL,'Jl. Wijaya Timur I Dalam Rt. 014/002','3174071008',317407,3174,NULL,NULL,NULL,'2019-10-25 08:34:38','2019-10-25 08:35:06',NULL,NULL),(333,'3174076807700002','3174070901091543','TRI YULIYANTI',NULL,NULL,NULL,'Jl. Wijaya I. Gg. Langgar Rt. 014/003','3174071008',317407,3174,NULL,NULL,NULL,'2019-10-25 08:34:38','2019-10-25 08:35:06',NULL,NULL),(334,'3174077112690009','3174070901093551','SEKHATUN',NULL,NULL,NULL,'Jl. Wijaya I PCK  Rt. 012/005','3174071008',317407,3174,NULL,NULL,NULL,'2019-10-25 08:34:38','2019-10-25 08:35:06',NULL,NULL),(335,'3174076512720001','3174070901091567','SUYANTI',NULL,NULL,NULL,'Jl. Wijaya I PCK N. 50 Rt. 015/005','3174071008',317407,3174,NULL,NULL,NULL,'2019-10-25 08:34:38','2019-10-25 08:35:06',NULL,NULL),(336,'3174075209700002','3174070901095839','SAODAH',NULL,NULL,NULL,'Jl. Wijaya I. Gg. Langgar Rt. 011/003','3174071008',317407,3174,NULL,NULL,NULL,'2019-10-25 08:34:38','2019-10-25 08:35:06',NULL,NULL),(337,'3174076310760002','3174070901093654','MUNAWAROH',NULL,NULL,NULL,'Jl. Wijaya I PCK N. 50 Rt. 012/005','3174071008',317407,3174,NULL,NULL,NULL,'2019-10-25 08:34:38','2019-10-25 08:35:06',NULL,NULL),(338,'3174074608710005','3174070901095726','MARYANAH',NULL,NULL,NULL,'Jl. Wijaya I Gg. Langgar  Rt. 005/003','3174071008',317407,3174,NULL,NULL,NULL,'2019-10-25 08:34:38','2019-10-25 08:35:06',NULL,NULL),(339,'3174076004711001','3174071512110043','RUYATI',NULL,NULL,NULL,'Jl. Nipah I No. 5 Rt. 011/001','3174071008',317407,3174,NULL,NULL,NULL,'2019-10-25 08:34:38','2019-10-25 08:35:06',NULL,NULL),(340,'3174077107760007','3174072004100018','SITI SAADAH',NULL,NULL,NULL,'Jl. Wijaya Timur Dalam No. 23 Rt. 002/002','3174071008',317407,3174,NULL,NULL,NULL,'2019-10-25 08:34:38','2019-10-25 08:35:06',NULL,NULL),(341,'3174075608620007','3174071201095217','UMIYATI',NULL,NULL,NULL,'Jl. Masjid VII Rt. 006/05','3174071009',317407,3174,NULL,NULL,NULL,'2019-10-25 08:34:38','2019-10-25 08:35:06',NULL,NULL),(342,'3174074112680004','3174071803100002','ELY HARDIANI',NULL,NULL,NULL,'Gg. Bayem Makmur Rt. 007/008','3174071009',317407,3174,NULL,NULL,NULL,'2019-10-25 08:34:38','2019-10-25 08:35:06',NULL,NULL),(343,'3174075101820001','3174071301095935','PUNGKI KUMALASARI',NULL,NULL,NULL,'Jl.Dwijaya II Rt. 006/001','3174071009',317407,3174,NULL,NULL,NULL,'2019-10-25 08:34:38','2019-10-25 08:35:06',NULL,NULL),(344,'3174075102710002','3174071301111003','EMA RAHAYUNI',NULL,NULL,NULL,'Jl. Karya Utama VII Rt. 10/003','3174071009',317407,3174,NULL,NULL,NULL,'2019-10-25 08:34:38','2019-10-25 08:35:06',NULL,NULL),(345,'3174075001730005','3174071201094752','TUYEM',NULL,NULL,NULL,'Jl. Pete VI Bawah Rt.001/003','3174071009',317407,3174,NULL,NULL,NULL,'2019-10-25 08:34:38','2019-10-25 08:35:06',NULL,NULL),(346,'3174075205690008','3174071001098729','MASPIAH',NULL,NULL,NULL,'Jl.Gotong Royong III Rt. 012/006','3174071009',317407,3174,NULL,NULL,NULL,'2019-10-25 08:34:38','2019-10-25 08:35:06',NULL,NULL),(347,'3174074903700004','3174071001095546','NURHASANAH',NULL,NULL,NULL,'Jl. Dasa VI No. 17 Rt. 011/001','3174071009',317407,3174,NULL,NULL,NULL,'2019-10-25 08:34:38','2019-10-25 08:35:06',NULL,NULL),(348,'3305265003800007','3174073009151002','YUHANI',NULL,NULL,NULL,'Gg. Mahali II No. 45 Rt. 008/008','3174071009',317407,3174,NULL,NULL,NULL,'2019-10-25 08:34:38','2019-10-25 08:35:06',NULL,NULL),(349,'3174074508760005','3174071201097794','RATINAH',NULL,NULL,NULL,'Jl. Hidup Baru III No. 31 Rt.011/007','3174071009',317407,3174,NULL,NULL,NULL,'2019-10-25 08:34:38','2019-10-25 08:35:06',NULL,NULL),(350,'3174075405671001','3174071605121021','TAMINI',NULL,NULL,NULL,'Jl. Pete VI Bawah Rt.016.003','3174071009',317407,3174,NULL,NULL,NULL,'2019-10-25 08:34:38','2019-10-25 08:35:06',NULL,NULL),(351,'3174076512730005','3174071301096790','SITI ZAENAB',NULL,NULL,NULL,'Jl. Pulo Makmur Rt. 004/012','3174071009',317407,3174,NULL,NULL,NULL,'2019-10-25 08:34:38','2019-10-25 08:35:06',NULL,NULL),(352,'3174074702770004','3174071303130030','PUDJI RAHAYU',NULL,NULL,NULL,'Jl. H. Mahli II Rt. 001/008','3174071009',317407,3174,NULL,NULL,NULL,'2019-10-25 08:34:38','2019-10-25 08:35:06',NULL,NULL),(353,'3328065511730001','3174071301110043','SUKARTI',NULL,NULL,NULL,'Jl. Pulo Makmur Rt. 005/012','3174071009',317407,3174,NULL,NULL,NULL,'2019-10-25 08:34:38','2019-10-25 08:35:06',NULL,NULL),(354,'3174077112750016','3174071001110063','ISTINI',NULL,NULL,NULL,'Gg. H. Mahali II Radio Dalam No. 45 Rt. 005/008','3174071009',317407,3174,NULL,NULL,NULL,'2019-10-25 08:34:38','2019-10-25 08:35:06',NULL,NULL),(355,'3174075804780005','3174071301092025','SUSLAELI',NULL,NULL,NULL,'Jl. Pete VI Bawah Rt.007/008','3174071009',317407,3174,NULL,NULL,NULL,'2019-10-25 08:34:38','2019-10-25 08:35:06',NULL,NULL),(356,'3174075501741001','3174070110121010','ODAH',NULL,NULL,NULL,'Jl. Bayem Makmur Rt. 007/008','3174071009',317407,3174,NULL,NULL,NULL,'2019-10-25 08:34:38','2019-10-25 08:35:06',NULL,NULL),(357,'3174075109620001','3174072208170001','SISWATI',NULL,NULL,NULL,'Jl. Pulo Makmur Rt. 004/012','3174071009',317407,3174,NULL,NULL,NULL,'2019-10-25 08:34:38','2019-10-25 08:35:06',NULL,NULL),(358,'3174076210790023','3174070801110025','PARENG ASIH',NULL,NULL,NULL,'Jl. Pulo Makmur Rt. 004/012','3174071009',317407,3174,NULL,NULL,NULL,'2019-10-25 08:34:38','2019-10-25 08:35:06',NULL,NULL),(359,'3328067009790005','3174071810170003','CHOLIPAH',NULL,NULL,NULL,'Jl. Petogogan I Rt. 003/012','3174071009',317407,3174,NULL,NULL,NULL,'2019-10-25 08:34:38','2019-10-25 08:35:06',NULL,NULL),(360,'3174074905620002','3174071301095060','LASINEM',NULL,NULL,NULL,'Jl. Pete VI Bawah No. 33 Rt.007/008','3174071009',317407,3174,NULL,NULL,NULL,'2019-10-25 08:34:38','2019-10-25 08:35:06',NULL,NULL),(361,'3174074508700002','3174071001095598','ASIH BUDI ASTUTI',NULL,NULL,NULL,'Jl. Kamboja No. 53 Rt. 005/001','3174071009',317407,3174,NULL,NULL,NULL,'2019-10-25 08:34:38','2019-10-25 08:35:06',NULL,NULL),(362,'3174074308770014','3174071503110064','ROSMAYATI',NULL,NULL,NULL,'J. H. Salim II/ 19 Rt. 003/001','3174071009',317407,3174,NULL,NULL,NULL,'2019-10-25 08:34:38','2019-10-25 08:35:06',NULL,NULL),(363,'3174076003810007','3174070103110058','NGATMIYATI',NULL,NULL,NULL,'Jl. Dasa IV/30 Rt. 010/001','3174071009',317407,3174,NULL,NULL,NULL,'2019-10-25 08:34:38','2019-10-25 08:35:06',NULL,NULL),(364,'3174075808680004','3174071301096420','UMIYATI',NULL,NULL,NULL,'Jl. Margaguna I/15 Rt. 004/015','3174071009',317407,3174,NULL,NULL,NULL,'2019-10-25 08:34:38','2019-10-25 08:35:06',NULL,NULL),(365,'3304027006740001','3174071309110005','SUWARTI',NULL,NULL,NULL,'Jl. Dasa Raya Rt. 006/001','3174071009',317407,3174,NULL,NULL,NULL,'2019-10-25 08:34:38','2019-10-25 08:35:06',NULL,NULL),(366,'3174074905770005','3174071709101002','SAIDAH',NULL,NULL,NULL,'Jl. Dwijaya IV No. 90 Rt. 012/001','3174071009',317407,3174,NULL,NULL,NULL,'2019-10-25 08:34:38','2019-10-25 08:35:06',NULL,NULL),(367,'3174075707820005','3174071801160012','SITI KHOSIAH',NULL,NULL,NULL,'Jl. Dasa IV  Rt. 011/001','3174071009',317407,3174,NULL,NULL,NULL,'2019-10-25 08:34:38','2019-10-25 08:35:06',NULL,NULL),(368,'3174075003861001','3174072411101001','YAYAH NURHAYATI',NULL,NULL,NULL,'J. H. Salim II/ 69 Rt. 003/001','3174071009',317407,3174,NULL,NULL,NULL,'2019-10-25 08:34:38','2019-10-25 08:35:06',NULL,NULL),(369,'3174075809760006','3174071001095418','YANTIH. S',NULL,NULL,NULL,'Jl. Radio Dalam Rt.008/001','3174071009',317407,3174,NULL,NULL,NULL,'2019-10-25 08:34:38','2019-10-25 08:35:06',NULL,NULL),(370,'3174075012770003','3174071001094955','ATIYAH',NULL,NULL,NULL,'J. H. Salim II No. 17 Rt. 003/001','3174071009',317407,3174,NULL,NULL,NULL,'2019-10-25 08:34:38','2019-10-25 08:35:06',NULL,NULL),(371,'3174076507700005','3174070801094455','JUMENAH',NULL,NULL,NULL,'Jl. Pandan Rt. 009/009','3174071003',317407,3174,NULL,NULL,NULL,'2019-10-25 08:34:38','2019-10-25 08:35:06',NULL,NULL),(372,'3174074611830012','3174070102170006','NOVIANI',NULL,NULL,NULL,'Jl. Pandan Rt. 013/009','3174071003',317407,3174,NULL,NULL,NULL,'2019-10-25 08:34:38','2019-10-25 08:35:06',NULL,NULL),(373,'3174075007820001','3174072809100033','HAWILAH',NULL,NULL,NULL,'Jl. Pandan Rt. 013/009','3174071003',317407,3174,NULL,NULL,NULL,'2019-10-25 08:34:38','2019-10-25 08:35:06',NULL,NULL),(374,'3174074210790001','3174071303131008','ANDRIANI',NULL,NULL,NULL,'Jl. Gandaria I Rt. 002/009','3174071003',317407,3174,NULL,NULL,NULL,'2019-10-25 08:34:38','2019-10-25 08:35:06',NULL,NULL),(375,'3174074610770001','3174071702100027','LINDAWATI',NULL,NULL,NULL,'Jl. Pandan Rt. 013/009','3174071003',317407,3174,NULL,NULL,NULL,'2019-10-25 08:34:38','2019-10-25 08:35:06',NULL,NULL),(376,'3174074807790003','3174070801093434','MIRA',NULL,NULL,NULL,'Jl. Pandan Rt. 013/009','3174071003',317407,3174,NULL,NULL,NULL,'2019-10-25 08:34:38','2019-10-25 08:35:06',NULL,NULL),(377,'3174075709920002','3174072408100011','RATNA JUWITA',NULL,NULL,NULL,'Jl. Pandan Rt. 010/009','3174071003',317407,3174,NULL,NULL,NULL,'2019-10-25 08:34:38','2019-10-25 08:35:06',NULL,NULL),(378,'3210106812820001','3174071010110015','NURIAH',NULL,NULL,NULL,'Kp. Sawah Rt. 04/09','3174071003',317407,3174,NULL,NULL,NULL,'2019-10-25 08:34:38','2019-10-25 08:35:06',NULL,NULL),(379,'3174076309760003','3174070801090768','SANIEH',NULL,NULL,NULL,'Jl. Pandan Rt. 013/009','3174071003',317407,3174,NULL,NULL,NULL,'2019-10-25 08:34:38','2019-10-25 08:35:06',NULL,NULL),(380,'3174076305850003','3174070801093090','ANDINI',NULL,NULL,NULL,'Jl. Gandaria I Rt. 002/009','3174071003',317407,3174,NULL,NULL,NULL,'2019-10-25 08:34:38','2019-10-25 08:35:06',NULL,NULL),(381,'3174075208780005','3174070701094278','MINDASARI',NULL,NULL,NULL,'Kp. Sawah Rt. 009/008','3174071003',317407,3174,NULL,NULL,NULL,'2019-10-25 08:34:38','2019-10-25 08:35:06',NULL,NULL),(382,'3329095707870005','3174072202160007','LINA KARYATI',NULL,NULL,NULL,'Jl. Gandaria I Gg. H. Aom Rt. 003/008','3174071003',317407,3174,NULL,NULL,NULL,'2019-10-25 08:34:38','2019-10-25 08:35:06',NULL,NULL),(383,'3174075406650002','3174070701092586','SUMI',NULL,NULL,NULL,'Jl. Antena X  Rt. 009/008','3174071003',317407,3174,NULL,NULL,NULL,'2019-10-25 08:34:38','2019-10-25 08:35:06',NULL,NULL),(384,'3174076808790009','3174072411110002','ENDANG SRI W.',NULL,NULL,NULL,'Jl. Gandaria I Gg. H. Aom Rt. 009/008','3174071003',317407,3174,NULL,NULL,NULL,'2019-10-25 08:34:38','2019-10-25 08:35:06',NULL,NULL),(385,'3174076808790009','3174072411110002','INDRAYATI',NULL,NULL,NULL,'Jl. Gandaraia I  Rt. 009/008','3174071003',317407,3174,NULL,NULL,NULL,'2019-10-25 08:34:38','2019-10-25 08:35:06',NULL,NULL),(386,'3174076108740004','3174070701098067','ANISAH RAHMAN',NULL,NULL,NULL,'Jl. Antena IV/21 Rt.008/008','3174071003',317407,3174,NULL,NULL,NULL,'2019-10-25 08:34:38','2019-10-25 08:35:06',NULL,NULL),(387,'3174076611770006','3174071010110010','PARISAN BT WAR.',NULL,NULL,NULL,'Jl. Gandaraia I  Rt. 009/008','3174071003',317407,3174,NULL,NULL,NULL,'2019-10-25 08:34:38','2019-10-25 08:35:06',NULL,NULL),(388,'3209055605540001','3174072707110007','RENDA',NULL,NULL,NULL,'Jl. Antena  Rt.008/008','3174071003',317407,3174,NULL,NULL,NULL,'2019-10-25 08:34:38','2019-10-25 08:35:06',NULL,NULL),(389,'3174075405580004','3174070801093682','SUWARSIH',NULL,NULL,NULL,'Jl. Antena  Rt.007/008','3174071003',317407,3174,NULL,NULL,NULL,'2019-10-25 08:34:38','2019-10-25 08:35:06',NULL,NULL),(390,'3174076005820007','3174070701096645','LAILY DJUMIYATI',NULL,NULL,NULL,'Jl. Gandaria I Gg. H. Aom Rt. 001/008','3174071003',317407,3174,NULL,NULL,NULL,'2019-10-25 08:34:38','2019-10-25 08:35:06',NULL,NULL),(391,'3201375607750014','3174070701096810','SUPARTINAH',NULL,NULL,NULL,'Jl. Antena IV Rt. 007/008','3174071003',317407,3174,NULL,NULL,NULL,'2019-10-25 08:34:38','2019-10-25 08:35:06',NULL,NULL),(392,'3174074103790001','3174070701094275','INAH SARTINAH',NULL,NULL,NULL,'Jl. Antena IV Rt. 007/008','3174071003',317407,3174,NULL,NULL,NULL,'2019-10-25 08:34:38','2019-10-25 08:35:06',NULL,NULL),(393,'3174075709720002','3174070701097184','SUMARNI',NULL,NULL,NULL,'Jl. Antena IV Rt. 007/008','3174071003',317407,3174,NULL,NULL,NULL,'2019-10-25 08:34:38','2019-10-25 08:35:06',NULL,NULL),(394,'3312186008770002','3174073003110006','SUPATMI',NULL,NULL,NULL,'Jl. Antena IV Rt. 007/008','3174071003',317407,3174,NULL,NULL,NULL,'2019-10-25 08:34:38','2019-10-25 08:35:06',NULL,NULL),(395,'3305144705790002','3174070701096397','SUMARNI',NULL,NULL,NULL,'Jl. Antena IV Rt. 007/008','3174071003',317407,3174,NULL,NULL,NULL,'2019-10-25 08:34:38','2019-10-25 08:35:06',NULL,NULL),(396,'3174076309940003','3174070903100012','KOMALASARI',NULL,NULL,NULL,'Jl. Antena IV Rt. 007/008','3174071003',317407,3174,NULL,NULL,NULL,'2019-10-25 08:34:38','2019-10-25 08:35:06',NULL,NULL),(397,'3174076903541001','3174070701099942','SARPAH',NULL,NULL,NULL,'Jl. Antena IV Rt. 007/008','3174071003',317407,3174,NULL,NULL,NULL,'2019-10-25 08:34:38','2019-10-25 08:35:06',NULL,NULL),(398,'3174074504450001','3174070701092826','TJASMUAH',NULL,NULL,NULL,'Jl. Antena IV Rt. 007/008','3174071003',317407,3174,NULL,NULL,NULL,'2019-10-25 08:34:38','2019-10-25 08:35:06',NULL,NULL),(399,'3311105712630002','3174070701099019','SUPARMI',NULL,NULL,NULL,'Jl. Antena IV Rt. 007/008','3174071003',317407,3174,NULL,NULL,NULL,'2019-10-25 08:34:38','2019-10-25 08:35:06',NULL,NULL),(400,'3174074307730005','3174070701099787','SRI WAHYUNI',NULL,NULL,NULL,'Jl. Antena IV Rt. 007/008','3174071003',317407,3174,NULL,NULL,NULL,'2019-10-25 08:34:38','2019-10-25 08:35:06',NULL,NULL),(401,'3328044305790002','3174050901151009','ANDRIYANTI',NULL,NULL,NULL,'Tanah Kusir II Rt. 012/009','3174051006',317405,3174,NULL,NULL,NULL,'2019-10-25 08:34:38','2019-10-25 08:35:06',NULL,NULL),(402,'3174055504720012','3174052701093724','SRI HANDAYANI',NULL,NULL,NULL,'Tanah Kusir II Rt. 012/009','3174051006',317405,3174,NULL,NULL,NULL,'2019-10-25 08:34:38','2019-10-25 08:35:06',NULL,NULL),(403,'3329047009790002','3174050108131010','SUTIMAH',NULL,NULL,NULL,'Tanah Kusir II Rt. 005/011','3174051006',317405,3174,NULL,NULL,NULL,'2019-10-25 08:34:38','2019-10-25 08:35:06',NULL,NULL),(404,'3174074408770002','3174071401090245','SRI LESTARI',NULL,NULL,NULL,'Jl. Kamboja Rt. 002/001','3174051006',317405,3174,NULL,NULL,NULL,'2019-10-25 08:34:38','2019-10-25 08:35:06',NULL,NULL),(405,'3174056105780007','3174052701091559','FLORINA',NULL,NULL,NULL,'Tanah Kusir II Rt. 009/009','3174051006',317405,3174,NULL,NULL,NULL,'2019-10-25 08:34:38','2019-10-25 08:35:06',NULL,NULL),(406,'3524135009790001','3174051106100039','ITA RAHMAWATI',NULL,NULL,NULL,'Tanah Kusir II Rt. 011/009','3174051006',317405,3174,NULL,NULL,NULL,'2019-10-25 08:34:38','2019-10-25 08:35:06',NULL,NULL),(407,'3209285211680005','3174051005160021','NAYI',NULL,NULL,NULL,'Tanah Kusir II Rt. 012/009','3174051006',317405,3174,NULL,NULL,NULL,'2019-10-25 08:34:38','2019-10-25 08:35:06',NULL,NULL),(408,'3174056504740005','3174052301094887','MISWATI',NULL,NULL,NULL,'Tanah Kusir IV Rt. 002/009','3174051006',317405,3174,NULL,NULL,NULL,'2019-10-25 08:34:38','2019-10-25 08:35:06',NULL,NULL),(409,'3174054104720006','3174052401093357','MUNAWATI',NULL,NULL,NULL,'Tanah Kusir IV/3 Rt. 002/009','3174051006',317405,3174,NULL,NULL,NULL,'2019-10-25 08:34:38','2019-10-25 08:35:06',NULL,NULL),(410,'3174056712720009','3174050409121027','SURNIAH',NULL,NULL,NULL,'Tanah Kusir II Rt. 009/009','3174051006',317405,3174,NULL,NULL,NULL,'2019-10-25 08:34:38','2019-10-25 08:35:06',NULL,NULL),(411,'3174055911820008','3174050205110083','SULIHA',NULL,NULL,NULL,'Kp. Duku Rt. 006/002','3174051001',317405,3174,NULL,NULL,NULL,'2019-10-25 08:34:38','2019-10-25 08:35:06',NULL,NULL),(412,'3174054311730007','3174051601098703','WURISIH',NULL,NULL,NULL,'Jl. Pelita Rt. 015/008','3174051001',317405,3174,NULL,NULL,NULL,'2019-10-25 08:34:38','2019-10-25 08:35:06',NULL,NULL),(413,'3174075308770001','3174070601095175','PATIA AGUSTINA',NULL,NULL,NULL,'Jl. Hang Jebat Raya Rt.006/008','3174051001',317405,3174,NULL,NULL,NULL,'2019-10-25 08:34:38','2019-10-25 08:35:06',NULL,NULL),(414,'3174055208800003','3174051601094371','GUSTI INDAH SARI',NULL,NULL,NULL,'Jl. Stasiun Rt. 003/001','3174051001',317405,3174,NULL,NULL,NULL,'2019-10-25 08:34:38','2019-10-25 08:35:06',NULL,NULL),(415,'3174055706810006','3174051701092628','ZULIS SETYOWATI',NULL,NULL,NULL,'Kp. Duku Rt. 007/006','3174051001',317405,3174,NULL,NULL,NULL,'2019-10-25 08:34:38','2019-10-25 08:35:06',NULL,NULL),(416,'3174054712770011','3174051601092268','LATIFAH',NULL,NULL,NULL,'Jl. Peninggaran Timur III Rt.003/009','3174051001',317405,3174,NULL,NULL,NULL,'2019-10-25 08:34:38','2019-10-25 08:35:06',NULL,NULL),(417,'3174055208830010','3174051601094151','PARTIMAH',NULL,NULL,NULL,'Jl. Peninggarn Barat II  Rt. 013/011','3174051001',317405,3174,NULL,NULL,NULL,'2019-10-25 08:34:38','2019-10-25 08:35:06',NULL,NULL),(418,'3174054502740002','3174051701098289','MUHINAH',NULL,NULL,NULL,'Jl. Delima Elok  VI Rt. 004/011','3174051001',317405,3174,NULL,NULL,NULL,'2019-10-25 08:34:38','2019-10-25 08:35:06',NULL,NULL),(419,'3174055802720005','3174051401097882','KUSNIA',NULL,NULL,NULL,'Kp. Duku Rt. 008/005','3174051001',317405,3174,NULL,NULL,NULL,'2019-10-25 08:34:38','2019-10-25 08:35:06',NULL,NULL),(420,'3201215406740003','3174050111111006','KUSNAH',NULL,NULL,NULL,'Kp. Duku Rt. 008/005','3174051001',317405,3174,NULL,NULL,NULL,'2019-10-25 08:34:38','2019-10-25 08:35:06',NULL,NULL),(421,'3174056807810012','3174051801110010','FITRIA PRAMANDARI',NULL,NULL,NULL,'Jl. Simprug Golf II Rt. 008/008','3174051005',317405,3174,NULL,NULL,NULL,'2019-10-25 08:34:38','2019-10-25 08:35:06',NULL,NULL),(422,'3174056207750003','3174051201090261','EMIL RIA TRISNAWATI',NULL,NULL,NULL,'Jl. Simprug Golf II Rt. 008/008','3174051005',317405,3174,NULL,NULL,NULL,'2019-10-25 08:34:38','2019-10-25 08:35:06',NULL,NULL),(423,'3175016010820004','3174051306110044','HERNA',NULL,NULL,NULL,'Simprug Rt. 009/008','3174051005',317405,3174,NULL,NULL,NULL,'2019-10-25 08:34:38','2019-10-25 08:35:06',NULL,NULL),(424,'3174056709740008','3174051201090038','PRIHATIN SEDIATI',NULL,NULL,NULL,'Jl. Simprug Golf II Rt. 008/008','3174051005',317405,3174,NULL,NULL,NULL,'2019-10-25 08:34:38','2019-10-25 08:35:06',NULL,NULL),(425,'3174055508781001','3174051001090703','SUMARTINI',NULL,NULL,NULL,'Jl. Simprug Golf  Rt. 009/008','3174051005',317405,3174,NULL,NULL,NULL,'2019-10-25 08:34:38','2019-10-25 08:35:06',NULL,NULL),(426,'3305195611820003','3174050105121019','RIANA',NULL,NULL,NULL,'Jl. Simprug Golf II Rt. 008/008','3174051005',317405,3174,NULL,NULL,NULL,'2019-10-25 08:34:38','2019-10-25 08:35:06',NULL,NULL),(427,'3175055402650007','3174050801092015','YATMI',NULL,NULL,NULL,'Jl. Simprug Golf II Rt. 009/008','3174051005',317405,3174,NULL,NULL,NULL,'2019-10-25 08:34:38','2019-10-25 08:35:06',NULL,NULL),(428,'3174055310730008','3174050901093273','SUSILAWATI',NULL,NULL,NULL,'Jl. Simprug Golf II Rt. 008/008','3174051005',317405,3174,NULL,NULL,NULL,'2019-10-25 08:34:38','2019-10-25 08:35:06',NULL,NULL),(429,'3312115009670002','3174051202110001','PAINAH',NULL,NULL,NULL,'Jl. Simprug Golf II Rt. 009/008','3174051005',317405,3174,NULL,NULL,NULL,'2019-10-25 08:34:38','2019-10-25 08:35:06',NULL,NULL),(430,'3174054211720012','3174053011090012','KUSMIATI',NULL,NULL,NULL,'Jl. Simprug Golf II Rt. 008/008','3174051005',317405,3174,NULL,NULL,NULL,'2019-10-25 08:34:38','2019-10-25 08:35:06',NULL,NULL),(431,'3174055106720011','3174050801110046','YANI',NULL,NULL,NULL,'Jl. Jiban Rt. 010/001','3174051005',317405,3174,NULL,NULL,NULL,'2019-10-25 08:34:38','2019-10-25 08:35:06',NULL,NULL),(432,'3174056405760005','3174051001092502','ERNA URLIANI',NULL,NULL,NULL,'Jl. Masjid Nur III/ 25 Rt. 011/001','3174051005',317405,3174,NULL,NULL,NULL,'2019-10-25 08:34:38','2019-10-25 08:35:06',NULL,NULL),(433,'3174055507780009','3174050901099462','DEWI UTAMI',NULL,NULL,NULL,'Gg. Buntu Rt. 010/010','3174051005',317405,3174,NULL,NULL,NULL,'2019-10-25 08:34:38','2019-10-25 08:35:06',NULL,NULL),(434,'3174054506730005','3174050801096867','SITI HAMAH',NULL,NULL,NULL,'Jl. Kramat I No. 32 Rt. 001/001','3174051005',317405,3174,NULL,NULL,NULL,'2019-10-25 08:34:38','2019-10-25 08:35:06',NULL,NULL),(435,'3174054501730012','3174052811120012','NURLAELA',NULL,NULL,NULL,'Jl. Jiban Rt. 004/001','3174051005',317405,3174,NULL,NULL,NULL,'2019-10-25 08:34:38','2019-10-25 08:35:06',NULL,NULL),(436,'3174055006740011','3174051001095599','ARTIKAH',NULL,NULL,NULL,'Jl. Jiban Rt. 007/001','3174051005',317405,3174,NULL,NULL,NULL,'2019-10-25 08:34:38','2019-10-25 08:35:06',NULL,NULL),(437,'3174055001830011','3174052206100042','JULAELAH',NULL,NULL,NULL,'Jl. Jiban II Rt. 007/001','3174051005',317405,3174,NULL,NULL,NULL,'2019-10-25 08:34:38','2019-10-25 08:35:06',NULL,NULL),(438,'3329096010810002','3174052503141018','SULAMI',NULL,NULL,NULL,'Jl. Masjid An-Nur III Rt. 14/001','3174051005',317405,3174,NULL,NULL,NULL,'2019-10-25 08:34:38','2019-10-25 08:35:06',NULL,NULL),(439,'3174056704820013','3174051712150021','ERNA EVIYANTHI',NULL,NULL,NULL,'Jl. H. Salihun Rt. 009/001','3174051005',317405,3174,NULL,NULL,NULL,'2019-10-25 08:34:38','2019-10-25 08:35:06',NULL,NULL),(440,'3174055610680009','3174051001095266','NYAI ZAKIYAH',NULL,NULL,NULL,'Jl. Jiban I Rt. 004/001','3174051005',317405,3174,NULL,NULL,NULL,'2019-10-25 08:34:38','2019-10-25 08:35:06',NULL,NULL),(441,'3174055606850006','3174051201090537','IRMANIAH',NULL,NULL,NULL,'Jl. Kebon KelapaRt. 13/011','3174051005',317405,3174,NULL,NULL,NULL,'2019-10-25 08:34:38','2019-10-25 08:35:06',NULL,NULL),(442,'3328034505820013','3174051801130016','NUR MALIKHAH',NULL,NULL,NULL,'Jl. Cidodol Rt. O03/006','3174051005',317405,3174,NULL,NULL,NULL,'2019-10-25 08:34:38','2019-10-25 08:35:06',NULL,NULL),(443,'3174056104690009','3174051001097922','TITI HERANATI',NULL,NULL,NULL,'Cidodol No. 27 Rt. 002/006','3174051005',317405,3174,NULL,NULL,NULL,'2019-10-25 08:34:38','2019-10-25 08:35:06',NULL,NULL),(444,'3174055007680018','3174052903121028','PONILAH',NULL,NULL,NULL,'Jl. Cidodol Rt. O03/006','3174051005',317405,3174,NULL,NULL,NULL,'2019-10-25 08:34:38','2019-10-25 08:35:06',NULL,NULL),(445,'3174074112870001','3174052401111010','TAJUL HAYATY',NULL,NULL,NULL,'Jl. Kangkung RT. 015/006','3174051005',317405,3174,NULL,NULL,NULL,'2019-10-25 08:34:38','2019-10-25 08:35:06',NULL,NULL),(446,'4174055106770002','3174050901098774','SITI AISYAH',NULL,NULL,NULL,'Jl. Cidodol Rt. O02/006','3174051005',317405,3174,NULL,NULL,NULL,'2019-10-25 08:34:38','2019-10-25 08:35:06',NULL,NULL),(447,'3174055601880005','3174051511111020','HIQMAH MALINA',NULL,NULL,NULL,'Cidodol No. 27 Rt. 002/006','3174051005',317405,3174,NULL,NULL,NULL,'2019-10-25 08:34:38','2019-10-25 08:35:06',NULL,NULL),(448,'3174057112630032','3174050901092961','NURHAYATI',NULL,NULL,NULL,'Jl. Kangkung RT. 015/006','3174051005',317405,3174,NULL,NULL,NULL,'2019-10-25 08:34:38','2019-10-25 08:35:06',NULL,NULL),(449,'3174050306490006','3174050801097981','NURODIN',NULL,NULL,NULL,'Cidodol Rt. 015/006','3174051005',317405,3174,NULL,NULL,NULL,'2019-10-25 08:34:38','2019-10-25 08:35:06',NULL,NULL),(450,'3201035008810009','3174052806111058','YANIH',NULL,NULL,NULL,'Cidodol Rt. 015/007','3174051005',317405,3174,NULL,NULL,NULL,'2019-10-25 08:34:38','2019-10-25 08:35:06',NULL,NULL),(451,'3174054907700001','3174052201097444','MASTINAH',NULL,NULL,NULL,'Jl. Kampung Baru Rt. 004/005','3174051002',317405,3174,NULL,NULL,NULL,'2019-10-25 08:34:38','2019-10-25 08:35:06',NULL,NULL),(452,'3174054610870005','3174050912090060','ERMI KARYANTI',NULL,NULL,NULL,'Jl. Kampung Baru Rt. 013/005','3174051002',317405,3174,NULL,NULL,NULL,'2019-10-25 08:34:38','2019-10-25 08:35:06',NULL,NULL),(453,'3174054501840015','3174052201093326','RATNA ARI HARYANI',NULL,NULL,NULL,'Jl. Subur Rt. 008/005','3174051002',317405,3174,NULL,NULL,NULL,'2019-10-25 08:34:38','2019-10-25 08:35:06',NULL,NULL),(454,'3174055807660002','3174052001093196','MIRA MARYATI',NULL,NULL,NULL,'Jl. Subur Rt. 012/005','3174051002',317405,3174,NULL,NULL,NULL,'2019-10-25 08:34:38','2019-10-25 08:35:06',NULL,NULL),(455,'3174054105780010','3174050801160004','SITI ROHMAH',NULL,NULL,NULL,'Jl. Subur Rt. 009/005','3174051002',317405,3174,NULL,NULL,NULL,'2019-10-25 08:34:38','2019-10-25 08:35:06',NULL,NULL),(456,'3174054502690002','3174052201092492','RASIH',NULL,NULL,NULL,'Pondok Pinang Rt. 007/005','3174051002',317405,3174,NULL,NULL,NULL,'2019-10-25 08:34:38','2019-10-25 08:35:06',NULL,NULL),(457,'3174055211680014','3174052201098028','NURSINAH',NULL,NULL,NULL,'Jl. Subur Rt. 011/005','3174051002',317405,3174,NULL,NULL,NULL,'2019-10-25 08:34:38','2019-10-25 08:35:06',NULL,NULL),(458,'3174055511740001','3174052201093672','ELA NURLAELA',NULL,NULL,NULL,'Jl. Subur Rt. 012/005','3174051002',317405,3174,NULL,NULL,NULL,'2019-10-25 08:34:38','2019-10-25 08:35:06',NULL,NULL),(459,'3174056310720002','3174052101092681','WARMINAH BT CARMAN',NULL,NULL,NULL,'Jl. Kampung Baru Rt. 013/005','3174051002',317405,3174,NULL,NULL,NULL,'2019-10-25 08:34:38','2019-10-25 08:35:06',NULL,NULL),(460,'3276036208510001','3174051711111041','SITI AISYAH',NULL,NULL,NULL,'Jl. Kampung Baru Rt. 002/005','3174051002',317405,3174,NULL,NULL,NULL,'2019-10-25 08:34:38','2019-10-25 08:35:06',NULL,NULL),(461,'3174055512810005','3174051001091101','AHADAH',NULL,NULL,NULL,'Kebon Kelapa Rt. 005/011','3174051005',317405,3174,NULL,NULL,NULL,'2019-10-25 08:34:38','2019-10-25 08:35:06',NULL,NULL),(462,'3175036101740007','3174050901090280','SUSILAWATI',NULL,NULL,NULL,'Jl. Kebon Kelapa Rt. 005/011','3174051005',317405,3174,NULL,NULL,NULL,'2019-10-25 08:34:38','2019-10-25 08:35:06',NULL,NULL),(463,'3174056209810008','3174051001093599','ANITA RAHAYU',NULL,NULL,NULL,'Kebon Kelapa Rt. 006/011','3174051005',317405,3174,NULL,NULL,NULL,'2019-10-25 08:34:38','2019-10-25 08:35:06',NULL,NULL),(464,'3174055009750011','3174051001096846','NURLAELA',NULL,NULL,NULL,'Kebon Kelapa No. 22 B Rt. 004/011','3174051005',317405,3174,NULL,NULL,NULL,'2019-10-25 08:34:38','2019-10-25 08:35:06',NULL,NULL),(465,'3174056003730010','3174051001097288','ASUROH',NULL,NULL,NULL,'Kebon Kelapa Rt. 005/011','3174051005',317405,3174,NULL,NULL,NULL,'2019-10-25 08:34:38','2019-10-25 08:35:06',NULL,NULL),(466,'3174055907810004','3174051001093066','EKO PUJI RIANI',NULL,NULL,NULL,'Jl. Kangkung RT. 001/011','3174051005',317405,3174,NULL,NULL,NULL,'2019-10-25 08:34:38','2019-10-25 08:35:06',NULL,NULL),(467,'3174054511560007','3174051807160007','PUTIAH',NULL,NULL,NULL,'Kebon Kelapa Rt. 005/011','3174051005',317405,3174,NULL,NULL,NULL,'2019-10-25 08:34:38','2019-10-25 08:35:06',NULL,NULL),(468,'3174056204741001','3174052210110004','SITI HODIJAH',NULL,NULL,NULL,'Kebon Kelapa Rt. 013/011','3174051005',317405,3174,NULL,NULL,NULL,'2019-10-25 08:34:38','2019-10-25 08:35:06',NULL,NULL),(469,'1974057001820013','3174051512101002','ZUHRIAH',NULL,NULL,NULL,'Jl. Komplek HANKAM No. 22 Rt. 005/011','3174051005',317405,3174,NULL,NULL,NULL,'2019-10-25 08:34:38','2019-10-25 08:35:06',NULL,NULL),(470,'3174055607691001','3174051706111009','NUR KOMARIAH',NULL,NULL,NULL,'Gg. Seha Rt. 006/010','3174051005',317405,3174,NULL,NULL,NULL,'2019-10-25 08:34:38','2019-10-25 08:35:06',NULL,NULL),(471,'3174054501820002','3174050601091356','ASMANAH',NULL,NULL,NULL,'Jl. Kemandoran VIII Rt. 007/011','3174051004',317405,3174,NULL,NULL,NULL,'2019-10-25 08:34:38','2019-10-25 08:35:06',NULL,NULL),(472,'3174054512750009','3174051612100098','RUBIATI',NULL,NULL,NULL,'Jl. Saidi Rt. 003/007','3174051004',317405,3174,NULL,NULL,NULL,'2019-10-25 08:34:38','2019-10-25 08:35:06',NULL,NULL),(473,'3174056006761001','3174051512101023','YULIATI',NULL,NULL,NULL,'Kp. Rawa Rt. 002/009','3174051004',317405,3174,NULL,NULL,NULL,'2019-10-25 08:34:38','2019-10-25 08:35:06',NULL,NULL),(474,'3174054102780005','3174050701090224','LIAH',NULL,NULL,NULL,'Kp. Pluis Rt. 001/014','3174051004',317405,3174,NULL,NULL,NULL,'2019-10-25 08:34:38','2019-10-25 08:35:06',NULL,NULL),(475,'3205106806750002','3174050502110047','ATIKAH',NULL,NULL,NULL,'Jl. Pulo Mawar  Rt. 004/004','3174051004',317405,3174,NULL,NULL,NULL,'2019-10-25 08:34:38','2019-10-25 08:35:06',NULL,NULL),(476,'3174054403730016','3174052705160002','PURTININGSIH',NULL,NULL,NULL,'Jl. Tanah Baru I Rt. 005/013','3174051004',317405,3174,NULL,NULL,NULL,'2019-10-25 08:34:38','2019-10-25 08:35:06',NULL,NULL),(477,'3174055207750014','3174050701094502','ADE ROHAYATI',NULL,NULL,NULL,'Jl. Pulo Kenanga VIN. 33 RT. 008/015','3174051004',317405,3174,NULL,NULL,NULL,'2019-10-25 08:34:38','2019-10-25 08:35:06',NULL,NULL),(478,'3173065005740017','3174050601093124','SANISEM',NULL,NULL,NULL,'Jl. Tanah Baru I Rt. 005/013','3174051004',317405,3174,NULL,NULL,NULL,'2019-10-25 08:34:38','2019-10-25 08:35:06',NULL,NULL),(479,'3174054707790009','3174050701090945','ZUMROH',NULL,NULL,NULL,'Jl. Kebon Nanas Rt. 005/010','3174051004',317405,3174,NULL,NULL,NULL,'2019-10-25 08:34:38','2019-10-25 08:35:06',NULL,NULL),(480,'3174055402391001','3174050301121050','RASINI',NULL,NULL,NULL,'Juraganan  Rt. 006/008','3174051004',317405,3174,NULL,NULL,NULL,'2019-10-25 08:34:38','2019-10-25 08:35:06',NULL,NULL),(481,'3174054502730005','3174051301093278','NENA SUKMAWATI',NULL,NULL,NULL,'Kebon Mangga Rt. 008/002','3174051003',317405,3174,NULL,NULL,NULL,'2019-10-25 08:34:38','2019-10-25 08:35:06',NULL,NULL),(482,'3174055004590002','3174051401091542','SUWARNI',NULL,NULL,NULL,'Kebon Mangga IV / 30 Rt. 008/002','3174051003',317405,3174,NULL,NULL,NULL,'2019-10-25 08:34:38','2019-10-25 08:35:06',NULL,NULL),(483,'3174056102790001','3174053003120024','HIKMAWATI',NULL,NULL,NULL,'Jl. Kebon Mangga Rt. 012/002','3174051003',317405,3174,NULL,NULL,NULL,'2019-10-25 08:34:38','2019-10-25 08:35:06',NULL,NULL),(484,'3174054804750008','3174051201092098','SITI SHOLICHA',NULL,NULL,NULL,'Kebon Mangga Rt. 011/002','3174051003',317405,3174,NULL,NULL,NULL,'2019-10-25 08:34:38','2019-10-25 08:35:06',NULL,NULL),(485,'3174055606720002','3174051201099552','SUWARTI BIN SUYADI',NULL,NULL,NULL,'Kebon Mangga Rt. 012/002','3174051003',317405,3174,NULL,NULL,NULL,'2019-10-25 08:34:38','2019-10-25 08:35:06',NULL,NULL),(486,'3174056104570001','3174051301090129','SUMIYEM',NULL,NULL,NULL,'Kebon Mangga Rt. 011/002','3174051003',317405,3174,NULL,NULL,NULL,'2019-10-25 08:34:38','2019-10-25 08:35:06',NULL,NULL),(487,'3174050111871001',' \'31740530031200','KASIMIN',NULL,NULL,NULL,'Jl. Kebon Mangga Rt. 012/002','3174051003',317405,3174,NULL,NULL,NULL,'2019-10-25 08:34:38','2019-10-25 08:35:06',NULL,NULL),(488,'3174054411700001','3174051301090871','TRIMANTI',NULL,NULL,NULL,'Kebon Mangga Rt. 012/002','3174051003',317405,3174,NULL,NULL,NULL,'2019-10-25 08:34:38','2019-10-25 08:35:06',NULL,NULL),(489,'3174052407740011','3174051301090461','BUDI UTOMO',NULL,NULL,NULL,'Kebon Mangga Rt. 011/002','3174051003',317405,3174,NULL,NULL,NULL,'2019-10-25 08:34:38','2019-10-25 08:35:06',NULL,NULL),(490,'3174055509650003','3174051301090392','DASIYAH',NULL,NULL,NULL,'Kebon Mangga Rt 11 Rw 02','3174051003',317405,3174,NULL,NULL,NULL,'2019-10-25 08:34:38','2019-10-25 08:35:06',NULL,NULL),(491,'3174055301730006','3174051301110041','YUMAENI',NULL,NULL,NULL,'Jl. Cipulir Rt. 002/006','3174051003',317405,3174,NULL,NULL,NULL,'2019-10-25 08:34:38','2019-10-25 08:35:06',NULL,NULL),(492,'3174056310680007','3174051609100001','IIN KARLINA',NULL,NULL,NULL,'Cipulir No. 26  Rt. 001/006','3174051003',317405,3174,NULL,NULL,NULL,'2019-10-25 08:34:38','2019-10-25 08:35:06',NULL,NULL),(493,'3174055704730001','3174051401093541','SULARSIH',NULL,NULL,NULL,'Cipulir No. 20  Rt. 001/006','3174051003',317405,3174,NULL,NULL,NULL,'2019-10-25 08:34:38','2019-10-25 08:35:06',NULL,NULL),(494,'3329124807780007','3174051209111007','SUKENAH',NULL,NULL,NULL,'Cipulir Rt. 002/006','3174051003',317405,3174,NULL,NULL,NULL,'2019-10-25 08:34:38','2019-10-25 08:35:06',NULL,NULL),(495,'3174055708741001','3174051306111038','JULAEHAH',NULL,NULL,NULL,'Jl. Samudra No. 46 B Rt.005/005','3174051003',317405,3174,NULL,NULL,NULL,'2019-10-25 08:34:38','2019-10-25 08:35:06',NULL,NULL),(496,'3174058109730002','3174051201093933','SITI KANAH',NULL,NULL,NULL,'Jl. Cipulir N. 24 Rt. 001/006','3174051003',317405,3174,NULL,NULL,NULL,'2019-10-25 08:34:38','2019-10-25 08:35:06',NULL,NULL),(497,'3174054601810006','3174051810101003','SARI PURWANTY',NULL,NULL,NULL,'Jl. Cipulir N. 23 Rt. 001/006','3174051003',317405,3174,NULL,NULL,NULL,'2019-10-25 08:34:38','2019-10-25 08:35:06',NULL,NULL),(498,'3174054805660008','3174051401092588','JAMILAH',NULL,NULL,NULL,'Cipulir Rt. 001/006','3174051003',317405,3174,NULL,NULL,NULL,'2019-10-25 08:34:38','2019-10-25 08:35:06',NULL,NULL),(499,'3325037112730026','3174052212110004','TONARI',NULL,NULL,NULL,'Jl. Cipulir N. 22 Rt. 001/006','3174051003',317405,3174,NULL,NULL,NULL,'2019-10-25 08:34:38','2019-10-25 08:35:06',NULL,NULL),(500,'3174055412600009','3174051401092769','SURYATI',NULL,NULL,NULL,'Jl. Cipulir N. 25 Rt. 001/006','3174051003',317405,3174,NULL,NULL,NULL,'2019-10-25 08:34:38','2019-10-25 08:35:06',NULL,NULL),(501,'3171016709640000',NULL,'Budi Hastuti','P','Jakarta','1964-09-27','Jl. Batu Ceper VIII/31B Rt.016/01','3171011005',317101,3171,NULL,NULL,NULL,'2019-10-25 08:34:38','2019-10-25 08:35:06',NULL,NULL),(502,'3171017112660000',NULL,'Capella Bellatrix L','P','Jakarta','1966-12-31','Jl. Kesehatan Raya 37 A Rt.002/003','3171011004',317101,3171,NULL,NULL,NULL,'2019-10-25 08:34:38','2019-10-25 08:35:06',NULL,NULL),(503,'3171075211890000',NULL,'Siti Nur Rochmah','P','Jakarta','1989-11-12','Jl. Petamburan V No. 37 Rt.012/08','3171071004',317107,3171,NULL,NULL,NULL,'2019-10-25 08:34:38','2019-10-25 08:35:06',NULL,NULL),(504,'3171075209630000',NULL,'Idawati','P','Jakarta','1963-09-12','Jl. Petamburan II No. 35 Rt.007/03','3171071004',317107,3171,NULL,NULL,NULL,'2019-10-25 08:34:38','2019-10-25 08:35:06',NULL,NULL),(505,'3206146908910000',NULL,'Ida Nur Hamidah','P','Medan','1991-08-29','Jl. Gg. Moh Ali IV No. 29 Rt.09/012','3171081001',317108,3171,NULL,NULL,NULL,'2019-10-25 08:34:38','2019-10-25 08:35:06',NULL,NULL),(506,'3171080205860000',NULL,'Rahmat','L','Jakarta','1986-05-02','Jl. Johar Baru IV-A /13 Rt.002/09','3171081001',317108,3171,NULL,NULL,NULL,'2019-10-25 08:34:38','2019-10-25 08:35:06',NULL,NULL),(507,'3328144303810000',NULL,'Sugiasih','P','Jakarta','1981-03-03','Jl. Percetakan Negara II  Rt.022/007','3171081001',317108,3171,NULL,NULL,NULL,'2019-10-25 08:34:38','2019-10-25 08:35:06',NULL,NULL),(508,'3174075402810000',NULL,'Rosita','P','Jakarta','1981-02-14','Jl. Mardani Raya Gg R Rt.004/005','3171081001',317108,3171,NULL,NULL,NULL,'2019-10-25 08:34:38','2019-10-25 08:35:06',NULL,NULL),(509,'3171086408830000',NULL,'Ariyanti','P','Jakarta','1983-08-24','Jl. Rawa Selatan III Rt.010/05','3171081002',317108,3171,NULL,NULL,NULL,'2019-10-25 08:34:38','2019-10-25 08:35:06',NULL,NULL),(510,'3171085704670000',NULL,'Sumiati','P','Jakarta','1967-04-17','Jl. Kamp Rawa Sawah Rt.009/03','3171081002',317108,3171,NULL,NULL,NULL,'2019-10-25 08:34:38','2019-10-25 08:35:06',NULL,NULL),(511,'3171086012580020',NULL,'Dian Asdiani S','P','Jakarta','1958-12-20','Jl. Rawa Tengah Rt.004/05','3171081003',317108,3171,NULL,NULL,NULL,'2019-10-25 08:34:38','2019-10-25 08:35:06',NULL,NULL),(512,'3171084305690000',NULL,'Sri Nurani Maftuhah','P','Jakarta','1969-05-03','Jl. Rawa Tengah Rt.007/07','3171081003',317108,3171,NULL,NULL,NULL,'2019-10-25 08:34:38','2019-10-25 08:35:06',NULL,NULL),(513,'3171085202700000',NULL,'Penty Maisaroh','P','Jakarta','1970-02-12','Jl. Rawa Selatan I R. 009 Rw. 07','3171081003',317108,3171,NULL,NULL,NULL,'2019-10-25 08:34:38','2019-10-25 08:35:06',NULL,NULL),(514,'3171086104720000',NULL,'Basniar','L','Jakarta','1972-04-21','Jl. Galur Selatan Rt. 003/002','3171081003',317108,3171,NULL,NULL,NULL,'2019-10-25 08:34:38','2019-10-25 08:35:06',NULL,NULL),(515,'3171085309751000',NULL,'Elin Marlinawati','P','Sumedang','1975-09-13','Kampung Rawa  RT. 013/03','3171081002',317108,3171,NULL,NULL,NULL,'2019-10-25 08:34:38','2019-10-25 08:35:06',NULL,NULL),(516,'3171085801720000',NULL,'Reviane F Hidayat','P','Jakarta','1972-01-18','Jl. Tanah Tinggi Sawah Rt. 002/006','3171081004',317108,3171,NULL,NULL,NULL,'2019-10-25 08:34:38','2019-10-25 08:35:06',NULL,NULL),(517,'3171087103810000',NULL,'Supadmi','P','Bojonegoro','1981-03-31','Jl. Tanah Tinggi Sawah No.4 Rt.017/07','3171081004',317108,3171,NULL,NULL,NULL,'2019-10-25 08:34:38','2019-10-25 08:35:06',NULL,NULL),(518,'3171086209720000',NULL,'Rini','P','Jakarta','1972-09-22','Jl.. KR. Pulo Gundul K-140 Rt.004/010','3171081004',317108,3171,NULL,NULL,NULL,'2019-10-25 08:34:38','2019-10-25 08:35:06',NULL,NULL),(519,'3171057012720000',NULL,'Desy Handayani','P','Jakarta','1972-12-30','Jl. Rawasari Barat Rt.008/01','3171051001',317105,3171,NULL,NULL,NULL,'2019-10-25 08:34:38','2019-10-25 08:35:06',NULL,NULL),(520,'3175075905730000',NULL,'Ika Meliyana','P','Palangka Raya','1973-05-19','Jl.Cemput Barat XI Gg.III/11 Rt.003/08','3171051002',317105,3171,NULL,NULL,NULL,'2019-10-25 08:34:38','2019-10-25 08:35:06',NULL,NULL),(521,'3171055504720000',NULL,'Suryaningsih','P','Jakarta','1972-04-15','Kp Jawa Rawasari Rt.010/08','3171051003',317105,3171,NULL,NULL,NULL,'2019-10-25 08:34:38','2019-10-25 08:35:06',NULL,NULL),(522,'3171064104820000',NULL,'Uke Triefrilya','P','Jakarta','1982-04-01','Jl. Anyer III/2 Rt.006/02','3171061001',317106,3171,NULL,NULL,NULL,'2019-10-25 08:34:38','2019-10-25 08:35:06',NULL,NULL),(523,'3171034904700000',NULL,'Nining Pujiastuti','P','Jakarta','1970-04-09','Jl. Serdang Raya No. 29 Rt.001/010','3171031006',317103,3171,NULL,NULL,NULL,'2019-10-25 08:34:38','2019-10-25 08:35:06',NULL,NULL),(524,'3171034310700000',NULL,'R.Karsini Umiyati DS','P','Jakarta','0000-00-00','Jl. Bendungan Jago 6 No. 21 Rt. 013/01','3171031004',317103,3171,NULL,NULL,NULL,'2019-10-25 08:34:38','2019-10-25 08:35:06',NULL,NULL),(525,'3171055611720000',NULL,'Mulyani','P','Sukoharjo','1972-11-16','Rusun Boing 4.II/517 Rt.007/013','3171031002',317103,3171,NULL,NULL,NULL,'2019-10-25 08:34:38','2019-10-25 08:35:06',NULL,NULL),(526,'3171042406640000',NULL,'Tony Sasabana','L','Jakarta','1964-07-24','Jl. Kramat Pulo Dlm III Gg 17 Rt. 014/05','3171041004',317104,3171,NULL,NULL,NULL,'2019-10-25 08:34:38','2019-10-25 08:35:06',NULL,NULL),(527,'3171045204700000',NULL,'Susilawati','P','Jakarta','1970-02-12','Jl. Kramat Pulo Gg.19 Rt.003/08','3171041004',317104,3171,NULL,NULL,NULL,'2019-10-25 08:34:38','2019-10-25 08:35:06',NULL,NULL),(528,'3171044404780000',NULL,'Farhana','P','Jakarta','1978-04-04','Jl. Kramat Sentiong VII/H 34 Rt.02/07','3171041004',317104,3171,NULL,NULL,NULL,'2019-10-25 08:34:38','2019-10-25 08:35:06',NULL,NULL),(529,'3171041011750000',NULL,'Bosane Istari','L','Jakarta','1975-11-10','Jl. Pasar Senen Dlm VIII/11 Rt.006/04','3171041001',317104,3171,NULL,NULL,NULL,'2019-10-25 08:34:38','2019-10-25 08:35:06',NULL,NULL),(530,'3171045004820000',NULL,'Linda','P','Jakara','1982-04-10','Jl. Pasar Senen Dalam Rt.007/04','3171041001',317104,3171,NULL,NULL,NULL,'2019-10-25 08:34:38','2019-10-25 08:35:06',NULL,NULL),(531,'3171041707730000',NULL,'ABD Latief','P','Jakarta','1973-07-17','Jl. Kalibaru Timur Gg IV/18 Rt.011/05','3171041006',317104,3171,NULL,NULL,NULL,'2019-10-25 08:34:38','2019-10-25 08:35:06',NULL,NULL),(532,'3171045105740000',NULL,'Solati','P','Jakarta','1974-05-11','Jl. Salemba Tengah 76C Rt.010/04','3171041003',317104,3171,NULL,NULL,NULL,'2019-10-25 08:34:38','2019-10-25 08:35:06',NULL,NULL),(533,'3171044204700000',NULL,'Henny Apriawati','P','Jakarta','1970-04-03','Jl. Kramat Sawah XIV/13J Rt.012/07','3171041003',317104,3171,NULL,NULL,NULL,'2019-10-25 08:34:38','2019-10-25 08:35:06',NULL,NULL),(534,'3171042810760000',NULL,'Herry Rubiyanto','L','Jakarta','1976-10-28','Jl. Kenari III No.13 Rt.007/05','3171041002',317104,3171,NULL,NULL,NULL,'2019-10-25 08:34:38','2019-10-25 08:35:06',NULL,NULL),(535,'3167103620583000',NULL,'Titin Rahayu','P','Palembang','1983-05-22','Jl. Kramat V No. 11 Rt. 005/09 ','3171041002',317104,3171,NULL,NULL,NULL,'2019-10-25 08:34:38','2019-10-25 08:35:06',NULL,NULL),(536,'3171046812790000',NULL,'Desy Kurniasih','P','Jakarta','1979-12-28','Jl. Kramat IV Ujung No. 54 Rt.013/06','3171041005',317104,3171,NULL,NULL,NULL,'2019-10-25 08:34:38','2019-10-25 08:35:06',NULL,NULL),(537,'3171041205840000',NULL,'Dody Mahardi','L','Jakarta','1984-05-12','Jl. Kramat Sentiong Masjid Rt.003/06','3171041004',317104,3171,NULL,NULL,NULL,'2019-10-25 08:34:38','2019-10-25 08:35:06',NULL,NULL),(538,'3171025906840000',NULL,'Ratnasari','P','Jakarta','1984-06-19','Jl. Gang Taruna Rt. 002/07','3171021005',317102,3171,NULL,NULL,NULL,'2019-10-25 08:34:38','2019-10-25 08:35:06',NULL,NULL),(539,'3171025303840000',NULL,'Alviyah','P','Jakarta','1984-03-13','Jl. Mangga Besar XIII Rt. 002 Rw. 002','3171021005',317102,3171,NULL,NULL,NULL,'2019-10-25 08:34:38','2019-10-25 08:35:06',NULL,NULL),(540,'3172015304790000',NULL,'Agata Juziyanti','P','Jakarta','1917-04-13','Jl. Teluk Gong Blok A9 No.15 Rt.03/03','3172011004',317201,3172,NULL,NULL,NULL,'2019-10-25 08:34:38','2019-10-25 08:35:06',NULL,NULL),(541,'3172014505590000',NULL,'Sri Sudewi','P','Boyolali','1959-05-05','Jl. Pluit Rt. 012 Rw. 07','3172011001',317201,3172,NULL,NULL,NULL,'2019-10-25 08:34:38','2019-10-25 08:35:06',NULL,NULL),(542,'3172010411870000',NULL,'Angga Listiana','L','Jakarta','1987-11-04','Jl. Pluit Dalam No. 62 010/008','3172011001',317201,3172,NULL,NULL,NULL,'2019-10-25 08:34:38','2019-10-25 08:35:06',NULL,NULL),(543,'3172015508755000',NULL,'Komulyani','P','Jakarta','1975-08-15','RS.Muara Angke Blok A4/4C Rt.02/020','3172011005',317201,3172,NULL,NULL,NULL,'2019-10-25 08:34:38','2019-10-25 08:35:06',NULL,NULL),(544,'3172015407660000',NULL,'Marhamah','P','Jakarta','1966-07-14','Jl. Kapuk Muara Rt. 002/005 No.9','3172011003',317201,3172,NULL,NULL,NULL,'2019-10-25 08:34:38','2019-10-25 08:35:06',NULL,NULL),(545,'3172016711690000',NULL,'Suparti','P','Jakarta','1969-11-27','Jl. Petak Asem Rt. 07/05 No. 21','3172011001',317201,3172,NULL,NULL,NULL,'2019-10-25 08:34:38','2019-10-25 08:35:06',NULL,NULL),(546,'3172051009650000',NULL,'Edy Djunaedi','L','Jakarta','1965-09-10','Jl. Budi Mulia Rt.09 Rw. 011 No. 23','3172051002',317205,3172,NULL,NULL,NULL,'2019-10-25 08:34:38','2019-10-25 08:35:06',NULL,NULL),(547,'#N/A',NULL,'Anwar Sunarso','','#N/A','0000-00-00','#N/A','3172051003',317205,3172,NULL,NULL,NULL,'2019-10-25 08:34:38','2019-10-25 08:35:06',NULL,NULL),(548,'3172056810680000',NULL,'Sri Piwelas','P','Jember','1968-10-28','Jl. Industri III Dalam No. 21 Rt. 006/014','3172051002',317205,3172,NULL,NULL,NULL,'2019-10-25 08:34:38','2019-10-25 08:35:06',NULL,NULL),(549,'3172051711730000',NULL,'Asep Nurdin','L','Jakarta','1973-11-17','Jl. Budi Mulia Rt.09 Rw. 011 No. 11','3172051002',317205,3172,NULL,NULL,NULL,'2019-10-25 08:34:38','2019-10-25 08:35:06',NULL,NULL),(550,'3172034605850000',NULL,'Puspita Melati','P','Jakarta','1985-05-06','Kp. Mangga Rt. 003/03 No. 63','3172021003',317202,3172,NULL,NULL,NULL,'2019-10-25 08:34:38','2019-10-25 08:35:06',NULL,NULL),(551,'3172034605850000',NULL,'Retno Oktaviani','P','Jakarta','1985-10-18','Kp. Sawah Baru Rt. 003/009 No. 28','3172021004',317202,3172,NULL,NULL,NULL,'2019-10-25 08:34:38','2019-10-25 08:35:06',NULL,NULL),(552,'3172024702710000',NULL,'Sandra Subagio','P','Jakarta','1971-02-07','Jl. Warakas IV Gg. 5 No. 83 Rt. 01/09','3172021007',317202,3172,NULL,NULL,NULL,'2019-10-25 08:34:38','2019-10-25 08:35:06',NULL,NULL),(553,'327323005810001.',NULL,'Yeni Asiah','P','Bandung','1981-05-30','Jl. Pulo Besar II No.16 Rt.006/011','3172021007',317202,3172,NULL,NULL,NULL,'2019-10-25 08:34:38','2019-10-25 08:35:06',NULL,NULL),(554,'3172020201810010',NULL,'Siti Kamsinah','P','Jakarta','1974-09-19','Jl. KMP Muara Bahari Rt.010/012','3172021001',317202,3172,NULL,NULL,NULL,'2019-10-25 08:34:38','2019-10-25 08:35:06',NULL,NULL),(555,'3175096903840000',NULL,'Normalia Widya Jayanti','P','Purworejo','1984-03-20','Jl. Swasembada Timur Rt.012/06 N0.10','3172021005',317202,3172,NULL,NULL,NULL,'2019-10-25 08:34:38','2019-10-25 08:35:06',NULL,NULL),(556,'3172034104840010',NULL,'Wardani','P','Jakarta','1984-03-03','Jl. A Fatah No. 59 Rt.0011 Rw. 07 ','3172031005',317203,3172,NULL,NULL,NULL,'2019-10-25 08:34:38','2019-10-25 08:35:06',NULL,NULL),(557,'3171031408800000',NULL,'Muhammad Hafidzudin','L','Kebumen','1983-08-14','Kp. Mangga Rt. 08/02 No. 33','3172031005',317203,3172,NULL,NULL,NULL,'2019-10-25 08:34:38','2019-10-25 08:35:06',NULL,NULL),(558,'3172020108840020',NULL,'Budi Hermawan','L','Bandung','1984-08-01','Perum BNI 2 Blok 14/5 Rt.02/012','3172031003',317203,3172,NULL,NULL,NULL,'2019-10-25 08:34:38','2019-10-25 08:35:06',NULL,NULL),(559,'3172030610800010',NULL,'Krisno Sutanto','L','Jakarta','1980-10-06','Jl. Pembangunan II No. 10 Rt. 006/05','3172031001',317203,3172,NULL,NULL,NULL,'2019-10-25 08:34:38','2019-10-25 08:35:06',NULL,NULL),(560,'3174045009880000',NULL,'Nurul Amalia','P','Kudus','1988-09-10','KP. Mangga No. 29 Rt. 007/002','3172031005',317203,3172,NULL,NULL,NULL,'2019-10-25 08:34:38','2019-10-25 08:35:06',NULL,NULL),(561,'3172034502910000',NULL,'Khusnul Khotimah','P','Jakarta','1991-02-05','Jl. Lagoa Trs Gg.III C Rt.015/001','3172031003',317203,3172,NULL,NULL,NULL,'2019-10-25 08:34:38','2019-10-25 08:35:06',NULL,NULL),(562,'3172034302600000',NULL,'Etty Rohayati','P','Garut','1960-02-03','Jl. D Gg. E 1 No. 28 Rt. 005/09','3172031004',317203,3172,NULL,NULL,NULL,'2019-10-25 08:34:38','2019-10-25 08:35:06',NULL,NULL),(563,'3172034105690010',NULL,'Lily Elviza','P','Jakarta','1969-05-01','Jl. Marunda Tiram Rt. 010 Rw. 007','3172031004',317203,3172,NULL,NULL,NULL,'2019-10-25 08:34:38','2019-10-25 08:35:06',NULL,NULL),(564,'3172034505940000',NULL,'Yuni Da\'wah Mukhlishoh','P','Jakarta','1994-05-05','Jl. Lagoa Terusan Gg. III Rt. 015/04','3172031003',317203,3172,NULL,NULL,NULL,'2019-10-25 08:34:38','2019-10-25 08:35:06',NULL,NULL),(565,'3172036607930000',NULL,'Siti Mutmainah','P','Jakarta','1993-07-26','Jl. Lagoa Terusan Gg.III C.II Rt.015/01','3172031003',317203,3172,NULL,NULL,NULL,'2019-10-25 08:34:38','2019-10-25 08:35:06',NULL,NULL),(566,'3172034406680000',NULL,'Nurmayeni','P','Padang','1968-06-04','Jl. Kramat Jaya Gg. 2 D1/30 Rt.04/01','3172061002',317206,3172,NULL,NULL,NULL,'2019-10-25 08:34:38','2019-10-25 08:35:06',NULL,NULL),(567,'3172061902830000',NULL,'Slamet Widodo','L','Klaten','1983-02-19','Jl. Perintis Kemerdekaan Rt. 005/04','3172061001',317206,3172,NULL,NULL,NULL,'2019-10-25 08:34:38','2019-10-25 08:35:06',NULL,NULL),(568,'3173031608830000',NULL,'Mawardi Agustiyanto','L','Jakarta','1983-08-16','Jl. Tipar Timur No. 6 Rt. 004/06','3172041007',317204,3172,NULL,NULL,NULL,'2019-10-25 08:34:38','2019-10-25 08:35:06',NULL,NULL),(569,'3172044441083000',NULL,'Rahayu','P','Jakarta','0000-00-00','Jl. Sukapura No. 37 Rt. 008/02','3172041002',317204,3172,NULL,NULL,NULL,'2019-10-25 08:34:38','2019-10-25 08:35:06',NULL,NULL),(570,'3172046504730010',NULL,'Ellyana Mamonto, S.Sos','P','Bandung','1973-04-25','Jl. Kelapa Dua Rt. 09/03','3172041001',317204,3172,NULL,NULL,NULL,'2019-10-25 08:34:38','2019-10-25 08:35:06',NULL,NULL),(571,'3172045006740000',NULL,'Linda Dwi Wahyuni','P','Jakarta','1974-06-10','Jl. Kebantenan III Rt. 04/02  No. 7','3172041004',317204,3172,NULL,NULL,NULL,'2019-10-25 08:34:38','2019-10-25 08:35:06',NULL,NULL),(572,'3172047006640000',NULL,'Ida Dayla','P','Jakarta','1964-06-30','Jl. Kebantenan III Rt. 04/02 ','3172041005',317204,3172,NULL,NULL,NULL,'2019-10-25 08:34:38','2019-10-25 08:35:06',NULL,NULL),(573,'3172045211590000',NULL,'Kusmintarti Eny','P','Blitar','1959-11-12','Jl. Rekreasi Rt. 02/04 No. 6','3172041001',317204,3172,NULL,NULL,NULL,'2019-10-25 08:34:38','2019-10-25 08:35:06',NULL,NULL),(574,'3175076403930010',NULL,'Henny Fitri Yanti','P','Jakarta','1993-03-24','Jl. Perintis Bulak Jaya No.149 Rt.15/8','3172041006',317204,3172,NULL,NULL,NULL,'2019-10-25 08:34:38','2019-10-25 08:35:06',NULL,NULL),(575,'3171055611720000',NULL,'Mulyani','P','Sukoharjo','1972-11-16','Rusun Boing 4.II/517 Rt.007/013','3172041007',317204,3172,NULL,NULL,NULL,'2019-10-25 08:34:38','2019-10-25 08:35:06',NULL,NULL),(576,'3172044502710000',NULL,'Hadijah','P','Jakarta','1971-02-05','Jl. Beting Indah Rt. 011/09','3172041007',317204,3172,NULL,NULL,NULL,'2019-10-25 08:34:38','2019-10-25 08:35:06',NULL,NULL),(577,'3174074912760000',NULL,'Desi Winarni','P','Jakarta','1976-12-09','Rusunawa Marunda Rt.015/07 Blok D','3172041003',317204,3172,NULL,NULL,NULL,'2019-10-25 08:34:38','2019-10-25 08:35:06',NULL,NULL),(578,'3173046301730000',NULL,'Rina Puspadewi','P','Lampung','1973-01-23','Rusunawa Marunda Rt.001/011 Blok B','3172041003',317204,3172,NULL,NULL,NULL,'2019-10-25 08:34:38','2019-10-25 08:35:06',NULL,NULL),(579,'3173042101630000',NULL,'Syarif Hidayat','L','Jakarta','1963-01-21','Jl. Pekojan III Rt. 011/07','3173041009',317304,3173,NULL,NULL,NULL,'2019-10-25 08:34:38','2019-10-25 08:35:06',NULL,NULL),(580,'3173042926210000',NULL,'Soeyitno','L','Banyuwangi','1964-12-29','Jl. Gudang Arang II /41 Rt. 008/011','3173041004',317304,3173,NULL,NULL,NULL,'2019-10-25 08:34:38','2019-10-25 08:35:06',NULL,NULL),(581,'3173046711790000',NULL,'Marwiah','L','Jakarta','1979-11-27','Jl. Sawah Lio II Gg. VI No. 11 Rt. 007/008','3173041008',317304,3173,NULL,NULL,NULL,'2019-10-25 08:34:38','2019-10-25 08:35:06',NULL,NULL),(582,'3173046905810000',NULL,'Rina Yuliani','P','Jakarta','1981-05-29','Jl. Kalianyar V No. 31 Rt. 007/003','3173041002',317304,3173,NULL,NULL,NULL,'2019-10-25 08:34:38','2019-10-25 08:35:06',NULL,NULL),(583,'3173045705700000',NULL,'Setiawati','P','Jakarta','1970-05-17','Jl. Jembatan Balok IV Rt. 012/004','3173051005',317304,3173,NULL,NULL,NULL,'2019-10-25 08:34:38','2019-10-25 08:35:06',NULL,NULL),(584,'3173084405780000',NULL,'Linawati','P','Jakarta','1978-05-04','Jl. Raya Joglo RT.002/003','3173081005',317308,3173,NULL,NULL,NULL,'2019-10-25 08:34:38','2019-10-25 08:35:06',NULL,NULL),(585,'3173084903750000',NULL,'Asmanah','P','Jakarta','1975-03-09','Jl. Mawar No. 68 Rt. 003/08','3173081004',317308,3173,NULL,NULL,NULL,'2019-10-25 08:34:38','2019-10-25 08:35:06',NULL,NULL),(586,'3173080609790000',NULL,'Fitrah Awaluddin','L','Jakarta','1979-09-06','Jl. Bambu II No. 14 Rt. 002/06','3173081004',317308,3173,NULL,NULL,NULL,'2019-10-25 08:34:38','2019-10-25 08:35:06',NULL,NULL),(587,'3173086612810000',NULL,'Desi Natalia','P','Jakarta','1981-12-26','Jl. KP. Sasak Rt. 001/08','3173081006',317308,3173,NULL,NULL,NULL,'2019-10-25 08:34:38','2019-10-25 08:35:06',NULL,NULL),(588,'3173084408750000',NULL,'Rokiyah','P','Jakarta','1975-08-04','Jl.Kembangan Utara RT.006/02','3173081001',317308,3173,NULL,NULL,NULL,'2019-10-25 08:34:38','2019-10-25 08:35:06',NULL,NULL),(589,'3173074103900000',NULL,'Saras Tika Ditya','P','Jakarta','1990-03-01','Kemanggisan Grogol No.5 RT.06/03','3173071001',317307,3173,NULL,NULL,NULL,'2019-10-25 08:34:38','2019-10-25 08:35:06',NULL,NULL),(590,'3173075807820000',NULL,'Yuliyanti','P','Jakarta','1982-07-18','Jl. Kemanggisan Rt. 007/011','3173071001',317307,3173,NULL,NULL,NULL,'2019-10-25 08:34:38','2019-10-25 08:35:06',NULL,NULL),(591,'3173072306630000',NULL,'Charoni','L','Jakarta','1963-06-23','Jl.H.Sa\'aman No.28','3173071006',317307,3173,NULL,NULL,NULL,'2019-10-25 08:34:38','2019-10-25 08:35:06',NULL,NULL),(592,'3173077006670000',NULL,'Etty Yuniarsih','P','Jakarta','0000-00-00','Jl. Kota Bambu Utara Rt. 002/009','3173071006',317307,3173,NULL,NULL,NULL,'2019-10-25 08:34:38','2019-10-25 08:35:06',NULL,NULL),(593,'3173035908790000',NULL,'Fayakun Bariani','P','Jakarta','1970-01-21','Jl.Thalib III Dalam No.15. Rt.011/05','3173031002',317303,3173,NULL,NULL,NULL,'2019-10-25 08:34:38','2019-10-25 08:35:06',NULL,NULL),(594,'3173042036200000',NULL,'Adriana Siregar','P','Madura','1962-03-02','Jl.  Keadilan Dalam Gg. II Rt.05/02','3173031006',317303,3173,NULL,NULL,NULL,'2019-10-25 08:34:38','2019-10-25 08:35:06',NULL,NULL),(595,'3173030905660000',NULL,'Neneng Aswati BT Sukri','P','Jakarta','1962-12-06','Jl. Belimbing II Rt. 005/004','3173031005',317303,3173,NULL,NULL,NULL,'2019-10-25 08:34:38','2019-10-25 08:35:06',NULL,NULL),(596,'#N/A',NULL,'Depy Nataria','','#N/A','0000-00-00','#N/A','3173031004',317303,3173,NULL,NULL,NULL,'2019-10-25 08:34:38','2019-10-25 08:35:06',NULL,NULL),(597,'3173034463740000',NULL,'Susianah','P','Jakarta','1974-03-04','Jl. Mangga Dua III Rt. 006/003','3173031008',317303,3173,NULL,NULL,NULL,'2019-10-25 08:34:38','2019-10-25 08:35:06',NULL,NULL),(598,'3171056127600000',NULL,'Ernawati','P','Jakarta','1977-12-12','Jl. Hemat II No. 14 Rt. 009/03','3173021004',317302,3173,NULL,NULL,NULL,'2019-10-25 08:34:38','2019-10-25 08:35:06',NULL,NULL),(599,'3173025704690000',NULL,'Siti Djuariah ','P','Jakarta','0000-00-00','Asrama Polri Pesing Rt. 005/08','3173021007',317302,3173,NULL,NULL,NULL,'2019-10-25 08:34:38','2019-10-25 08:35:06',NULL,NULL),(600,'3173026001750000',NULL,'Mugi Rahayu ','P','Madiun','1975-01-20','Jl. Tanjung Gedong No.25 Rt.04/06','3173021003',317302,3173,NULL,NULL,NULL,'2019-10-25 08:34:38','2019-10-25 08:35:06',NULL,NULL),(601,'3173020804710000',NULL,'Edi Beda','L','Flores','1971-04-08','Jl. Jelambar Utama IV/71 Rt.011/006','3173021004',317302,3173,NULL,NULL,NULL,'2019-10-25 08:34:38','2019-10-25 08:35:06',NULL,NULL),(602,'3173020405700000',NULL,'Agus Amin Waluyo','L','Jakarta','1970-05-04','Jl. DR. Latumeten IV Gg.III No.4 Rt.014/005','3173021004',317302,3173,NULL,NULL,NULL,'2019-10-25 08:34:38','2019-10-25 08:35:06',NULL,NULL),(603,'3173064801700000',NULL,'Djuwariah','P','Jakarta','1970-01-08','Jl. Kebon Kelapa Rt. 008/07','3173061004',317306,3173,NULL,NULL,NULL,'2019-10-25 08:34:38','2019-10-25 08:35:06',NULL,NULL),(604,'3173067112680030',NULL,'Amalia Nursanti','P','Jakarta','0000-00-00','Jl. Kp.Dua Ratus Rt. 010/02','3173061004',317306,3173,NULL,NULL,NULL,'2019-10-25 08:34:38','2019-10-25 08:35:06',NULL,NULL),(605,'#N/A',NULL,'Amalia Susilawati','','#N/A','0000-00-00','#N/A','3173061004',317306,3173,NULL,NULL,NULL,'2019-10-25 08:34:38','2019-10-25 08:35:06',NULL,NULL),(606,'3173067112600000',NULL,'Tuty B Sugito','P','Jakarta','0000-00-00','Jl. Kp. Pangkalan Rt. 004/007','3173061002',317306,3173,NULL,NULL,NULL,'2019-10-25 08:34:38','2019-10-25 08:35:06',NULL,NULL),(607,'3173052006840000',NULL,'Rd Bayu Nur Eko Wahyono','L','Jakarta','1985-06-20','Komplek DPR I No. 36 Rt. 003/02','3173051001',317305,3173,NULL,NULL,NULL,'2019-10-25 08:34:38','2019-10-25 08:35:06',NULL,NULL),(608,'3173055207650010',NULL,'Endah Wahyuningsih','P','Jakarta','1965-07-12','Komplek DPR I No. 36 Rt. 003/02','3173051001',317305,3173,NULL,NULL,NULL,'2019-10-25 08:34:38','2019-10-25 08:35:06',NULL,NULL),(609,'3173056908740000',NULL,'Evi Suryani','P','Jakarta','1974-08-29','Jl. Asia Baru Rt.003/004','3173051005',317305,3173,NULL,NULL,NULL,'2019-10-25 08:34:38','2019-10-25 08:35:06',NULL,NULL),(610,'3173054511690000',NULL,'Nina Setianingsih','P','Jakarta','1970-11-05','Kedoya Raya Rt. 004/007','3173051006',317305,3173,NULL,NULL,NULL,'2019-10-25 08:34:38','2019-10-25 08:35:06',NULL,NULL),(611,'3173016005700010',NULL,'Yulyanih','P','Cipondoh','1970-05-20','Jl. Kresek Raya No. 20 Rt. 002/012','3173011002',317301,3173,NULL,NULL,NULL,'2019-10-25 08:34:38','2019-10-25 08:35:06',NULL,NULL),(612,'3173014305620000',NULL,'Henny','P','Jakarta','1962-05-03','Jl. Bangun Nusa Rt. 002/02','3173011006',317301,3173,NULL,NULL,NULL,'2019-10-25 08:34:38','2019-10-25 08:35:06',NULL,NULL),(613,'3173014610680000',NULL,'Puji Hastuti','P','Jakarta','1968-10-06','Jl. Puspa II No. 28 Rt. 011/004','3173011006',317301,3173,NULL,NULL,NULL,'2019-10-25 08:34:38','2019-10-25 08:35:06',NULL,NULL),(614,'3173016805680000',NULL,'Iis Ismawati','P','Jakarta','1968-05-28','Jl. Nurul Amal No. 1 Rt. 003/05','3173011006',317301,3173,NULL,NULL,NULL,'2019-10-25 08:34:38','2019-10-25 08:35:06',NULL,NULL),(615,'3171055611720000',NULL,'Mulyani','P','Sukoharjo','1972-11-16','Rusun Boing 4.II/517 Rt.007/013','3173011001',317301,3173,NULL,NULL,NULL,'2019-10-25 08:34:38','2019-10-25 08:35:06',NULL,NULL),(616,'3174014805710000',NULL,'Juwita Damayanti','P','Jakarta','1971-05-08','Jl. DS No. 27 Rt. 016/04','3174011004',317401,3174,NULL,NULL,NULL,'2019-10-25 08:34:38','2019-10-25 08:35:06',NULL,NULL),(617,'3174014802740000',NULL,'Subardinah','P','Jakarta','1974-02-08','Jl. Balimatraman No. 20 Rt. 008/08','3174011006',317401,3174,NULL,NULL,NULL,'2019-10-25 08:34:38','2019-10-25 08:35:06',NULL,NULL),(618,'3174014103900000',NULL,'Putri Ranny Sabilla F','P','Jakarta','1993-03-01','Jl. Manyar No. 322 Rt. 006/002','3174011006',317401,3174,NULL,NULL,NULL,'2019-10-25 08:34:38','2019-10-25 08:35:06',NULL,NULL),(619,'3174015910770000',NULL,'Yiyin Sumiati ','P','Jakarta','1977-10-19','Jl. Roos Barat IV No. 17 Rt. 008/005','3174011005',317401,3174,NULL,NULL,NULL,'2019-10-25 08:34:38','2019-10-25 08:35:06',NULL,NULL),(620,'3174016407650000',NULL,'Tri Asti Marhaeningsih','P','Jakarta','1965-07-24','Jl.Tebet Timur Dalam IVD Rt.03/011','3174011001',317401,3174,NULL,NULL,NULL,'2019-10-25 08:34:38','2019-10-25 08:35:06',NULL,NULL),(621,'3174015006640000',NULL,'D Kusniwati','P','Nganjuk','1964-06-10','Jl. Menara Air IV No. 14 Rt. 005/011','3174011007',317401,3174,NULL,NULL,NULL,'2019-10-25 08:34:38','2019-10-25 08:35:06',NULL,NULL),(622,'3174015808670010',NULL,'Gustinah Nur','P','Jakarta','1967-08-18','Jl. Masjid II No. 9 Rt. 007/001','3174011004',317401,3174,NULL,NULL,NULL,'2019-10-25 08:34:38','2019-10-25 08:35:06',NULL,NULL),(623,'3174075011640000',NULL,'Nurilah Binti Durokim','P','Ujungaris','1964-11-10','Jl. Wijaya I Gg. Langgar/44 Rt. 010/003','3174071008',317407,3174,NULL,NULL,NULL,'2019-10-25 08:34:38','2019-10-25 08:35:06',NULL,NULL),(624,'3174076406630000',NULL,'Riswati','P','Jakarta','1963-06-24','Jl. Pandan No. 24 Rt. 013/009 ','3174071003',317407,3174,NULL,NULL,NULL,'2019-10-25 08:34:38','2019-10-25 08:35:06',NULL,NULL),(625,'3174054207630000',NULL,'Yayah Yulia','P','Jakarta','1963-07-02','Jl. Antene IV/21 B Rt. 008/008','3174071003',317407,3174,NULL,NULL,NULL,'2019-10-25 08:34:38','2019-10-25 08:35:06',NULL,NULL),(626,'3173084903750000',NULL,'Asmanah','P','Jakarta','1975-03-09','Jl. Mawar No. 68 Rt. 003/08','3174071002',317407,3174,NULL,NULL,NULL,'2019-10-25 08:34:38','2019-10-25 08:35:06',NULL,NULL),(627,'3174076903660000',NULL,'Dewi Mardiyanti','P','Jakarta','1966-03-29','Jl. Damai III/L Rt.004/04 ','3174071010',317407,3174,NULL,NULL,NULL,'2019-10-25 08:34:38','2019-10-25 08:35:06',NULL,NULL),(628,'3174054906740000',NULL,'Nining Dyah Saptoningrum','P','Pekalongan','1974-06-09','Jl. Pulo Melati /31 RT 008/05','3174051004',317405,3174,NULL,NULL,NULL,'2019-10-25 08:34:38','2019-10-25 08:35:06',NULL,NULL),(629,'3174054704790000',NULL,'Iin Cariyah','P','Jakarta','1979-04-07','Jl. Pulo Cempaka No.39 RT:007/014','3174051004',317405,3174,NULL,NULL,NULL,'2019-10-25 08:34:38','2019-10-25 08:35:06',NULL,NULL),(630,'3174050812620000',NULL,'Khaeruloh','L','Jakarta','1962-12-08','Jl. Almubarok  Rt.001/010','3174051003',317405,3174,NULL,NULL,NULL,'2019-10-25 08:34:38','2019-10-25 08:35:06',NULL,NULL),(631,'3174092102650000',NULL,'Akhmad Junaidi','L','Jakarta','1965-02-21','Jl. Raya Lenteng Agung No. 20/A ','3174091004',317409,3174,NULL,NULL,NULL,'2019-10-25 08:34:38','2019-10-25 08:35:06',NULL,NULL),(632,'3276091812800000',NULL,'Dian Wijayanto','L','Jakarta','1980-12-18','Jl. Setu Mangga Bolong RT003/018','3174091002',317409,3174,NULL,NULL,NULL,'2019-10-25 08:34:38','2019-10-25 08:35:06',NULL,NULL),(633,'3174091805780010',NULL,'Andri Sumantri','L','Jakarta','1978-05-18','Jl. Gg. Kemuning Rt. 003/005','3174091005',317409,3174,NULL,NULL,NULL,'2019-10-25 08:34:38','2019-10-25 08:35:06',NULL,NULL),(634,'3174065207770000',NULL,'Yuliyati','P','Jakarta','1977-07-12','Jl.Pinang Kalijati No.12A Rt.009/009','3174061003',317406,3174,NULL,NULL,NULL,'2019-10-25 08:34:38','2019-10-25 08:35:06',NULL,NULL),(635,'3174060101710010',NULL,'Sarifudin','L','Jakarta','1971-01-01','Jl. H. Irin No. 14 Rt. 005/08 ','3174061002',317406,3174,NULL,NULL,NULL,'2019-10-25 08:34:38','2019-10-25 08:35:06',NULL,NULL),(636,'3174065711620000',NULL,'E Purwi Budihartati','P','Jakarta','1962-11-17','Jl. Bunga Rampai No. 35 Rt. 011/03','3174061005',317406,3174,NULL,NULL,NULL,'2019-10-25 08:34:38','2019-10-25 08:35:06',NULL,NULL),(637,'3174105512670000',NULL,'Julaeha','P','Ciamis','1967-02-15','Jl.H.Buang/48 RT 002/07 ','3174101005',317410,3174,NULL,NULL,NULL,'2019-10-25 08:34:38','2019-10-25 08:35:06',NULL,NULL),(638,'3174104710000000',NULL,'Salma Dwi Kurnia','P','Jakarta','2000-10-07','Kp.Sawah Baru Rt.008/001','3174101005',317410,3174,NULL,NULL,NULL,'2019-10-25 08:34:38','2019-10-25 08:35:06',NULL,NULL),(639,'3174101308751000',NULL,'Dwi Agus Susilo ','L','Jakarta','1975-08-13','Jl. Kampung Baru VI/40 A Rt. 012/002','3174101005',317410,3174,NULL,NULL,NULL,'2019-10-25 08:34:38','2019-10-25 08:35:06',NULL,NULL),(640,'3174031506620000',NULL,'Mawardi','L','Jakarta','1962-06-15','Jl. Bangka II G/58 Rt. 007/03 ','3174031004',317403,3174,NULL,NULL,NULL,'2019-10-25 08:34:38','2019-10-25 08:35:06',NULL,NULL),(641,'3174034707700000',NULL,'Rahmawati','P','Jakarta','1970-07-07','Jl. Bangka IX No. 40 Rt. 005/012','3174031003',317403,3174,NULL,NULL,NULL,'2019-10-25 08:34:38','2019-10-25 08:35:06',NULL,NULL),(642,'3174034508650000',NULL,'Faridah','P','Jakarta','1965-08-05','Jl. Kemang Buntu Rt. 016/005 D No. 11','3174031002',317403,3174,NULL,NULL,NULL,'2019-10-25 08:34:38','2019-10-25 08:35:06',NULL,NULL),(643,'3174045010670000',NULL,'Nuryantini','P','Jakarta','0000-00-00','Jl. Pejaten Timur Rt. 004/01 ','3174041005',317404,3174,NULL,NULL,NULL,'2019-10-25 08:34:38','2019-10-25 08:35:06',NULL,NULL),(644,'3174045907720000',NULL,'Dany Sri Handayani','P','Jakarta','1972-07-19','Jl. Jatipadang Rt. 011/06','3174041002',317404,3174,NULL,NULL,NULL,'2019-10-25 08:34:38','2019-10-25 08:35:06',NULL,NULL),(645,'3174044306700010',NULL,'Hesti','P','Jakarta','0000-00-00','Jl. Kebagusan Besar III No. 58 Rt. 003/05','3174041007',317404,3174,NULL,NULL,NULL,'2019-10-25 08:34:38','2019-10-25 08:35:06',NULL,NULL),(646,'3174044503610000',NULL,'Nurul Marlawati','P','Jakarta','1961-03-05','Jl. Pagujaten No.17 Rt.  002/007','3174041005',317404,3174,NULL,NULL,NULL,'2019-10-25 08:34:38','2019-10-25 08:35:06',NULL,NULL),(647,'3174045409760000',NULL,'Dwi Warna Sakti','P','Jakarta','1976-09-14','Kom. AL Teluk Mandar No. 69 Rt. 003/08','3174041001',317404,3174,NULL,NULL,NULL,'2019-10-25 08:34:38','2019-10-25 08:35:06',NULL,NULL),(648,'3174085909700000',NULL,'Nurhidayati ','P','Lampung','1970-09-19','Jl. Pengadegan Timur IV Rt. 011/01','3174081005',317408,3174,NULL,NULL,NULL,'2019-10-25 08:34:38','2019-10-25 08:35:06',NULL,NULL),(649,'3174084208630000',NULL,'S A Soekarsih','P','Cilacap','1963-08-02','Jl. Pengadegan Selatan V No. 9 Rt. 002/05','3174081005',317408,3174,NULL,NULL,NULL,'2019-10-25 08:34:38','2019-10-25 08:35:06',NULL,NULL),(650,'3174084207690000',NULL,'Siti Prihatini','P','Purworejo','1969-07-02','Jl. Pengadegan Utara Rt. 004/008','3174081005',317408,3174,NULL,NULL,NULL,'2019-10-25 08:34:38','2019-10-25 08:35:06',NULL,NULL),(651,'3174024412670000',NULL,'Sri Wahyuningsih','P','Jakarta','0000-00-00','Jl. Anggrek X Karet Kuningan Rt. 017/02 ','3174021003',317402,3174,NULL,NULL,NULL,'2019-10-25 08:34:38','2019-10-25 08:35:06',NULL,NULL),(652,'3175104908590000',NULL,'Lastri ','P','Blora','1959-06-05','JL. Makmur Rt 07/05','3175101004',317510,3175,NULL,NULL,NULL,'2019-10-25 08:34:38','2019-10-25 08:35:06',NULL,NULL),(653,'3175014301700000',NULL,'Susiati','P','Surabaya','1966-06-29','Jl. Lebak SarinRt.006/002','3175051003',317505,3175,NULL,NULL,NULL,'2019-10-25 08:34:38','2019-10-25 08:35:06',NULL,NULL),(654,'3175055505770000',NULL,'Sri Hartini','P','Jakarta','1968-02-05','Jl. Gandaria Rt 009/002','3175051005',317505,3175,NULL,NULL,NULL,'2019-10-25 08:34:38','2019-10-25 08:35:06',NULL,NULL),(655,'3175054812670000',NULL,'Warsiki','P','Ngawi','1967-12-08','JL. Kairi Indah Rt 006/010','3175051004',317505,3175,NULL,NULL,NULL,'2019-10-25 08:34:38','2019-10-25 08:35:06',NULL,NULL),(656,'3175064707680000',NULL,'Susilowati','P','Jakarta','1968-07-07','Kp. Pisangan Rt 010/004','3175061003',317506,3175,NULL,NULL,NULL,'2019-10-25 08:34:38','2019-10-25 08:35:06',NULL,NULL),(657,'3175064101650030',NULL,'Siti Djumiatun','P','Jakarta','1965-01-01','Kp. Pengarengan Rt 009/06','3175061001',317506,3175,NULL,NULL,NULL,'2019-10-25 08:34:38','2019-10-25 08:35:06',NULL,NULL),(658,'3175064101700030',NULL,'Yayan  Aryani','P','Jakarta','1970-01-01','Kp. Baru Klender Rt 009/001','3175061001',317506,3175,NULL,NULL,NULL,'2019-10-25 08:34:38','2019-10-25 08:35:06',NULL,NULL),(659,'3175066805690010',NULL,'Enggelina Tulalessy','P','Titawan','1969-05-28','RGTC Blok Cendana No. 408 Rt.04/10','3175061007',317506,3175,NULL,NULL,NULL,'2019-10-25 08:34:38','2019-10-25 08:35:06',NULL,NULL),(660,'3175065209670000',NULL,'Susiyati Handayani','P','Palembang','1967-09-12','Pulo Gegang Rt. 003/006','3175061005',317506,3175,NULL,NULL,NULL,'2019-10-25 08:34:38','2019-10-25 08:35:06',NULL,NULL),(661,'3175094502680000',NULL,'Indri Purwandari','P','Jakarta','1968-02-05','Jl.  Tanah Merdeka X/24 Rt 007/06','3175091001',317509,3175,NULL,NULL,NULL,'2019-10-25 08:34:38','2019-10-25 08:35:06',NULL,NULL),(662,'3175096312630000',NULL,'Tety Suhartini','P','Jakarta','1963-12-23','Jl. Asmin Rt 001/03','3175091004',317509,3175,NULL,NULL,NULL,'2019-10-25 08:34:38','2019-10-25 08:35:06',NULL,NULL),(663,'3175094710640000',NULL,'Sri Yani','P','Jakarta','1964-10-07','Jl. Cibubur Rt 004/01','3175091002',317509,3175,NULL,NULL,NULL,'2019-10-25 08:34:38','2019-10-25 08:35:06',NULL,NULL),(664,'3175095204660000',NULL,'Carolina Naomi P','P','Jakarta','1979-08-16','Jl. Rukun II No. 94 Rt 009/02','3175091002',317509,3175,NULL,NULL,NULL,'2019-10-25 08:34:38','2019-10-25 08:35:06',NULL,NULL),(665,'3175095202720000',NULL,'Lina Marlina','P','Subang','1966-04-12','Jl.  Raya Ciracas No.25 Rt. 004/00','3175091001',317509,3175,NULL,NULL,NULL,'2019-10-25 08:34:38','2019-10-25 08:35:06',NULL,NULL),(666,'3175047112730000',NULL,'Nurhikmawati','P','Jakarta','1973-12-31','Jl. Dukuh V No. 18 A Rt 009/005','3175041003',317504,3175,NULL,NULL,NULL,'2019-10-25 08:34:38','2019-10-25 08:35:06',NULL,NULL),(667,'3175044603630000',NULL,'Zubaedah','P','Jakarta','1963-03-06','Jl. Taman Harapan Rt 008/003','3175041007',317504,3175,NULL,NULL,NULL,'2019-10-25 08:34:38','2019-10-25 08:35:06',NULL,NULL),(668,'3175046910700000',NULL,'Siti Muslichah','P','Bandung','1970-10-29','Gg. Langgar Rt. 07/010','3175041007',317504,3175,NULL,NULL,NULL,'2019-10-25 08:34:38','2019-10-25 08:35:06',NULL,NULL),(669,'3175016605700000',NULL,'Etty Siti Aisyah','P','Sorong','1970-05-26','Jl. Matraman Salemba VII/6A Rt.010/02','3175011005',317501,3175,NULL,NULL,NULL,'2019-10-25 08:34:38','2019-10-25 08:35:06',NULL,NULL),(670,'3175015804830000',NULL,'Iis Apriyandini','P','Jakarta','1983-04-18','Jl. Kayu Manis III Baru No.6 Rt.20/02','3175011003',317501,3175,NULL,NULL,NULL,'2019-10-25 08:34:38','2019-10-25 08:35:06',NULL,NULL),(671,'3175016904800000',NULL,'Titi Sumiyati','P','Jakarta','0000-00-00','Jl. Pisangan Baru Rt 07/13','3175011001',317501,3175,NULL,NULL,NULL,'2019-10-25 08:34:38','2019-10-25 08:35:06',NULL,NULL),(672,'3175014301700000',NULL,'Siti Mariam','P','Jakarta','1979-01-03','Jl. Kayu Manis IV Baru No.6 Rt. 006/03','3175011001',317501,3175,NULL,NULL,NULL,'2019-10-25 08:34:38','2019-10-25 08:35:06',NULL,NULL),(673,'3175026711690000',NULL,'Neli  Nuzuliana','P','Banyumas','1969-11-27','Jl. Cipinang Lontar  Rt 010/008','3175021003',317502,3175,NULL,NULL,NULL,'2019-10-25 08:34:38','2019-10-25 08:35:06',NULL,NULL),(674,'3175020811790000',NULL,'Irfan Ifdil','L','Jakarta','1979-11-08','Jl. Pisangan Lama III Rt 002/004','3175021002',317502,3175,NULL,NULL,NULL,'2019-10-25 08:34:38','2019-10-25 08:35:06',NULL,NULL),(675,'3175026305660000',NULL,'Susanti','P','Jakarta','1966-05-23','Jl. Kampung Baru Rt. 012/007','3175021006',317502,3175,NULL,NULL,NULL,'2019-10-25 08:34:38','2019-10-25 08:35:06',NULL,NULL),(676,'3175024404690000',NULL,'Fransiska Xaveria Dewi','P','Jakarta','1989-04-04','Jl. Cipinang Timur No. 31 Rt 002/002','3175021003',317502,3175,NULL,NULL,NULL,'2019-10-25 08:34:38','2019-10-25 08:35:06',NULL,NULL),(677,'3175025008820010',NULL,'Musilina','P','Jakarta','1982-08-10','Gg. Akik Yaman Rt. 009/05','3175021002',317502,3175,NULL,NULL,NULL,'2019-10-25 08:34:38','2019-10-25 08:35:06',NULL,NULL),(678,'3175021103840000',NULL,'Ade Ardian R.SR','L','Jakarta','1984-03-11','Jl. Taruna Dalam No.37 Rt. 004/010','3175021001',317502,3175,NULL,NULL,NULL,'2019-10-25 08:34:38','2019-10-25 08:35:06',NULL,NULL),(679,'3175084101700020',NULL,'Dawiroh ','P','Jakarta','1970-01-01','Jl. Raya Kalimalang No. 14 Rt 006/04','3175081005',317508,3175,NULL,NULL,NULL,'2019-10-25 08:34:38','2019-10-25 08:35:06',NULL,NULL),(680,'3175084510620000',NULL,'Lisdiana','P','Lampung','1962-10-05','Gg. I No. 29 Rt 012/01','3175081001',317508,3175,NULL,NULL,NULL,'2019-10-25 08:34:38','2019-10-25 08:35:06',NULL,NULL),(681,'1371014501680000',NULL,'Atinah','P','Padang','1968-01-05','J. Raya Kusuma No. 36 Rt 008/01','3175081001',317508,3175,NULL,NULL,NULL,'2019-10-25 08:34:38','2019-10-25 08:35:06',NULL,NULL),(682,'3175036008690000',NULL,'Dewi Hilma','P','Jakarta','1966-03-10','Jl. Jl. Tanah Rendah Rt 003/008','3175031005',317503,3175,NULL,NULL,NULL,'2019-10-25 08:34:38','2019-10-25 08:35:06',NULL,NULL),(683,'3175030711750000',NULL,'Nunung Herawati','P','Jakarta','1975-11-30','Gang Banten IX Rt 006/05','3175031003',317503,3175,NULL,NULL,NULL,'2019-10-25 08:34:38','2019-10-25 08:35:06',NULL,NULL),(684,'3175036008690000',NULL,'Sudiharti','P','Pekalongan','1969-06-20','Jl. Kampung Besar Rt 004-09','3175031007',317503,3175,NULL,NULL,NULL,'2019-10-25 08:34:38','2019-10-25 08:35:06',NULL,NULL),(685,'3175034104750000',NULL,'Siti Nurapriani','P','Jakarta','1975-04-01','Jl. Kebon Nanas Selatan III No. 15','3175031005',317503,3175,NULL,NULL,NULL,'2019-10-25 08:34:38','2019-10-25 08:35:06',NULL,NULL),(686,'3175076101760000',NULL,'Titin Sumarni','P','Jakarta','1976-01-21','Jl. H. Ahyar  Rt 006/005','3175071001',317507,3175,NULL,NULL,NULL,'2019-10-25 08:34:38','2019-10-25 08:35:06',NULL,NULL),(687,'3175072878090000',NULL,'Anip Mustofa','L','Jakarta','1989-07-28','Jl. Cimerak Selatan 006/012','3175071001',317507,3175,NULL,NULL,NULL,'2019-10-25 08:34:38','2019-10-25 08:35:06',NULL,NULL),(688,'3175075103770010',NULL,'Masenah','P','Jakarta','1977-03-11','Jl. Madrasah III/21 Rt 003/002','3175071001',317507,3175,NULL,NULL,NULL,'2019-10-25 08:34:38','2019-10-25 08:35:06',NULL,NULL),(689,'3175074404790000',NULL,'Siti Rafiah','P','Rembang','1979-04-04','Jl.KP.Pertanian Utara No.4 Rt.003/01','3175071003',317507,3175,NULL,NULL,NULL,'2019-10-25 08:34:38','2019-10-25 08:35:06',NULL,NULL),(690,'3175075702600000',NULL,'Eko Rusmiyati','P','Malang','1960-02-17','Jl. Cilungkup II No. 11 A','3175071001',317507,3175,NULL,NULL,NULL,'2019-10-25 08:34:38','2019-10-25 08:35:06',NULL,NULL),(756,'3175066405680006','3175062201098535','SRI BAKTI ML',NULL,NULL,NULL,'RGTC PUSPA INDAH NO 506 RT 06/010 ','3175061007',317506,3175,NULL,NULL,NULL,'2019-10-25 08:34:38','2019-10-25 08:35:06',NULL,NULL),(757,'3175066610810005','3175061202151126','ANNA OCTAVIA',NULL,NULL,NULL,'RGTC PUSPA INDAH NO 317 RT 06/010 ','3175061007',317506,3175,NULL,NULL,NULL,'2019-10-25 08:34:38','2019-10-25 08:35:06',NULL,NULL),(758,'3175066804660002','3175062709100129','SARWI',NULL,NULL,NULL,'RGTC PUSPA INDAH NO 206 RT 06/010 ','3175061007',317506,3175,NULL,NULL,NULL,'2019-10-25 08:34:38','2019-10-25 08:35:06',NULL,NULL),(759,'3305216006730003','3175060904120035','MURTINAH',NULL,NULL,NULL,'RGTC PUSPA INDAH NO 215 RT 06/010 ','3175061007',317506,3175,NULL,NULL,NULL,'2019-10-25 08:34:38','2019-10-25 08:35:06',NULL,NULL),(760,'3172016102720007','3175062012111027','KHODIJAH',NULL,NULL,NULL,'RGTC AKASIA NO 513 RT 01/010 ','3175061007',317506,3175,NULL,NULL,NULL,'2019-10-25 08:34:38','2019-10-25 08:35:06',NULL,NULL),(761,'3175065010750036','3175061203120020','WIDAYATI',NULL,NULL,NULL,'RGTC MAHONI NO 417 RT 03/010 ','3175061007',317506,3175,NULL,NULL,NULL,'2019-10-25 08:34:38','2019-10-25 08:35:06',NULL,NULL),(762,'3306096412720002','3175061902100121','IDA KRISMIATI',NULL,NULL,NULL,'RGTC MAHONI NO 503 RT 03/010 ','3175061007',317506,3175,NULL,NULL,NULL,'2019-10-25 08:34:38','2019-10-25 08:35:06',NULL,NULL),(763,'3175066711560006','3175062401090176','SUTI',NULL,NULL,NULL,'RGTC MAHONI NO 312 RT 03/010 ','3175061007',317506,3175,NULL,NULL,NULL,'2019-10-25 08:34:38','2019-10-25 08:35:06',NULL,NULL),(764,'3171045304530002','3175061102151009','ANEKE LIKE T',NULL,NULL,NULL,'RGTC MAHONI NO 317 RT 03/010 ','3175061007',317506,3175,NULL,NULL,NULL,'2019-10-25 08:34:38','2019-10-25 08:35:06',NULL,NULL),(765,'3175065009570009','317506040511009','SUMISAH',NULL,NULL,NULL,'RGTC ANGSANA NO 407 RT 02/010 ','3175061007',317506,3175,NULL,NULL,NULL,'2019-10-25 08:34:38','2019-10-25 08:35:06',NULL,NULL),(766,'3172025608700009','3175060202120046','MARTINAH',NULL,NULL,NULL,'RGTC BLOK KAMER WANGI  NO 406 RT 09/010 ','3175061007',317506,3175,NULL,NULL,NULL,'2019-10-25 08:34:38','2019-10-25 08:35:06',NULL,NULL),(767,'3175065011710021','3175062401090191','NURLAELAH',NULL,NULL,NULL,'RGTC BLOK KRUING INDAH NO 110 RT 010/010 ','3175061007',317506,3175,NULL,NULL,NULL,'2019-10-25 08:34:38','2019-10-25 08:35:06',NULL,NULL),(768,'3172024303770007','3175061202151064','MARTHA AFRI ',NULL,NULL,NULL,'RGTC BLOK KRUING INDAH  NO 146 RT 010/010 ','3175061007',317506,3175,NULL,NULL,NULL,'2019-10-25 08:34:38','2019-10-25 08:35:06',NULL,NULL),(769,'3175065008750030','3175062301099402','FARIDA',NULL,NULL,NULL,'RGTC BLOK KAMER WANGI NO 520 RT 09/010 ','3175061007',317506,3175,NULL,NULL,NULL,'2019-10-25 08:34:38','2019-10-25 08:35:06',NULL,NULL),(770,'3172015108740004','3175062202120038','KASILAH',NULL,NULL,NULL,'RGTC BLOK KRUING INDAH NO 513 RT 010/010 ','3175061007',317506,3175,NULL,NULL,NULL,'2019-10-25 08:34:38','2019-10-25 08:35:06',NULL,NULL),(771,'3175065608760002','3175006210109559','SOLEHA',NULL,NULL,NULL,'RGTC ANGSANA NO 202 RT 02/010 ','3175061007',317506,3175,NULL,NULL,NULL,'2019-10-25 08:34:38','2019-10-25 08:35:06',NULL,NULL),(772,'3171015412780001','3175060209131041','PIPIH SUPINAH',NULL,NULL,NULL,'RGTC BLOK KRUING INDAH NO 506 RT 010/010 ','3175061007',317506,3175,NULL,NULL,NULL,'2019-10-25 08:34:38','2019-10-25 08:35:06',NULL,NULL),(773,'3175066304700007','3175061703110016','SUMARWATI',NULL,NULL,NULL,'RGTC KAMER WANGI NO 410 RT 09/010 ','3175061007',317506,3175,NULL,NULL,NULL,'2019-10-25 08:34:38','2019-10-25 08:35:06',NULL,NULL),(774,'3172016109800005','3175061403120021','ADE SUNDARI',NULL,NULL,NULL,'RGTC KAMPER WANGI NO 415 RT 09/010 ','3175061007',317506,3175,NULL,NULL,NULL,'2019-10-25 08:34:38','2019-10-25 08:35:06',NULL,NULL),(775,'3175066705720010','3175061705100053','NURJANAH',NULL,NULL,NULL,'RGTC KAMPER WANGI NO 312 RT 09/010 ','3175061007',317506,3175,NULL,NULL,NULL,'2019-10-25 08:34:38','2019-10-25 08:35:06',NULL,NULL),(776,'3175064304780005','3175062201095765','DEDEH SUMIATI',NULL,NULL,NULL,'RGTC ANGSANA NO 402 RT 02/010 ','3175061007',317506,3175,NULL,NULL,NULL,'2019-10-25 08:34:38','2019-10-25 08:35:06',NULL,NULL),(777,'3175065010680025','3175062101093857','SUMIYATI',NULL,NULL,NULL,'RGTC JATI SARI NO 519 RT 07/010 ','3175061007',317506,3175,NULL,NULL,NULL,'2019-10-25 08:34:38','2019-10-25 08:35:06',NULL,NULL),(778,'3327046007810001','3175061212121013','MUSLIHAH',NULL,NULL,NULL,'RGTC MAHONI NO 410 RT 03/010 ','3175061007',317506,3175,NULL,NULL,NULL,'2019-10-25 08:34:38','2019-10-25 08:35:06',NULL,NULL),(779,'3175065307790014','3175062301099754','TARMIASIH',NULL,NULL,NULL,'RGTC ANGSANA NO 409 RT 02/010 ','3175061007',317506,3175,NULL,NULL,NULL,'2019-10-25 08:34:38','2019-10-25 08:35:06',NULL,NULL),(780,'3175064706760030','3175062401090307','HADIROH',NULL,NULL,NULL,'RGTC AKASIA NO 502 RT 01/010 ','3175061007',317506,3175,NULL,NULL,NULL,'2019-10-25 08:34:38','2019-10-25 08:35:06',NULL,NULL),(781,'3175066106560006','3175062301097782','SUMARNI',NULL,NULL,NULL,'RGTC ANGSANA NO 418 RT 02/010 ','3175061007',317506,3175,NULL,NULL,NULL,'2019-10-25 08:34:38','2019-10-25 08:35:06',NULL,NULL),(782,'3175067011700007','3175062401090689','SULARMI M',NULL,NULL,NULL,'RGTC AKASIA NO 408 RT 01/010 ','3175061007',317506,3175,NULL,NULL,NULL,'2019-10-25 08:34:38','2019-10-25 08:35:06',NULL,NULL),(783,'3171085903720001','3175061706141002','MARIA RA',NULL,NULL,NULL,'RGTC JATI SARI NO 512 RT 07/010 ','3175061007',317506,3175,NULL,NULL,NULL,'2019-10-25 08:34:38','2019-10-25 08:35:06',NULL,NULL),(784,'3171034903770002','3175060208121038','LIN MARTA R',NULL,NULL,NULL,'RGTC JATISARI NO 508 RT 07/010 ','3175061007',317506,3175,NULL,NULL,NULL,'2019-10-25 08:34:38','2019-10-25 08:35:06',NULL,NULL),(785,'3172014610510002','3175060202097121','RATMI',NULL,NULL,NULL,'RGTC CENDANA NO 217 RT 04/010 ','3175061007',317506,3175,NULL,NULL,NULL,'2019-10-25 08:34:38','2019-10-25 08:35:06',NULL,NULL),(786,'3175025709730004','3175062912111069','CUT NURASYAH',NULL,NULL,NULL,'RGTC JATI SARI NO 206 RT 07/010 ','3175061007',317506,3175,NULL,NULL,NULL,'2019-10-25 08:34:38','2019-10-25 08:35:06',NULL,NULL),(787,'3175066505640009','3175060702151008','TUMINAH',NULL,NULL,NULL,'RGTC ANGSANA NO 505RT 02/010 ','3175061007',317506,3175,NULL,NULL,NULL,'2019-10-25 08:34:38','2019-10-25 08:35:06',NULL,NULL),(788,'3175065204630015','3175062401090128','SITI MASITOH',NULL,NULL,NULL,'RGTC KRUING INDAH NO 520 RT 010/010 ','3175061007',317506,3175,NULL,NULL,NULL,'2019-10-25 08:34:38','2019-10-25 08:35:06',NULL,NULL),(789,'3175066011960006','3175060512130015','NOVIA R',NULL,NULL,NULL,'RGTC ANGSANA NO 407 RT 02/010 ','3175061007',317506,3175,NULL,NULL,NULL,'2019-10-25 08:34:38','2019-10-25 08:35:06',NULL,NULL),(790,'3172017006720003','3175061202151133','YUTI ARSINI',NULL,NULL,NULL,'RGTC RASA MALA NO 209 RT 08/010 ','3175061007',317506,3175,NULL,NULL,NULL,'2019-10-25 08:34:38','2019-10-25 08:35:06',NULL,NULL),(791,'3172014203790011','3175060811121016','YUYUN',NULL,NULL,NULL,'RGTC RASA MALA NO 103RT 08/010 ','3175061007',317506,3175,NULL,NULL,NULL,'2019-10-25 08:34:38','2019-10-25 08:35:06',NULL,NULL),(792,'3172025904760012','3175062505100033','ULFA',NULL,NULL,NULL,'RGTC RASA MALA NO 410 RT 08/010 ','3175061007',317506,3175,NULL,NULL,NULL,'2019-10-25 08:34:38','2019-10-25 08:35:06',NULL,NULL),(793,'3172014101800013','3175060504121059','ANITA SANJAYA',NULL,NULL,NULL,'RGTC RASA MALA NO 306 RT 08/010 ','3175061007',317506,3175,NULL,NULL,NULL,'2019-10-25 08:34:38','2019-10-25 08:35:06',NULL,NULL),(794,'3171075110661001','3175061202151123','MUNJAROH',NULL,NULL,NULL,'RGTC RASA MALA NO 207 RT 08/010 ','3175061007',317506,3175,NULL,NULL,NULL,'2019-10-25 08:34:38','2019-10-25 08:35:06',NULL,NULL),(795,'3175065911630007','3175061101120015','KESIH',NULL,NULL,NULL,'RGTC RASA MALA NO 507 RT 08/010 ','3175061007',317506,3175,NULL,NULL,NULL,'2019-10-25 08:34:38','2019-10-25 08:35:06',NULL,NULL),(796,'3172011012630003','3175060205111051','WARNA   AH',NULL,NULL,NULL,'RGTC MAHONI NO 418 RT 03/010 ','3175061007',317506,3175,NULL,NULL,NULL,'2019-10-25 08:34:38','2019-10-25 08:35:06',NULL,NULL),(797,'3175064607901003','3175060507120009','DARYUNAH',NULL,NULL,NULL,'RGTC AKASIA NO 312 RT 01/010 ','3175061007',317506,3175,NULL,NULL,NULL,'2019-10-25 08:34:38','2019-10-25 08:35:06',NULL,NULL),(798,'3175067112820025','3175062709100128','ELI MUSAROFAH',NULL,NULL,NULL,'RGTC RASA MALA NO 215 RT 08/010 ','3175061007',317506,3175,NULL,NULL,NULL,'2019-10-25 08:34:38','2019-10-25 08:35:06',NULL,NULL),(799,'3175065208950029','3175062401090293','SANTI JUNIANTI',NULL,NULL,NULL,'RGTC AKASIA NO 517 RT 01/010 ','3175061007',317506,3175,NULL,NULL,NULL,'2019-10-25 08:34:38','2019-10-25 08:35:06',NULL,NULL),(800,'3175065505740024','3175062301099551','DINI',NULL,NULL,NULL,'RGTC KAMPER WANGI NO 503 RT 09/010 ','3175061007',317506,3175,NULL,NULL,NULL,'2019-10-25 08:34:38','2019-10-25 08:35:06',NULL,NULL),(801,'3175064511620001','3175062401090303','SURATI',NULL,NULL,NULL,'RGTC AKASIA NO 516 RT 01/010 ','3175061007',317506,3175,NULL,NULL,NULL,'2019-10-25 08:34:38','2019-10-25 08:35:06',NULL,NULL),(802,'0951024102740294','5304072819','TUMINAH',NULL,NULL,NULL,'RGTC KRUING INDAH NO 512 RT 010/010 ','3175061007',317506,3175,NULL,NULL,NULL,'2019-10-25 08:34:38','2019-10-25 08:35:06',NULL,NULL),(803,'3175065206730017','3175062401090085','SITI ATMIRAH',NULL,NULL,NULL,'RGTC KRUING INDAH NO 314 RT 010/010 ','3175061007',317506,3175,NULL,NULL,NULL,'2019-10-25 08:34:38','2019-10-25 08:35:06',NULL,NULL),(804,'3172014808840011','3175063005131026','REKA',NULL,NULL,NULL,'RGTC KRUING INDAH NO 214 RT 010/010 ','3175061007',317506,3175,NULL,NULL,NULL,'2019-10-25 08:34:38','2019-10-25 08:35:06',NULL,NULL),(805,'3175061606640017','3175062401090190','JAENAL',NULL,NULL,NULL,'RGTC KRUING INDAH NO 306 RT 010/010 ','3175061007',317506,3175,NULL,NULL,NULL,'2019-10-25 08:34:38','2019-10-25 08:35:06',NULL,NULL),(806,'3172016104670000','3175061705141015','ATMINAH',NULL,NULL,NULL,'RUSUN PULO GEBANG BLOK B 211 RT 08/011','3175061005',317506,3175,NULL,NULL,NULL,'2019-10-25 08:34:38','2019-10-25 08:35:06',NULL,NULL),(807,'3171075207650002','3175061605141071','TAMINAH',NULL,NULL,NULL,'RUSUN PULO GEBANG BLOK C NO 516 RT 07/011','3175061005',317506,3175,NULL,NULL,NULL,'2019-10-25 08:34:38','2019-10-25 08:35:06',NULL,NULL),(808,'3173055308801001','3175062001151062','UPIK YULISMAH',NULL,NULL,NULL,'RUSUN PULO GEBANG BLOK C NO 504 RT 07/011','3175061005',317506,3175,NULL,NULL,NULL,'2019-10-25 08:34:38','2019-10-25 08:35:06',NULL,NULL),(809,'317201410965002','3175061205151045','RASINI',NULL,NULL,NULL,'RUSUN PULO GEBANG BLOK F NO 411 RT 011/011','3175061005',317506,3175,NULL,NULL,NULL,'2019-10-25 08:34:38','2019-10-25 08:35:06',NULL,NULL),(810,'3175064103901003','3175061612131048','RINI ANTIKA',NULL,NULL,NULL,'RUSUN PULO GEBANG BLOK C NO 514 RT 07/011','3175061005',317506,3175,NULL,NULL,NULL,'2019-10-25 08:34:38','2019-10-25 08:35:06',NULL,NULL),(811,'3674064512710010','3175060212131033','SANGGIRAH',NULL,NULL,NULL,'RUSUN PULO GEBANG BLOK C NO 510 RT 07/011','3175061005',317506,3175,NULL,NULL,NULL,'2019-10-25 08:34:38','2019-10-25 08:35:06',NULL,NULL),(812,'3402166511840004','3175060901141066','LASMINI',NULL,NULL,NULL,'RUSUN PULO GEBANG BLOK C NO 506 RT 07/011','3175061005',317506,3175,NULL,NULL,NULL,'2019-10-25 08:34:38','2019-10-25 08:35:06',NULL,NULL),(813,'3174025506770003','3175062504141008','ASIH',NULL,NULL,NULL,'RUSUN PULO GEBANG BLOK C NO 507RT 07/011','3175061005',317506,3175,NULL,NULL,NULL,'2019-10-25 08:34:38','2019-10-25 08:35:06',NULL,NULL),(814,'3174022503730003','3175061605141076','AGUS',NULL,NULL,NULL,'RUSUN PULO GEBANG BLOK C NO 512 RT 07/011','3175061005',317506,3175,NULL,NULL,NULL,'2019-10-25 08:34:38','2019-10-25 08:35:06',NULL,NULL),(815,'3171074510821003','3175061903151010','SURATMI',NULL,NULL,NULL,'RUSUN PULO GEBANG BLOK B LT 5/05 RT 08/011','3175061005',317506,3175,NULL,NULL,NULL,'2019-10-25 08:34:38','2019-10-25 08:35:06',NULL,NULL),(816,'3175026504670001','3175060209141056','TUHRIAH',NULL,NULL,NULL,'KP BARU BLOK B NO 215 RUSUNAWA RT 016/08 ','3175061005',317506,3175,NULL,NULL,NULL,'2019-10-25 08:34:38','2019-10-25 08:35:06',NULL,NULL),(817,'3175026704620003','3175061108141018','KASTINAH',NULL,NULL,NULL,'KP BARU BLOK C4 NO 11 RUSUNAWA RT 015/08 ','3175061005',317506,3175,NULL,NULL,NULL,'2019-10-25 08:34:38','2019-10-25 08:35:06',NULL,NULL),(818,'3175025002650002','3175062201151020','PAINI',NULL,NULL,NULL,'KP BARU BLOK C NO 311 RUSUNAWA RT 015/08 ','3175061005',317506,3175,NULL,NULL,NULL,'2019-10-25 08:34:38','2019-10-25 08:35:06',NULL,NULL),(819,'3175024906670001','3175062609141014','WARIYEM',NULL,NULL,NULL,'KP BARU BLOK C NO 404 RUSUNAWA RT 015/08 ','3175061005',317506,3175,NULL,NULL,NULL,'2019-10-25 08:34:38','2019-10-25 08:35:06',NULL,NULL),(820,'3171085902590001','3175061808141039','SURLINA',NULL,NULL,NULL,'KP BARU BLOK C NO 101 RUSUNAWA RT 015/08 ','3175061005',317506,3175,NULL,NULL,NULL,'2019-10-25 08:34:38','2019-10-25 08:35:06',NULL,NULL),(821,'3175023112480017','3175061610141043','PARDI WIBOWO',NULL,NULL,NULL,'KP BARU BLOK D NO 212 RUSUNAWA RT 016/08 ','3175061005',317506,3175,NULL,NULL,NULL,'2019-10-25 08:34:38','2019-10-25 08:35:06',NULL,NULL),(822,'3526026003690003','3175062609141024','RAUDAH',NULL,NULL,NULL,'KP BARU BLOK D NO 107 RUSUNAWA RT 016/ 08 ','3175061005',317506,3175,NULL,NULL,NULL,'2019-10-25 08:34:38','2019-10-25 08:35:06',NULL,NULL),(823,'3175024906630002','3175062708141048','MULYANA',NULL,NULL,NULL,'KP BARU BLOK D NO 104 RUSUNAWA RT 016/ 08 ','3175061005',317506,3175,NULL,NULL,NULL,'2019-10-25 08:34:38','2019-10-25 08:35:06',NULL,NULL),(824,'3175025309660003','3175061711141045','SRI YATI',NULL,NULL,NULL,'KP BARU BLOK C NO 206 RUSUNAWA RT 015/08 ','3175061005',317506,3175,NULL,NULL,NULL,'2019-10-25 08:34:38','2019-10-25 08:35:06',NULL,NULL),(825,'3175024504750011','3175060210141024','KURNIASIH',NULL,NULL,NULL,'KP BARU BLOK C NO 115 RUSUNAWA RT 015/08 ','3175061005',317506,3175,NULL,NULL,NULL,'2019-10-25 08:34:38','2019-10-25 08:35:06',NULL,NULL),(826,'3175025010800005','3175060110141039','TRI HARTUTI',NULL,NULL,NULL,'KP BARU BLOK D NO 113 RUSUNAWA RT 016/08 ','3175061005',317506,3175,NULL,NULL,NULL,'2019-10-25 08:34:38','2019-10-25 08:35:06',NULL,NULL),(827,'3175026603761001','3175060710141038','SUMIATI',NULL,NULL,NULL,'KP BARU BLOK D NO 313 RUSUNAWA RT 016/08 ','3175061005',317506,3175,NULL,NULL,NULL,'2019-10-25 08:34:38','2019-10-25 08:35:06',NULL,NULL),(828,'3175026110870003','3175062608141006','IKA SRI WARDANI',NULL,NULL,NULL,'KP BARU BLOK D NO 1306 RUSUNAWA RT 016/08 ','3175061005',317506,3175,NULL,NULL,NULL,'2019-10-25 08:34:38','2019-10-25 08:35:06',NULL,NULL),(829,'3175024912670008','3175062008141071','ATI',NULL,NULL,NULL,'KP BARU BLOK C NO 109 RUSUNAWA RT 015/08 ','3175061005',317506,3175,NULL,NULL,NULL,'2019-10-25 08:34:38','2019-10-25 08:35:06',NULL,NULL),(830,'3175024707780010','3175061205160016','JUARNI',NULL,NULL,NULL,'KP BARU BLOK D NO 213 RUSUNAWA RT 016/ 08 ','3175061005',317506,3175,NULL,NULL,NULL,'2019-10-25 08:34:38','2019-10-25 08:35:06',NULL,NULL),(831,'3175026912680003','317506030160014','SUMIRAH',NULL,NULL,NULL,'KP BARU BLOK D NO 402 RUSUNAWA RT 016/08 ','3175061005',317506,3175,NULL,NULL,NULL,'2019-10-25 08:34:38','2019-10-25 08:35:06',NULL,NULL),(832,'3172065008720002','3175060801151050','TIURLAN',NULL,NULL,NULL,'KP BARU BLOK C NO 208 RUSUNAWA RT 015/ 08 ','3175061005',317506,3175,NULL,NULL,NULL,'2019-10-25 08:34:38','2019-10-25 08:35:06',NULL,NULL),(833,'3175025512770015','3175062508141016','SOFIAH',NULL,NULL,NULL,'KP BARU BLOK D NO 513 RUSUNAWA RT 016/ 08 ','3175061005',317506,3175,NULL,NULL,NULL,'2019-10-25 08:34:38','2019-10-25 08:35:06',NULL,NULL),(834,'3175024706570009','3175062508141002','HERYATI',NULL,NULL,NULL,'KP BARU BLOK C NO 114 RUSUNAWA RT 015/08 ','3175061005',317506,3175,NULL,NULL,NULL,'2019-10-25 08:34:38','2019-10-25 08:35:06',NULL,NULL),(835,'3175025310690001','3175062808141047','KARMI',NULL,NULL,NULL,'KP BARU BLOK D NO 207 RUSUNAWA RT 016/08 ','3175061005',317506,3175,NULL,NULL,NULL,'2019-10-25 08:34:38','2019-10-25 08:35:06',NULL,NULL),(836,'3174015309850002','3174010901098475','SITI MAHFIROH',NULL,NULL,NULL,'RUSUNAWA RAWA BEBEK BLOK MERAK NO 104 RT 014/017 ','3175061005',317506,3175,NULL,NULL,NULL,'2019-10-25 08:34:38','2019-10-25 08:35:06',NULL,NULL),(837,'3174014703721001','3174061110160086','NUR HAYATI',NULL,NULL,NULL,'RUSUNAWA RAWA BEBEK BLOK MERAK NO 418 RT 014/017 ','3175061005',317506,3175,NULL,NULL,NULL,'2019-10-25 08:34:38','2019-10-25 08:35:06',NULL,NULL),(838,'3175015406670003','3175061110160154','ROSYATI',NULL,NULL,NULL,'RUSUNAWA RAWA BEBEK BLOK CENDRA WASIH NO 207 RT 01','3175061005',317506,3175,NULL,NULL,NULL,'2019-10-25 08:34:38','2019-10-25 08:35:06',NULL,NULL),(839,'3174015207580005','3175061110160144','SAODAH',NULL,NULL,NULL,'RUSUNAWA RAWA BEBEK BLOK MERAK NO 114 RT 014/017','3175061005',317506,3175,NULL,NULL,NULL,'2019-10-25 08:34:38','2019-10-25 08:35:06',NULL,NULL),(840,'3174014304710005','3175061111160074','LINDA',NULL,NULL,NULL,'RUSUNAWA RAWA BEBEK BLOK MERAK NO 513 RT 014/017 ','3175061005',317506,3175,NULL,NULL,NULL,'2019-10-25 08:34:38','2019-10-25 08:35:06',NULL,NULL),(841,'317416104700002','3175062909160083','PURNAWATI',NULL,NULL,NULL,'RUSUNAWA RAWA BEBEK BLOK GELATIK NO 218 RT 012/017','3175061005',317506,3175,NULL,NULL,NULL,'2019-10-25 08:34:38','2019-10-25 08:35:06',NULL,NULL),(842,'3174015412680004','3175062909160100','HARLINAH',NULL,NULL,NULL,'RUSUNAWA RAWA BEBEK BLOK GLATIK NO 316 RT 012/017 ','3175061005',317506,3175,NULL,NULL,NULL,'2019-10-25 08:34:38','2019-10-25 08:35:06',NULL,NULL),(843,'3174016408630004','3175061511160105','SURYATINAH',NULL,NULL,NULL,'RUSUNAWA RAWA BEBEK BLOK CENDRA WASIH NO 118 RT 01','3175061005',317506,3175,NULL,NULL,NULL,'2019-10-25 08:34:38','2019-10-25 08:35:06',NULL,NULL),(844,'3174010707620012','3174012510100050','SUGERI',NULL,NULL,NULL,'RUSUNAWA RAWA BEBEK BLOK CENDRA WASIH NO 214 RT 01','3175061005',317506,3175,NULL,NULL,NULL,'2019-10-25 08:34:38','2019-10-25 08:35:06',NULL,NULL),(845,'3174016012420002','3175063009160121','MANAH',NULL,NULL,NULL,'RUSUNAWA RAWA BEBEK BLOK MERPATI NO 107 RT 011/017','3175061005',317506,3175,NULL,NULL,NULL,'2019-10-25 08:34:38','2019-10-25 08:35:06',NULL,NULL),(846,'3172014904730011','3175061608160072','YANTI',NULL,NULL,NULL,'RUSUNAWA RAWA BEBEK BLOK A NO 205 RT 01/017 ','3175061005',317506,3175,NULL,NULL,NULL,'2019-10-25 08:34:38','2019-10-25 08:35:06',NULL,NULL),(847,'317201540867001','3175061808160133','WARSINI',NULL,NULL,NULL,'RUSUNAWA RAWA BEBEK BLOK F NO 410 RT 006/017 ','3175061005',317506,3175,NULL,NULL,NULL,'2019-10-25 08:34:38','2019-10-25 08:35:06',NULL,NULL),(848,'317201521168007','3175061808160113','NUR AINI',NULL,NULL,NULL,'RUSUNAWA RAWA BEBEK BLOK F NO 309 RT 006/017 ','3175061005',317506,3175,NULL,NULL,NULL,'2019-10-25 08:34:38','2019-10-25 08:35:06',NULL,NULL),(849,'3172016804860012','3175062008160012','MARPUAH ALAWIYAH',NULL,NULL,NULL,'RUSUNAWA RAWA BEBEK BLOK A NO 411 RT 001/017 ','3175061005',317506,3175,NULL,NULL,NULL,'2019-10-25 08:34:38','2019-10-25 08:35:06',NULL,NULL),(850,'3174012012640005','3175062611160018','SAMAN',NULL,NULL,NULL,'RUSUNAWA RAWA BEBEK BLOK MERPATI NO 311 RT 011/017','3175061005',317506,3175,NULL,NULL,NULL,'2019-10-25 08:34:38','2019-10-25 08:35:06',NULL,NULL),(851,'3205124411790001','3175062611160010','NOVI ROSMAYA',NULL,NULL,NULL,'RUSUNAWA RAWA BEBEK BLOK MERPATI NO 204 RT 011/017','3175061005',317506,3175,NULL,NULL,NULL,'2019-10-25 08:34:38','2019-10-25 08:35:06',NULL,NULL),(852,'3172014911740011','3175061608160076','NUR AINI',NULL,NULL,NULL,'RUSUNAWA RAWA BEBEK BLOK A NO 325 RT 001/017 ','3175061005',317506,3175,NULL,NULL,NULL,'2019-10-25 08:34:38','2019-10-25 08:35:06',NULL,NULL),(853,'3172015701790001','3175061808160099','LATUO',NULL,NULL,NULL,'RUSUNAWA RAWA BEBEK BLOK F NO 215 RT 006/017 ','3175061005',317506,3175,NULL,NULL,NULL,'2019-10-25 08:34:38','2019-10-25 08:35:06',NULL,NULL),(854,'3172011205670015','3175061608160090','JULIUS',NULL,NULL,NULL,'RUSUNAWA RAWA BEBEK BLOK A NO 510 RT 001/017 ','3175061005',317506,3175,NULL,NULL,NULL,'2019-10-25 08:34:38','2019-10-25 08:35:06',NULL,NULL),(855,'3174014705650001','3175063009160106','SUGIARTI',NULL,NULL,NULL,'RUSUNAWA RAWA BEBEK BLOK GELATIK NO 310 RT 012/017','3175061005',317506,3175,NULL,NULL,NULL,'2019-10-25 08:34:38','2019-10-25 08:35:06',NULL,NULL),(856,NULL,NULL,'DARSITI',NULL,NULL,NULL,'KP. PERTANIAN UTARA RW 01/RT 01','3175071003',317507,3175,NULL,NULL,NULL,'2019-10-25 08:34:38','2019-10-25 08:35:06',NULL,NULL),(857,NULL,NULL,'JULIAH',NULL,NULL,NULL,'KP. PERTANIAN UTARA RW 01/RT 05','3175071003',317507,3175,NULL,NULL,NULL,'2019-10-25 08:34:38','2019-10-25 08:35:06',NULL,NULL),(858,NULL,NULL,'ROSIDAH ',NULL,NULL,NULL,'KP. PERTANIAN UTARA RW 01/RT 10','3175071003',317507,3175,NULL,NULL,NULL,'2019-10-25 08:34:38','2019-10-25 08:35:06',NULL,NULL),(859,NULL,NULL,'KASTIRI',NULL,NULL,NULL,'KP. PERTANIAN UTARA RW 01/ RT 11','3175071003',317507,3175,NULL,NULL,NULL,'2019-10-25 08:34:38','2019-10-25 08:35:06',NULL,NULL),(860,NULL,NULL,'SRI IDA MURTINI',NULL,NULL,NULL,'KP. PERTANIAN UTARA RW 01/ RT 01','3175071003',317507,3175,NULL,NULL,NULL,'2019-10-25 08:34:38','2019-10-25 08:35:06',NULL,NULL),(861,NULL,NULL,'SUPINAH',NULL,NULL,NULL,'KP. PERTANIAN UTARA RW 01/RT 10','3175071003',317507,3175,NULL,NULL,NULL,'2019-10-25 08:34:38','2019-10-25 08:35:06',NULL,NULL),(862,NULL,NULL,'DUNYATI',NULL,NULL,NULL,'KP. PERTANIAN UTARA RW 01/RT 10','3175071003',317507,3175,NULL,NULL,NULL,'2019-10-25 08:34:38','2019-10-25 08:35:06',NULL,NULL),(863,NULL,NULL,'DARNENGSIH',NULL,NULL,NULL,'KP. PERTANIAN UTARA RW 01/RT 01','3175071003',317507,3175,NULL,NULL,NULL,'2019-10-25 08:34:38','2019-10-25 08:35:06',NULL,NULL),(864,NULL,NULL,'FITRIA',NULL,NULL,NULL,'KP. PERTANIAN UTARA RW 01/RT 10','3175071003',317507,3175,NULL,NULL,NULL,'2019-10-25 08:34:38','2019-10-25 08:35:06',NULL,NULL),(865,NULL,NULL,'ROHIMATUSADIAH',NULL,NULL,NULL,'KP. PERTANIAN UTARA RW 01/RT 10','3175071003',317507,3175,NULL,NULL,NULL,'2019-10-25 08:34:38','2019-10-25 08:35:06',NULL,NULL),(866,NULL,NULL,'DARNIYAH ',NULL,NULL,NULL,'KP. PERTANIAN UTARA RW 01/ RT 05','3175071003',317507,3175,NULL,NULL,NULL,'2019-10-25 08:34:38','2019-10-25 08:35:06',NULL,NULL),(867,NULL,NULL,'ROMASNA SIMARANGKIR',NULL,NULL,NULL,'KP. PERTANIAN UTARA RW 01/ RT 05','3175071003',317507,3175,NULL,NULL,NULL,'2019-10-25 08:34:38','2019-10-25 08:35:06',NULL,NULL),(868,NULL,NULL,'DELITA BR S',NULL,NULL,NULL,'KP. PERTANIAN UTARA RW 01/ RT 05','3175071003',317507,3175,NULL,NULL,NULL,'2019-10-25 08:34:38','2019-10-25 08:35:06',NULL,NULL),(869,NULL,NULL,'TITI ',NULL,NULL,NULL,'KP. PERTANIAN UTARA RW 01/ RT 12','3175071003',317507,3175,NULL,NULL,NULL,'2019-10-25 08:34:38','2019-10-25 08:35:06',NULL,NULL),(870,NULL,NULL,'SITI NURJANAH ',NULL,NULL,NULL,'KP. PERTANIAN UTARA RW 01/ RT 12','3175071003',317507,3175,NULL,NULL,NULL,'2019-10-25 08:34:38','2019-10-25 08:35:06',NULL,NULL),(871,NULL,NULL,'NASROH',NULL,NULL,NULL,'KP. PERTANIAN UTARA RW 01/ RT 12','3175071003',317507,3175,NULL,NULL,NULL,'2019-10-25 08:34:38','2019-10-25 08:35:06',NULL,NULL),(872,NULL,NULL,'SATINAH',NULL,NULL,NULL,'KP. PERTANIAN UTARA RW 01/ RT 12','3175071003',317507,3175,NULL,NULL,NULL,'2019-10-25 08:34:38','2019-10-25 08:35:06',NULL,NULL),(873,NULL,NULL,'NYIMAS NANDRA',NULL,NULL,NULL,'KP. PERTANIAN UTARA RW 01/ RT 08','3175071003',317507,3175,NULL,NULL,NULL,'2019-10-25 08:34:38','2019-10-25 08:35:06',NULL,NULL),(874,NULL,NULL,'SITI KOMARIAH',NULL,NULL,NULL,'KP. PERTANIAN UTARA RW 01/ RT 09','3175071003',317507,3175,NULL,NULL,NULL,'2019-10-25 08:34:38','2019-10-25 08:35:06',NULL,NULL),(875,NULL,NULL,'SITI RAHAYU',NULL,NULL,NULL,'KP. PERTANIAN TENGAH RW 02/ RT 01','3175071003',317507,3175,NULL,NULL,NULL,'2019-10-25 08:34:38','2019-10-25 08:35:06',NULL,NULL),(876,NULL,NULL,'IPAH ',NULL,NULL,NULL,'KP. PERTANIAN UTARA RW 01/ RT 10','3175071003',317507,3175,NULL,NULL,NULL,'2019-10-25 08:34:38','2019-10-25 08:35:06',NULL,NULL),(877,NULL,NULL,'MASKANI ',NULL,NULL,NULL,'KP. PERTANIAN UTARA RW 01/ RT 01','3175071003',317507,3175,NULL,NULL,NULL,'2019-10-25 08:34:38','2019-10-25 08:35:06',NULL,NULL),(878,NULL,NULL,'SRI W',NULL,NULL,NULL,'KP. PERTANIAN UTARA RW 01/ RT 05','3175071003',317507,3175,NULL,NULL,NULL,'2019-10-25 08:34:38','2019-10-25 08:35:06',NULL,NULL),(879,NULL,NULL,'SUNERI',NULL,NULL,NULL,'KP. PERTANIAN TENGAH RW 02/ RT 08','3175071003',317507,3175,NULL,NULL,NULL,'2019-10-25 08:34:38','2019-10-25 08:35:06',NULL,NULL),(880,NULL,NULL,'DARYATUN',NULL,NULL,NULL,'KP. PERTANIAN UTARA RW 01/ RT 05','3175071003',317507,3175,NULL,NULL,NULL,'2019-10-25 08:34:38','2019-10-25 08:35:06',NULL,NULL),(881,NULL,NULL,'SUMYATI',NULL,NULL,NULL,'KP. PERTANIAN UTARA RW 01/ RT 05','3175071003',317507,3175,NULL,NULL,NULL,'2019-10-25 08:34:38','2019-10-25 08:35:06',NULL,NULL),(882,NULL,NULL,'SITI NASEKHA',NULL,NULL,NULL,'KP. PERTANIAN UTARA RW 01/ RT 05','3175071003',317507,3175,NULL,NULL,NULL,'2019-10-25 08:34:38','2019-10-25 08:35:06',NULL,NULL),(883,NULL,NULL,'ROSIDAH',NULL,NULL,NULL,'KP. PERTANIAN UTARA RW 01/ RT 05','3175071003',317507,3175,NULL,NULL,NULL,'2019-10-25 08:34:38','2019-10-25 08:35:06',NULL,NULL),(884,NULL,NULL,'NURHAYANTI',NULL,NULL,NULL,'KP. PERTANIAN UTARA RW 01/ RT 05','3175071003',317507,3175,NULL,NULL,NULL,'2019-10-25 08:34:38','2019-10-25 08:35:06',NULL,NULL),(885,NULL,NULL,'SITI ROHAYATI',NULL,NULL,NULL,'KP. PERTANIAN UTARA RW 01/ RT 01','3175071003',317507,3175,NULL,NULL,NULL,'2019-10-25 08:34:38','2019-10-25 08:35:06',NULL,NULL),(886,NULL,NULL,'ROYANI ',NULL,NULL,NULL,'KP. PERTANIAN SELATAN RW 03/RT 04','3175071003',317507,3175,NULL,NULL,NULL,'2019-10-25 08:34:38','2019-10-25 08:35:06',NULL,NULL),(887,NULL,NULL,'SITI MARIYAH ',NULL,NULL,NULL,'KP. PERTANIAN SELATAN RW 03/RT 04','3175071003',317507,3175,NULL,NULL,NULL,'2019-10-25 08:34:38','2019-10-25 08:35:06',NULL,NULL),(888,NULL,NULL,'SUSANTI ',NULL,NULL,NULL,'KP. PERTANIAN SELATAN RW 03/RT 04','3175071003',317507,3175,NULL,NULL,NULL,'2019-10-25 08:34:38','2019-10-25 08:35:06',NULL,NULL),(889,NULL,NULL,'TARPIAH ',NULL,NULL,NULL,'KP. PERTANIAN SELATAN RW 03/RT 04','3175071003',317507,3175,NULL,NULL,NULL,'2019-10-25 08:34:38','2019-10-25 08:35:06',NULL,NULL),(890,NULL,NULL,'FATONAH',NULL,NULL,NULL,'KP. PERTANIAN SELATAN RW 03/RT 04','3175071003',317507,3175,NULL,NULL,NULL,'2019-10-25 08:34:38','2019-10-25 08:35:06',NULL,NULL),(891,NULL,NULL,'SALAMAH',NULL,NULL,NULL,'KP. PERTANIAN SELATAN RW 03/RT 04','3175071003',317507,3175,NULL,NULL,NULL,'2019-10-25 08:34:38','2019-10-25 08:35:06',NULL,NULL),(892,NULL,NULL,'ANI TOHANI',NULL,NULL,NULL,'KP. PERTANIAN SELATAN RW 03/RT 08','3175071003',317507,3175,NULL,NULL,NULL,'2019-10-25 08:34:38','2019-10-25 08:35:06',NULL,NULL),(893,NULL,NULL,'SENI',NULL,NULL,NULL,'KP. PERTANIAN SELATAN RW 03/RT 04','3175071003',317507,3175,NULL,NULL,NULL,'2019-10-25 08:34:38','2019-10-25 08:35:06',NULL,NULL),(894,NULL,NULL,'ARSANI',NULL,NULL,NULL,'KP. PERTANIAN TENGAH RW 02/RT 07','3175071003',317507,3175,NULL,NULL,NULL,'2019-10-25 08:34:38','2019-10-25 08:35:06',NULL,NULL),(895,NULL,NULL,'NURHAYATI',NULL,NULL,NULL,'KP. PERTANIAN TENGAH RW 02/RT 08','3175071003',317507,3175,NULL,NULL,NULL,'2019-10-25 08:34:38','2019-10-25 08:35:06',NULL,NULL),(896,NULL,NULL,'SITI RAHAYU ',NULL,NULL,NULL,'KP. PERTANIAN UTARA RW 01/RT 06','3175071003',317507,3175,NULL,NULL,NULL,'2019-10-25 08:34:38','2019-10-25 08:35:06',NULL,NULL),(897,NULL,NULL,'MUDRIKA ',NULL,NULL,NULL,'KP. PERTANIAN UTARA RW 01/RT 06','3175071003',317507,3175,NULL,NULL,NULL,'2019-10-25 08:34:38','2019-10-25 08:35:06',NULL,NULL),(898,NULL,NULL,'ROSMINAR ',NULL,NULL,NULL,'KP. PERTANIAN UTARA RW 01/RT 06','3175071003',317507,3175,NULL,NULL,NULL,'2019-10-25 08:34:38','2019-10-25 08:35:06',NULL,NULL),(899,NULL,NULL,'YUSMINARTI',NULL,NULL,NULL,'KP. PERTANIAN TENGAH RW 02/RT 08','3175071003',317507,3175,NULL,NULL,NULL,'2019-10-25 08:34:38','2019-10-25 08:35:06',NULL,NULL),(900,NULL,NULL,'YENI TRIANI',NULL,NULL,NULL,'KP. PERTANIAN SELATAN RW 03/RT 05','3175071003',317507,3175,NULL,NULL,NULL,'2019-10-25 08:34:38','2019-10-25 08:35:06',NULL,NULL),(901,NULL,NULL,'TATI',NULL,NULL,NULL,'KP. PERTANIAN UTARA RW 01/RT 10','3175071003',317507,3175,NULL,NULL,NULL,'2019-10-25 08:34:38','2019-10-25 08:35:06',NULL,NULL),(902,NULL,NULL,'YENI',NULL,NULL,NULL,'KP. PERTANIAN UTARA RW 01/RT 10','3175071003',317507,3175,NULL,NULL,NULL,'2019-10-25 08:34:38','2019-10-25 08:35:06',NULL,NULL),(903,NULL,NULL,'ROVIA DALIL',NULL,NULL,NULL,'KP. PERTANIAN UTARA RW 01/RT 05','3175071003',317507,3175,NULL,NULL,NULL,'2019-10-25 08:34:38','2019-10-25 08:35:06',NULL,NULL),(904,NULL,NULL,'WARTI ',NULL,NULL,NULL,'KP. PERTANIAN UTARA RW 01/RT 03','3175071003',317507,3175,NULL,NULL,NULL,'2019-10-25 08:34:38','2019-10-25 08:35:06',NULL,NULL),(905,NULL,NULL,'SUYANTI',NULL,NULL,NULL,'KP. PERTANIAN UTARA RW 01/RT 10','3175071003',317507,3175,NULL,NULL,NULL,'2019-10-25 08:34:38','2019-10-25 08:35:06',NULL,NULL),(906,NULL,NULL,'IIN PARLINA ',NULL,NULL,NULL,'KP. PERTANIAN UTARA RW 01/RT 05','3175071003',317507,3175,NULL,NULL,NULL,'2019-10-25 08:34:38','2019-10-25 08:35:06',NULL,NULL),(907,NULL,NULL,'ROHETI ',NULL,NULL,NULL,'KP. PERTANIAN UTARA RW 01/RT 07','3175071003',317507,3175,NULL,NULL,NULL,'2019-10-25 08:34:38','2019-10-25 08:35:06',NULL,NULL),(908,NULL,NULL,'ENDANG S ',NULL,NULL,NULL,'KP. PERTANIAN UTARA RW 01/RT 07','3175071003',317507,3175,NULL,NULL,NULL,'2019-10-25 08:34:38','2019-10-25 08:35:06',NULL,NULL),(909,NULL,NULL,'SRI SUWARNI ',NULL,NULL,NULL,'KP. PERTANIAN UTARA RW 01/RT 09','3175071003',317507,3175,NULL,NULL,NULL,'2019-10-25 08:34:38','2019-10-25 08:35:06',NULL,NULL),(910,NULL,NULL,'ENI SUGIANTI',NULL,NULL,NULL,'KP. PERTANIAN UTARA RW 01/RT 09','3175071003',317507,3175,NULL,NULL,NULL,'2019-10-25 08:34:38','2019-10-25 08:35:06',NULL,NULL),(911,NULL,NULL,'SITI JUMARIYAH',NULL,NULL,NULL,'KP. PERTANIAN UTARA RW 01/RT 07','3175071003',317507,3175,NULL,NULL,NULL,'2019-10-25 08:34:38','2019-10-25 08:35:06',NULL,NULL),(912,NULL,NULL,'SITI FATIMAH',NULL,NULL,NULL,'KP. PERTANIAN UTARA RW 01/RT 07','3175071003',317507,3175,NULL,NULL,NULL,'2019-10-25 08:34:38','2019-10-25 08:35:06',NULL,NULL),(913,NULL,NULL,'SUTIMAH',NULL,NULL,NULL,'KP. PERTANIAN UTARA RW 01/RT 07','3175071003',317507,3175,NULL,NULL,NULL,'2019-10-25 08:34:38','2019-10-25 08:35:06',NULL,NULL),(914,NULL,NULL,'MUJIATI',NULL,NULL,NULL,'KP. PERTANIAN UTARA RW 01/RT 10','3175071003',317507,3175,NULL,NULL,NULL,'2019-10-25 08:34:38','2019-10-25 08:35:06',NULL,NULL),(915,NULL,NULL,'SITI KHOIRIYAH',NULL,NULL,NULL,'KP. PERTANIAN UTARA RW 01/RT 05','3175071003',317507,3175,NULL,NULL,NULL,'2019-10-25 08:34:38','2019-10-25 08:35:06',NULL,NULL),(916,NULL,NULL,'KUSTANTINAH',NULL,NULL,NULL,'KP. PERTANIAN UTARA RW 01/RT 02','3175071003',317507,3175,NULL,NULL,NULL,'2019-10-25 08:34:38','2019-10-25 08:35:06',NULL,NULL),(917,NULL,NULL,'KASMINAH',NULL,NULL,NULL,'KP. PERTANIAN UTARA RW 01/RT 03','3175071003',317507,3175,NULL,NULL,NULL,'2019-10-25 08:34:38','2019-10-25 08:35:06',NULL,NULL),(918,NULL,NULL,'SRI REJEKI ',NULL,NULL,NULL,'KP. PERTANIAN UTARA RW 01/RT 01','3175071003',317507,3175,NULL,NULL,NULL,'2019-10-25 08:34:38','2019-10-25 08:35:06',NULL,NULL),(919,NULL,NULL,'DASKOT SILALAHI',NULL,NULL,NULL,'KP. PERTANIAN UTARA RW 01/RT 06','3175071003',317507,3175,NULL,NULL,NULL,'2019-10-25 08:34:38','2019-10-25 08:35:06',NULL,NULL),(920,NULL,NULL,'RATNA SURATMI',NULL,NULL,NULL,'KP. PERTANIAN UTARA RW 01/RT 05','3175071003',317507,3175,NULL,NULL,NULL,'2019-10-25 08:34:38','2019-10-25 08:35:06',NULL,NULL),(921,NULL,NULL,'DULKARIM',NULL,NULL,NULL,'KP. PERTANIAN UTARA RW 01/RT 03','3175071003',317507,3175,NULL,NULL,NULL,'2019-10-25 08:34:38','2019-10-25 08:35:06',NULL,NULL),(922,NULL,NULL,'WARSIT',NULL,NULL,NULL,'KP. PERTANIAN UTARA RW 01/RT 05','3175071003',317507,3175,NULL,NULL,NULL,'2019-10-25 08:34:38','2019-10-25 08:35:06',NULL,NULL),(923,NULL,NULL,'MANISA',NULL,NULL,NULL,'KP. PERTANIAN UTARA RW 01/RT 05','3175071003',317507,3175,NULL,NULL,NULL,'2019-10-25 08:34:38','2019-10-25 08:35:06',NULL,NULL),(924,NULL,NULL,'KURSINI',NULL,NULL,NULL,'KP. PERTANIAN UTARA RW 01/RT 02','3175071003',317507,3175,NULL,NULL,NULL,'2019-10-25 08:34:38','2019-10-25 08:35:06',NULL,NULL),(925,NULL,NULL,'TRI QOMARIAH',NULL,NULL,NULL,'KP. PERTANIAN UTARA RW 01/RT 02','3175071003',317507,3175,NULL,NULL,NULL,'2019-10-25 08:34:38','2019-10-25 08:35:06',NULL,NULL),(926,NULL,NULL,'SRIATI ',NULL,NULL,NULL,'KP. PERTANIAN UTARA RW 01/RT 03','3175071003',317507,3175,NULL,NULL,NULL,'2019-10-25 08:34:38','2019-10-25 08:35:06',NULL,NULL),(927,NULL,NULL,'SRI RAHAYU ',NULL,NULL,NULL,'KP. PERTANIAN UTARA RW 01/RT 04','3175071003',317507,3175,NULL,NULL,NULL,'2019-10-25 08:34:38','2019-10-25 08:35:06',NULL,NULL),(928,NULL,NULL,'KARSIPAH',NULL,NULL,NULL,'KP. PERTANIAN UTARA RW 01/RT 04','3175071003',317507,3175,NULL,NULL,NULL,'2019-10-25 08:34:38','2019-10-25 08:35:06',NULL,NULL),(929,NULL,NULL,'SIYAMI',NULL,NULL,NULL,'KP. PERTANIAN UTARA RW 01/RT 04','3175071003',317507,3175,NULL,NULL,NULL,'2019-10-25 08:34:38','2019-10-25 08:35:06',NULL,NULL),(930,NULL,NULL,'IDA',NULL,NULL,NULL,'KP. PERTANIAN UTARA RW 01/RT 04','3175071003',317507,3175,NULL,NULL,NULL,'2019-10-25 08:34:38','2019-10-25 08:35:06',NULL,NULL),(931,NULL,NULL,'SITI YULIA',NULL,NULL,NULL,'KP. PERTANIAN UTARA RW 01/RT 04','3175071003',317507,3175,NULL,NULL,NULL,'2019-10-25 08:34:38','2019-10-25 08:35:06',NULL,NULL),(932,NULL,NULL,'CARINI',NULL,NULL,NULL,'KP. PERTANIAN UTARA RW 01/RT 04','3175071003',317507,3175,NULL,NULL,NULL,'2019-10-25 08:34:38','2019-10-25 08:35:06',NULL,NULL),(933,NULL,NULL,'SIMITRI',NULL,NULL,NULL,'KP. PERTANIAN UTARA RW 01/RT 04','3175071003',317507,3175,NULL,NULL,NULL,'2019-10-25 08:34:38','2019-10-25 08:35:06',NULL,NULL),(934,NULL,NULL,'ISROH',NULL,NULL,NULL,'KP. PERTANIAN UTARA RW 01/RT 04','3175071003',317507,3175,NULL,NULL,NULL,'2019-10-25 08:34:38','2019-10-25 08:35:06',NULL,NULL),(935,NULL,NULL,'TASLIM',NULL,NULL,NULL,'KP. PERTANIAN UTARA RW 01/RT 04','3175071003',317507,3175,NULL,NULL,NULL,'2019-10-25 08:34:38','2019-10-25 08:35:06',NULL,NULL),(936,NULL,NULL,'SINAH ',NULL,NULL,NULL,'KP. PERTANIAN UTARA RW 01/RT 12','3175071003',317507,3175,NULL,NULL,NULL,'2019-10-25 08:34:38','2019-10-25 08:35:06',NULL,NULL),(937,NULL,NULL,'YUSNAENI ',NULL,NULL,NULL,'KP. PERTANIAN UTARA RW 01/RT 12','3175071003',317507,3175,NULL,NULL,NULL,'2019-10-25 08:34:38','2019-10-25 08:35:06',NULL,NULL),(938,NULL,NULL,'KIRNO ',NULL,NULL,NULL,'KP. PERTANIAN UTARA RW 01/RT 11','3175071003',317507,3175,NULL,NULL,NULL,'2019-10-25 08:34:38','2019-10-25 08:35:06',NULL,NULL),(939,NULL,NULL,'DASMA',NULL,NULL,NULL,'KP. PERTANIAN UTARA RW 01/RT 11','3175071003',317507,3175,NULL,NULL,NULL,'2019-10-25 08:34:38','2019-10-25 08:35:06',NULL,NULL),(940,NULL,NULL,'DARYO',NULL,NULL,NULL,'KP. PERTANIAN UTARA RW 01/RT 11','3175071003',317507,3175,NULL,NULL,NULL,'2019-10-25 08:34:38','2019-10-25 08:35:06',NULL,NULL),(941,NULL,NULL,'TASMIATI',NULL,NULL,NULL,'KP. PERTANIAN UTARA RW 01/RT 10','3175071003',317507,3175,NULL,NULL,NULL,'2019-10-25 08:34:38','2019-10-25 08:35:06',NULL,NULL),(942,NULL,NULL,'SELVIA',NULL,NULL,NULL,'KP. PERTANIAN UTARA RW 01/RT 10','3175071003',317507,3175,NULL,NULL,NULL,'2019-10-25 08:34:38','2019-10-25 08:35:06',NULL,NULL),(943,NULL,NULL,'WARSO',NULL,NULL,NULL,'KP. PERTANIAN UTARA RW 01/RT 01','3175071003',317507,3175,NULL,NULL,NULL,'2019-10-25 08:34:38','2019-10-25 08:35:06',NULL,NULL),(944,NULL,NULL,'MASKURI',NULL,NULL,NULL,'KP. PERTANIAN UTARA RW 01/RT 01','3175071003',317507,3175,NULL,NULL,NULL,'2019-10-25 08:34:38','2019-10-25 08:35:06',NULL,NULL),(945,NULL,NULL,'ETI KUPSAH',NULL,NULL,NULL,'KP. PERTANIAN UTARA RW 01/RT 05','3175071003',317507,3175,NULL,NULL,NULL,'2019-10-25 08:34:38','2019-10-25 08:35:06',NULL,NULL),(946,NULL,NULL,'MINARSIH ',NULL,NULL,NULL,'KP. TEGAL AMBA RW 11/RT 04','3175071003',317507,3175,NULL,NULL,NULL,'2019-10-25 08:34:38','2019-10-25 08:35:06',NULL,NULL),(947,NULL,NULL,'RATNA',NULL,NULL,NULL,'JL. BUARAN 1 RW 13/RT 03','3175071003',317507,3175,NULL,NULL,NULL,'2019-10-25 08:34:38','2019-10-25 08:35:06',NULL,NULL),(948,NULL,NULL,'YAYAH MARIAH ',NULL,NULL,NULL,'JL. TANAH 80 RW 08/RT 04','3175071003',317507,3175,NULL,NULL,NULL,'2019-10-25 08:34:38','2019-10-25 08:35:06',NULL,NULL),(949,NULL,NULL,'JAMI',NULL,NULL,NULL,'JL. TANAH 80 RW 08/RT 10','3175071003',317507,3175,NULL,NULL,NULL,'2019-10-25 08:34:38','2019-10-25 08:35:06',NULL,NULL),(950,NULL,NULL,'SARIYAH',NULL,NULL,NULL,'JL. TANAH 80 RW 08/RT 09','3175071003',317507,3175,NULL,NULL,NULL,'2019-10-25 08:34:38','2019-10-25 08:35:06',NULL,NULL),(951,NULL,NULL,'CARMI',NULL,NULL,NULL,'KP. KAPITAN RW 4/RT 17','3175071003',317507,3175,NULL,NULL,NULL,'2019-10-25 08:34:38','2019-10-25 08:35:06',NULL,NULL),(952,NULL,NULL,'SALAMAH',NULL,NULL,NULL,'KP. TEGAL AMBA RW11/RT 14 ','3175071003',317507,3175,NULL,NULL,NULL,'2019-10-25 08:34:38','2019-10-25 08:35:06',NULL,NULL),(953,NULL,NULL,'MAMEH',NULL,NULL,NULL,'KP. BULAK RW 07/RT 06','3175071003',317507,3175,NULL,NULL,NULL,'2019-10-25 08:34:38','2019-10-25 08:35:06',NULL,NULL),(954,NULL,NULL,'SITI HOLILAH',NULL,NULL,NULL,'KP. SUMUR RW 17/RT05 ','3175071003',317507,3175,NULL,NULL,NULL,'2019-10-25 08:34:38','2019-10-25 08:35:06',NULL,NULL),(955,NULL,NULL,'SAWINAH',NULL,NULL,NULL,'KP. KAPITAN RW 04/RT 17','3175071003',317507,3175,NULL,NULL,NULL,'2019-10-25 08:34:38','2019-10-25 08:35:06',NULL,NULL),(956,'3171044303800010','3171040801099225','Siti Rohana',NULL,NULL,NULL,'Jl. Kramat Pulo GG I Rt. 003/03','3171041004',317104,3171,NULL,NULL,NULL,'2019-10-25 08:34:38','2019-10-25 08:35:06',NULL,NULL),(957,'3171046605870002','3171040801096603','Eli Ernawati',NULL,NULL,NULL,'Jl. Kramat Pulo Dlm I GG.VIII Rt.005/003','3171041004',317104,3171,NULL,NULL,NULL,'2019-10-25 08:34:38','2019-10-25 08:35:06',NULL,NULL),(958,'3171046410700008','3171042102110013','Nena Riana',NULL,NULL,NULL,'Jl. Kramat Pulo Gg. VI Rt. 004/03','3171041004',317104,3171,NULL,NULL,NULL,'2019-10-25 08:34:38','2019-10-25 08:35:06',NULL,NULL),(959,'3171044804730001','3171040901091130','Sri Rahayu',NULL,NULL,NULL,'Jl. Kramat Pulo GGV No.B.183 Rt. 006/03','3171041004',317104,3171,NULL,NULL,NULL,'2019-10-25 08:34:38','2019-10-25 08:35:06',NULL,NULL),(960,'3171041709650002','3171040701096169','Irwansyah',NULL,NULL,NULL,'Jl. Kramat Pulo Gg. V/B Rt. 006/03','3171041004',317104,3171,NULL,NULL,NULL,'2019-10-25 08:34:38','2019-10-25 08:35:06',NULL,NULL),(961,'3171045208660004','3171040801091527','Painem',NULL,NULL,NULL,'Jl. Kramat Soka No. 1. A Rt. 004/02','3171041004',317104,3171,NULL,NULL,NULL,'2019-10-25 08:34:38','2019-10-25 08:35:06',NULL,NULL),(962,'3171041404730006','3171040801097189','Maulana Taufik',NULL,NULL,NULL,'Jl. Pal Putih No. 8A Rt. 001/02','3171041004',317104,3171,NULL,NULL,NULL,'2019-10-25 08:34:38','2019-10-25 08:35:06',NULL,NULL),(963,'3171044505720007','3171040801096146','Tati Andiyah',NULL,NULL,NULL,'Jl. Kramat Pulo Gg. I/B. 30 Rt. 002/03','3171041004',317104,3171,NULL,NULL,NULL,'2019-10-25 08:34:38','2019-10-25 08:35:06',NULL,NULL),(964,'3171046512740003','3171040901093007','Handayani',NULL,NULL,NULL,'Jl. Kramat Pulo Gg. VII Rt. 005/03','3171041004',317104,3171,NULL,NULL,NULL,'2019-10-25 08:34:38','2019-10-25 08:35:06',NULL,NULL),(965,'3171045105610006','3171040801097603','Makhisun',NULL,NULL,NULL,'Jl. Pal Putih No. 191 A Rt.01/02','3171041004',317104,3171,NULL,NULL,NULL,'2019-10-25 08:34:38','2019-10-25 08:35:06',NULL,NULL),(966,'3171044510660002','3171040801099380','Ariyani',NULL,NULL,NULL,'Jl. Kramat Pulo Dalam II/F68 Rt. 01/06','3171041004',317104,3171,NULL,NULL,NULL,'2019-10-25 08:34:38','2019-10-25 08:35:06',NULL,NULL),(967,'3171045307860002','3171041812100014','Enung Nurhayati',NULL,NULL,NULL,'Jl. Kramat Pulo Dalam II Rt. 009/06','3171041004',317104,3171,NULL,NULL,NULL,'2019-10-25 08:34:38','2019-10-25 08:35:06',NULL,NULL),(968,'3171044305800001','3171040801093641','Lidia Nurdin',NULL,NULL,NULL,'Jl. Kramat Pulo Dalam II Rt. 009/06','3171041004',317104,3171,NULL,NULL,NULL,'2019-10-25 08:34:38','2019-10-25 08:35:06',NULL,NULL),(969,'3171044804640004','3171040701098313','Asmani',NULL,NULL,NULL,'Jl. Kramat Pulo Dalam II/F 70 Rt. 001/06','3171041004',317104,3171,NULL,NULL,NULL,'2019-10-25 08:34:38','2019-10-25 08:35:06',NULL,NULL),(970,'3171046106720001','3171040801097108','Sonya',NULL,NULL,NULL,'Jl. Kramat Pulo Dalam II F.52 Rt. 001/06','3171041004',317104,3171,NULL,NULL,NULL,'2019-10-25 08:34:38','2019-10-25 08:35:06',NULL,NULL),(971,'3171047112590008','3171041706100014','Ny.Rohaeni',NULL,NULL,NULL,'Jl. Kramat Sentiong Mesjid  Rt. 008/06','3171041004',317104,3171,NULL,NULL,NULL,'2019-10-25 08:34:38','2019-10-25 08:35:06',NULL,NULL),(972,'3171045805790006','3171042901110004','Siti Nurjana',NULL,NULL,NULL,'Jl. Kramat Pulo Dalam II Rt. 02/06','3171041004',317104,3171,NULL,NULL,NULL,'2019-10-25 08:34:38','2019-10-25 08:35:06',NULL,NULL),(973,'3171045902670002','3171040901090847','Sumarni',NULL,NULL,NULL,'Jl. Kramat Pulo Dalam II/F100C Rt.09/06','3171041004',317104,3171,NULL,NULL,NULL,'2019-10-25 08:34:38','2019-10-25 08:35:06',NULL,NULL),(974,'3171041108640003','3171040801095495','Rusli',NULL,NULL,NULL,'Jl. Kramat Pulo Dalam II Rt. 02/06','3171041004',317104,3171,NULL,NULL,NULL,'2019-10-25 08:34:38','2019-10-25 08:35:06',NULL,NULL),(975,'3171044301740005','3171040701097879','Faridah',NULL,NULL,NULL,'Jl. Kramat Pulo Dalam II Rt. 02/06','3171041004',317104,3171,NULL,NULL,NULL,'2019-10-25 08:34:38','2019-10-25 08:35:06',NULL,NULL),(976,'3171044402710001','3171040801093629','Siti chodijah',NULL,NULL,NULL,'Jl. Kembang Sepatu No.6A Rt. 002/01','3171041004',317104,3171,NULL,NULL,NULL,'2019-10-25 08:34:38','2019-10-25 08:35:06',NULL,NULL),(977,'3171046010900002','3171041409110033','Riska marzella',NULL,NULL,NULL,'Jl. Kembang Sepatu No.6A Rt. 002/01','3171041004',317104,3171,NULL,NULL,NULL,'2019-10-25 08:34:38','2019-10-25 08:35:06',NULL,NULL),(978,'3171045607690003','3171040901093667','Lilik sudarmi',NULL,NULL,NULL,'Jl. Bunga Raya No. 18 Rt. 002/01','3171041004',317104,3171,NULL,NULL,NULL,'2019-10-25 08:34:38','2019-10-25 08:35:06',NULL,NULL),(979,'3171047009650008','3171040701095743','Uun muini',NULL,NULL,NULL,'Jl. Kramat Soka No.1F Rt. 004/02','3171041004',317104,3171,NULL,NULL,NULL,'2019-10-25 08:34:38','2019-10-25 08:35:06',NULL,NULL),(980,'3171044708640005','3171040701094881','Sumiati',NULL,NULL,NULL,'Jl. Kembang Sepatu Rt. 002/01','3171041004',317104,3171,NULL,NULL,NULL,'2019-10-25 08:34:38','2019-10-25 08:35:06',NULL,NULL),(981,'3171044307620006','3171040901090175','Muini',NULL,NULL,NULL,'Jl. Kembang Sepatu No.6A Rt. 002/02','3171041004',317104,3171,NULL,NULL,NULL,'2019-10-25 08:34:38','2019-10-25 08:35:06',NULL,NULL),(982,'3171046607750002','3171040901090857','Siti maryani',NULL,NULL,NULL,'Jl. Bunga Raya No.10C Rt. 002/01','3171041004',317104,3171,NULL,NULL,NULL,'2019-10-25 08:34:38','2019-10-25 08:35:06',NULL,NULL),(983,'3171044101730001','3171040701094837','Rosmalinda',NULL,NULL,NULL,'Jl. Anggrek No.41C Rt. 001/01','3171041004',317104,3171,NULL,NULL,NULL,'2019-10-25 08:34:38','2019-10-25 08:35:06',NULL,NULL),(984,'3171042011850006','3171042704120010','M yani',NULL,NULL,NULL,'Jl. Kramat Soka   Rt. 004/02','3171041004',317104,3171,NULL,NULL,NULL,'2019-10-25 08:34:38','2019-10-25 08:35:06',NULL,NULL),(985,'3171046012650001','3171040801092447','Rumiyati',NULL,NULL,NULL,'Jl. Bunga Raya Rt. 002/01','3171041004',317104,3171,NULL,NULL,NULL,'2019-10-25 08:34:38','2019-10-25 08:35:06',NULL,NULL),(986,'3171046407710003','3171040801092979','Suharsih',NULL,NULL,NULL,'Jl. Kramat Pulo Dalam II Rt. 009/08','3171041004',317104,3171,NULL,NULL,NULL,'2019-10-25 08:34:38','2019-10-25 08:35:06',NULL,NULL),(987,'3171047006920001','3171040701099436','Kholifah',NULL,NULL,NULL,'Jl. Kramat Pulo Dalam II Gg.19 Rt. 010/08','3171041004',317104,3171,NULL,NULL,NULL,'2019-10-25 08:34:38','2019-10-25 08:35:06',NULL,NULL),(988,'3171044908710001','3171040801097676','Ade juati',NULL,NULL,NULL,'Jl. Kramat Pulo Dalam II Rt. 009/08','3171041004',317104,3171,NULL,NULL,NULL,'2019-10-25 08:34:38','2019-10-25 08:35:06',NULL,NULL),(989,'3171044101680004','3171040801093175','Rohanah',NULL,NULL,NULL,'Jl. Kramat Pulo Dalam II Rt. 010/08','3171041004',317104,3171,NULL,NULL,NULL,'2019-10-25 08:34:38','2019-10-25 08:35:06',NULL,NULL),(990,'3171045405790010','3171040801092834','Mulyaningsih',NULL,NULL,NULL,'Jl Kramat Pulo Dalam II Rt. 009/08','3171041004',317104,3171,NULL,NULL,NULL,'2019-10-25 08:34:38','2019-10-25 08:35:06',NULL,NULL),(991,'3171046808760003','3171040901092585','Lusyana',NULL,NULL,NULL,'Jl. Kramat Pulo Dalam II GG.21/E.30 Rt.012/08','3171041004',317104,3171,NULL,NULL,NULL,'2019-10-25 08:34:38','2019-10-25 08:35:06',NULL,NULL),(992,'3171044906610005','3171040701099279','Maryamah',NULL,NULL,NULL,'Jl. Kramat Pulo Dlm II Rt. 007/08','3171041004',317104,3171,NULL,NULL,NULL,'2019-10-25 08:34:38','2019-10-25 08:35:06',NULL,NULL),(993,'3171046511610003','3171040701099235','Idjah',NULL,NULL,NULL,'Jl. Kramat Pulo GG. XXI Rt. 007/08','3171041004',317104,3171,NULL,NULL,NULL,'2019-10-25 08:34:38','2019-10-25 08:35:06',NULL,NULL),(994,'3171045709630001','3171040801091092','Sumainah',NULL,NULL,NULL,'Jl. Kramat Pulo Dalam II Rt. 009/08','3171041004',317104,3171,NULL,NULL,NULL,'2019-10-25 08:34:38','2019-10-25 08:35:06',NULL,NULL),(995,'3171042707680002','3171040901092338','Ahmad supandi',NULL,NULL,NULL,'Jl. Kramat Sentiong  Rt. 011/08','3171041004',317104,3171,NULL,NULL,NULL,'2019-10-25 08:34:38','2019-10-25 08:35:06',NULL,NULL),(996,'3171044505710004','3171040701096596','Roslina',NULL,NULL,NULL,'Jl. Kramat Pulo Gg. XV No.C17 Rt. 013/04','3171041004',317104,3171,NULL,NULL,NULL,'2019-10-25 08:34:38','2019-10-25 08:35:06',NULL,NULL),(997,'3171044111680003','3171040801093691','Sri Mulyati',NULL,NULL,NULL,'Jl. Kramat Pulo Gg. XV  Rt. 015/04','3171041004',317104,3171,NULL,NULL,NULL,'2019-10-25 08:34:38','2019-10-25 08:35:06',NULL,NULL),(998,'3171046707740002','3171040801092601','Sri Hastuti',NULL,NULL,NULL,'Jl. Kramat Pulo Gg IX/D2  Rt.005/04','3171041004',317104,3171,NULL,NULL,NULL,'2019-10-25 08:34:38','2019-10-25 08:35:06',NULL,NULL),(999,'3171045304780003','3171040901091353','Darlina',NULL,NULL,NULL,'Jl. Kramat Pulo Gg IX/ B238 Rt. 003/04','3171041004',317104,3171,NULL,NULL,NULL,'2019-10-25 08:34:38','2019-10-25 08:35:06',NULL,NULL),(1000,'3171045509690002','3171040901090133','Supriyatin',NULL,NULL,NULL,'Jl. Kramat Pulo Gg. 14/C90 Rt. 011/04','3171041004',317104,3171,NULL,NULL,NULL,'2019-10-25 08:34:38','2019-10-25 08:35:06',NULL,NULL),(1001,'3171045006620007','3171041905160008','Suharni',NULL,NULL,NULL,'Jl. Kramat Pulo Gg.XV/C113 Rt. 0013/04','3171041004',317104,3171,NULL,NULL,NULL,'2019-10-25 08:34:38','2019-10-25 08:35:06',NULL,NULL),(1002,'3171047112650011','3171041306160018','Elly Suhaely',NULL,NULL,NULL,'Jl. Kramat Pulo Gg. XV Rt. 015/04','3171041004',317104,3171,NULL,NULL,NULL,'2019-10-25 08:34:38','2019-10-25 08:35:06',NULL,NULL),(1003,'3171046612740005','3171040801090481','Siti Fatimah',NULL,NULL,NULL,'Jl. Kramat Pulo Gg.XV/C113 Rt. 0013/04','3171041004',317104,3171,NULL,NULL,NULL,'2019-10-25 08:34:38','2019-10-25 08:35:06',NULL,NULL),(1004,'3171045405740005','3171040901090057','Siti Muniroh',NULL,NULL,NULL,'Jl. Kramat Pulo Gg. XV / C114 Rt. 013/04','3171041004',317104,3171,NULL,NULL,NULL,'2019-10-25 08:34:38','2019-10-25 08:35:06',NULL,NULL),(1005,'3171045810740001','3171040901090123','Dian Andayani',NULL,NULL,NULL,'Jl. Kramat Pulo Gg.15 Rt. 015/04','3171041004',317104,3171,NULL,NULL,NULL,'2019-10-25 08:34:38','2019-10-25 08:35:06',NULL,NULL),(1006,'3171046407630001','3171040501160008','Nur Alifah',NULL,NULL,NULL,'Jl. Kramat Pulo Dalam II G.45 Rt. 007/95','3171041004',317104,3171,NULL,NULL,NULL,'2019-10-25 08:34:38','2019-10-25 08:35:06',NULL,NULL),(1007,'3171045504630001','3171042206160003','Riwantini',NULL,NULL,NULL,'Jl. Kramat Sentiong I Rt. 006/05','3171041004',317104,3171,NULL,NULL,NULL,'2019-10-25 08:34:38','2019-10-25 08:35:06',NULL,NULL),(1008,'3171046107800007','3171040901090916','Jubaedah',NULL,NULL,NULL,'Jl. Kramat Sentiong II Rt. 006/05','3171041004',317104,3171,NULL,NULL,NULL,'2019-10-25 08:34:38','2019-10-25 08:35:06',NULL,NULL),(1009,'3171045708600003','3171040801098688','Sukaemi',NULL,NULL,NULL,'Jl. Kramat Sentiong II  g.58 Rt. 003/05','3171041004',317104,3171,NULL,NULL,NULL,'2019-10-25 08:34:38','2019-10-25 08:35:06',NULL,NULL),(1010,'3171044107640002','3171040701099257','Mulyati',NULL,NULL,NULL,'Jl. Kramat Sentiong II G.58 Rt. 003/05','3171041004',317104,3171,NULL,NULL,NULL,'2019-10-25 08:34:38','2019-10-25 08:35:06',NULL,NULL),(1011,'3171045102820002','3171040701099864','Neneng Komarasari',NULL,NULL,NULL,'Jl. Gg. Sentiong II  Rt. 004/05','3171041004',317104,3171,NULL,NULL,NULL,'2019-10-25 08:34:38','2019-10-25 08:35:06',NULL,NULL),(1012,'3171045201650002','3171040701099248','Sumiatun',NULL,NULL,NULL,'Jl. Gg. Sentiong II/G.58 Rt. 003/05','3171041004',317104,3171,NULL,NULL,NULL,'2019-10-25 08:34:38','2019-10-25 08:35:06',NULL,NULL),(1013,'3171046006670002','3171040701099506','Mulyanti',NULL,NULL,NULL,'Jl. Kramat Pulo Dalam II Rt. 007/05','3171041004',317104,3171,NULL,NULL,NULL,'2019-10-25 08:34:38','2019-10-25 08:35:06',NULL,NULL),(1014,'3171045301670002','3171040701097126','Fitriani',NULL,NULL,NULL,'Jl. Gg. Sentiong II /G.58 Rt. 003/05','3171041004',317104,3171,NULL,NULL,NULL,'2019-10-25 08:34:38','2019-10-25 08:35:06',NULL,NULL),(1015,'3171046010740001','3171040801094463','Lusi Laya',NULL,NULL,NULL,'Jl. Gg. Sentiong I/D.129 Rt. 005/05','3171041004',317104,3171,NULL,NULL,NULL,'2019-10-25 08:34:38','2019-10-25 08:35:06',NULL,NULL),(1016,'3171046209700004','3171040701097213','Eti Kasari',NULL,NULL,NULL,'Jl. Kramat Pulo gg. IX/D.2 Rt. 005/04','3171041004',317104,3171,NULL,NULL,NULL,'2019-10-25 08:34:38','2019-10-25 08:35:06',NULL,NULL),(1017,'3171044402640001','3171040801092226','Aryani',NULL,NULL,NULL,'Jl. Kramat Pulo Gg.15 / D39 Rt. 015/04','3171041004',317104,3171,NULL,NULL,NULL,'2019-10-25 08:34:38','2019-10-25 08:35:06',NULL,NULL),(1018,'3171046701840001','3171040602131002','Siti Nurhayati',NULL,NULL,NULL,'Jl. Kramat Pulo Gg. IX B.238 Rt. 003/04','3171041004',317104,3171,NULL,NULL,NULL,'2019-10-25 08:34:38','2019-10-25 08:35:06',NULL,NULL),(1019,'3171046307780002','3171040801094521','Sofiani',NULL,NULL,NULL,'Jl. Kramat Pulo Gg.IX B.236 Rt. 003/04','3171041004',317104,3171,NULL,NULL,NULL,'2019-10-25 08:34:38','2019-10-25 08:35:06',NULL,NULL),(1020,'3171045605710002','3171040801093858','Casri',NULL,NULL,NULL,'Jl. Kramat Pulo Gg. XII No.13C Rt. 005/04','3171041004',317104,3171,NULL,NULL,NULL,'2019-10-25 08:34:38','2019-10-25 08:35:06',NULL,NULL),(1021,'3171046602620002','3171040901093091','Siti Iriani',NULL,NULL,NULL,'Jl. Kramat Pulo Gg.IX/B238 Rt. 003/04','3171041004',317104,3171,NULL,NULL,NULL,'2019-10-25 08:34:38','2019-10-25 08:35:06',NULL,NULL),(1022,'3171045711610006','3171040701097417','Aliyah',NULL,NULL,NULL,'Jl. Kramat Pulo Gg.IX Rt. 003/04','3171041004',317104,3171,NULL,NULL,NULL,'2019-10-25 08:34:38','2019-10-25 08:35:06',NULL,NULL),(1023,'3171046310750001','3171040801098308','Apriyana',NULL,NULL,NULL,'Jl. Kramat Pulo GG.XII Rt. 005/04','3171041004',317104,3171,NULL,NULL,NULL,'2019-10-25 08:34:38','2019-10-25 08:35:06',NULL,NULL),(1024,'3171045304650003','3171040701097126','Esih',NULL,NULL,NULL,'Jl. Kramat Pulo Gg.XVI No.C94 Rt. 012/04','3171041004',317104,3171,NULL,NULL,NULL,'2019-10-25 08:34:38','2019-10-25 08:35:06',NULL,NULL),(1025,'3171045109780001','3171040801094463','Ida Supriyanti',NULL,NULL,NULL,'Jl. Kramat Pulo Gg. XIV No.95 Rt. 012/04','3171041004',317104,3171,NULL,NULL,NULL,'2019-10-25 08:34:38','2019-10-25 08:35:06',NULL,NULL),(1026,'3171045507770003','3171040801099333','Sri Rezeki',NULL,NULL,NULL,'Jl. Kramat sentiong mesjid E.87 Rt. 007/06','3171041004',317104,3171,NULL,NULL,NULL,'2019-10-25 08:34:38','2019-10-25 08:35:06',NULL,NULL),(1027,'3171045510660004','3171040901092614','Sri Milik Utami',NULL,NULL,NULL,'Jl. Kramat Sentiong Mesjid Rt. 004/06','3171041004',317104,3171,NULL,NULL,NULL,'2019-10-25 08:34:38','2019-10-25 08:35:06',NULL,NULL),(1028,'3171046104731001','3171040205121012','Marwatiah',NULL,NULL,NULL,'Jl. Kramat Sentiong Masjid Rt. 007/06','3171041004',317104,3171,NULL,NULL,NULL,'2019-10-25 08:34:38','2019-10-25 08:35:06',NULL,NULL),(1029,'3171043112660007','3171040901090133','Sahri',NULL,NULL,NULL,'Jl. Kramat Sentiong Mesjid Rt. 004/06','3171041004',317104,3171,NULL,NULL,NULL,'2019-10-25 08:34:38','2019-10-25 08:35:06',NULL,NULL),(1030,'3171040405910005','3171040109151001','Rizki Maulana',NULL,NULL,NULL,'Jl. Kramat Sentiong V/E 133 Rt. 012/06','3171041004',317104,3171,NULL,NULL,NULL,'2019-10-25 08:34:38','2019-10-25 08:35:06',NULL,NULL),(1031,'3171041710840001','3171040801092408','Indra',NULL,NULL,NULL,'Jl. Kramat Sentiong Mesjid Rt. 007/06','3171041004',317104,3171,NULL,NULL,NULL,'2019-10-25 08:34:38','2019-10-25 08:35:06',NULL,NULL),(1032,'3171046302780003','3171040410111008','Fitri Handayani',NULL,NULL,NULL,'Jl. Kramat Pulo Dalam II/F100 Rt.09/06','3171041004',317104,3171,NULL,NULL,NULL,'2019-10-25 08:34:38','2019-10-25 08:35:06',NULL,NULL),(1033,'3171046003660001','3171042401110053','Marfuah',NULL,NULL,NULL,'Jl. Kramat Pulo Dalam II Rt.09/06','3171041004',317104,3171,NULL,NULL,NULL,'2019-10-25 08:34:38','2019-10-25 08:35:06',NULL,NULL),(1034,'3171045506650003','3171040901090375','Yati',NULL,NULL,NULL,'Jl. Kramat Sentiong Mesjid 010/06','3171041004',317104,3171,NULL,NULL,NULL,'2019-10-25 08:34:38','2019-10-25 08:35:06',NULL,NULL),(1035,'3171044508880001','3171041112100007','Yulita Ferani',NULL,NULL,NULL,'Jl. Kramat Pulo Dalam II Rt.01/06','3171041004',317104,3171,NULL,NULL,NULL,'2019-10-25 08:34:38','2019-10-25 08:35:06',NULL,NULL),(1036,'3171044908670004','3171040801097672','Pariyati',NULL,NULL,NULL,'Jl. Kramat Pulo Gg. XXI Rt. 009/08','3171041004',317104,3171,NULL,NULL,NULL,'2019-10-25 08:34:38','2019-10-25 08:35:06',NULL,NULL),(1037,'3171044902800003','3171040801090088','Fery Yanti',NULL,NULL,NULL,'Jl. Kramat Sentiong Rt. 011/08','3171041004',317104,3171,NULL,NULL,NULL,'2019-10-25 08:34:38','2019-10-25 08:35:06',NULL,NULL),(1038,'3171046209620003','3171040801094446','Arifah',NULL,NULL,NULL,'Jl. Kramat Pulo Dalam II Rt. 007/08','3171041004',317104,3171,NULL,NULL,NULL,'2019-10-25 08:34:38','2019-10-25 08:35:06',NULL,NULL),(1039,'3171045004640007','3171040801095025','Tarsinah',NULL,NULL,NULL,'Jl. Kramat Pulo Dalam II Rt. 007/08','3171041004',317104,3171,NULL,NULL,NULL,'2019-10-25 08:34:38','2019-10-25 08:35:06',NULL,NULL),(1040,'3171040701095256','3171040701095256','Rohimah',NULL,NULL,NULL,'Jl. Kramat Pulo 23 Rt. 007/08','3171041004',317104,3171,NULL,NULL,NULL,'2019-10-25 08:34:38','2019-10-25 08:35:06',NULL,NULL),(1041,'3171044910610002','3171040701097250','Asenin',NULL,NULL,NULL,'Jl. Kramat Pulo Gg. XXI Rt. 007/08','3171041004',317104,3171,NULL,NULL,NULL,'2019-10-25 08:34:38','2019-10-25 08:35:06',NULL,NULL),(1042,'3171041704880001','3171043004141004','Rahmat Dona',NULL,NULL,NULL,'Jl. Kramat Sentiong Rt. 011/08','3171041004',317104,3171,NULL,NULL,NULL,'2019-10-25 08:34:38','2019-10-25 08:35:06',NULL,NULL),(1043,'3171044312870004','3171040701097457','Galuh Devita N',NULL,NULL,NULL,'Jl. Kramat Sentiong Rt. 011/08','3171041004',317104,3171,NULL,NULL,NULL,'2019-10-25 08:34:38','2019-10-25 08:35:06',NULL,NULL),(1044,'3171045706680002','3171040901091069','Nuryani',NULL,NULL,NULL,'Jl. Kramat Senitong Rt. 011/08','3171041004',317104,3171,NULL,NULL,NULL,'2019-10-25 08:34:38','2019-10-25 08:35:06',NULL,NULL),(1045,'3171046503640002','3171040801099698','Rukiana',NULL,NULL,NULL,'Jl. Kramat Sentiong Dlm E.43 Rt. 011/08','3171041004',317104,3171,NULL,NULL,NULL,'2019-10-25 08:34:38','2019-10-25 08:35:06',NULL,NULL),(1046,'3171045607710003','3171040801099082','Yuli Sulistiawati',NULL,NULL,NULL,'Jl. Kramat Sentiong I Rt. 003/05','3171041004',317104,3171,NULL,NULL,NULL,'2019-10-25 08:34:38','2019-10-25 08:35:06',NULL,NULL),(1047,'3171045008790005','3171040701094933','Wina Andriana',NULL,NULL,NULL,'Jl. Gang Sentiong I Rt. 005/05','3171041004',317104,3171,NULL,NULL,NULL,'2019-10-25 08:34:38','2019-10-25 08:35:06',NULL,NULL),(1048,'3171047008680003','3171040801099192','Sumiati',NULL,NULL,NULL,'Jl. Kramat Sentiong I Rt. 002/05','3171041004',317104,3171,NULL,NULL,NULL,'2019-10-25 08:34:38','2019-10-25 08:35:06',NULL,NULL),(1049,'3171045603841001','3171042203100010','Siti Robiah',NULL,NULL,NULL,'Jl. Kramat Sentiong I Rt. 003/07','3171041004',317104,3171,NULL,NULL,NULL,'2019-10-25 08:34:38','2019-10-25 08:35:06',NULL,NULL),(1050,'3171045305940002','3171040701096835','Risti Maylani',NULL,NULL,NULL,'Jl. Kramat Sentiong I Rt. 005/05','3171041004',317104,3171,NULL,NULL,NULL,'2019-10-25 08:34:38','2019-10-25 08:35:06',NULL,NULL),(1051,'3171045607860003','3171040701094957','Rafiqoh',NULL,NULL,NULL,'Jl. Kramat Sentiong I Rt. 002/05','3171041004',317104,3171,NULL,NULL,NULL,'2019-10-25 08:34:38','2019-10-25 08:35:06',NULL,NULL),(1052,'3171045708570004','3171040701097003','Titin Agustina',NULL,NULL,NULL,'Jl. Kramat Sentiong I Rt. 006/05','3171041004',317104,3171,NULL,NULL,NULL,'2019-10-25 08:34:38','2019-10-25 08:35:06',NULL,NULL),(1053,'3171047105790004','3171040801094550','Suryani',NULL,NULL,NULL,'Jl. Kramat Sentiong I Rt. 005/05','3171041004',317104,3171,NULL,NULL,NULL,'2019-10-25 08:34:38','2019-10-25 08:35:06',NULL,NULL),(1054,'3171044503640004','3171040801090945','Sulastri',NULL,NULL,NULL,'Jl. Kramat Sentiong I Rt. 002/05','3171041004',317104,3171,NULL,NULL,NULL,'2019-10-25 08:34:38','2019-10-25 08:35:06',NULL,NULL),(1055,'3171044309680011','3171040701097002','Mardiah',NULL,NULL,NULL,'Jl. Kramat Sentiong I Rt. 009/04','3171041004',317104,3171,NULL,NULL,NULL,'2019-10-25 08:34:38','2019-10-25 08:35:06',NULL,NULL),(1056,'3171084402700003','3171080801094972','Sri sugiarti',NULL,NULL,NULL,'Jl rawa selatan ii rt 011 rw 05','3171081002',317108,3171,NULL,NULL,NULL,'2019-10-25 08:34:38','2019-10-25 08:35:06',NULL,NULL),(1057,'3171084607810004','3171081002120007','Yulia',NULL,NULL,NULL,'Jl rawa selatan i rt 12 rw 05','3171081002',317108,3171,NULL,NULL,NULL,'2019-10-25 08:34:38','2019-10-25 08:35:06',NULL,NULL),(1058,'3171087005720003','3171080801093328','Nurbaiti',NULL,NULL,NULL,'Jl rawa selatan rt 09 rw 07','3171081002',317108,3171,NULL,NULL,NULL,'2019-10-25 08:34:38','2019-10-25 08:35:06',NULL,NULL),(1059,'3171086905840001','317108081093083','Anisa',NULL,NULL,NULL,'Jl rawa selatan rt 039 rw 07','3171081002',317108,3171,NULL,NULL,NULL,'2019-10-25 08:34:38','2019-10-25 08:35:06',NULL,NULL),(1060,'3171084408700001','31710801097041','Muawanah',NULL,NULL,NULL,'Jl kp. Rawa selatan rt 01 rw 07','3171081002',317108,3171,NULL,NULL,NULL,'2019-10-25 08:34:38','2019-10-25 08:35:06',NULL,NULL),(1061,'3171086612570004','3171080801092983','Rohaeni',NULL,NULL,NULL,'Jl rawa selatan i rt 01 rw 07','3171081002',317108,3171,NULL,NULL,NULL,'2019-10-25 08:34:38','2019-10-25 08:35:06',NULL,NULL),(1062,'3171086701730003','3171080404110008','Kartikah',NULL,NULL,NULL,'Jl rawa selatan i rt 01 rw 07','3171081002',317108,3171,NULL,NULL,NULL,'2019-10-25 08:34:38','2019-10-25 08:35:06',NULL,NULL),(1063,'3171086010681001','317108801094882','Parmah',NULL,NULL,NULL,'Jl rawa selatan rt 03 rw 78','3171081002',317108,3171,NULL,NULL,NULL,'2019-10-25 08:34:38','2019-10-25 08:35:06',NULL,NULL),(1064,'3171085012720004','3171080901092982','Sumirah',NULL,NULL,NULL,'Jl kp. Rawa selatan ii rt 09 rw 07','3171081002',317108,3171,NULL,NULL,NULL,'2019-10-25 08:34:38','2019-10-25 08:35:06',NULL,NULL),(1065,'3171084603620002','3171041209131007','Sri Hartati',NULL,NULL,NULL,'Jl kp. Rawa selatan ii rt 012 rw 05','3171081002',317108,3171,NULL,NULL,NULL,'2019-10-25 08:34:38','2019-10-25 08:35:06',NULL,NULL),(1066,'3171085508780005','3171080701091651','Lenni',NULL,NULL,NULL,'Jl kamp. Rawa sawah  rt 06 rw 02 no','3171081001',317108,3171,NULL,NULL,NULL,'2019-10-25 08:34:38','2019-10-25 08:35:06',NULL,NULL),(1067,'3171086401780002','3171080601095502','Heni Yusleni',NULL,NULL,NULL,'Jl kampung rawa sawh  rt 05  rw 02  no','3171081001',317108,3171,NULL,NULL,NULL,'2019-10-25 08:34:38','2019-10-25 08:35:06',NULL,NULL),(1068,'3171086505800005','3171080701091361','Yati Suryani',NULL,NULL,NULL,'Jl kamp. Rawa sawah  rt 06 rw 02 no','3171081001',317108,3171,NULL,NULL,NULL,'2019-10-25 08:34:38','2019-10-25 08:35:06',NULL,NULL),(1069,'3171084707720003','3171080701093114','Turah',NULL,NULL,NULL,'Jl kamp. Rawa sawah  rt 06 rw 02 no 52','3171081001',317108,3171,NULL,NULL,NULL,'2019-10-25 08:34:38','2019-10-25 08:35:06',NULL,NULL),(1070,'3171084508760008','3171080601098559','Nenti',NULL,NULL,NULL,'Jl kamp. Rawa sawah  rt 06 rw 02 no 28','3171081001',317108,3171,NULL,NULL,NULL,'2019-10-25 08:34:38','2019-10-25 08:35:06',NULL,NULL),(1071,'3171084608630001','3171080601094163','Ani Nur Aini',NULL,NULL,NULL,'Jl kampung rawa sawah rt 04 rw 02 no','3171081001',317108,3171,NULL,NULL,NULL,'2019-10-25 08:34:38','2019-10-25 08:35:06',NULL,NULL),(1072,'3171084406720002','3171080701092764','Ibni Muji Rahayu',NULL,NULL,NULL,'Jl kampung rawa sawh  rt 02  rw 02 no 7b','3171081001',317108,3171,NULL,NULL,NULL,'2019-10-25 08:34:38','2019-10-25 08:35:06',NULL,NULL),(1073,'3171087006770002','3171082904111001','Marlinah',NULL,NULL,NULL,'Jl kamp. Rawa sawah  rt 06 rw 02 no 37','3171081001',317108,3171,NULL,NULL,NULL,'2019-10-25 08:34:38','2019-10-25 08:35:06',NULL,NULL),(1074,'3171085206770005','3171080501096925','Fuji Yunita',NULL,NULL,NULL,'Jl johar baru 5 rt 004 rw 11 no 10 d','3171081001',317108,3171,NULL,NULL,NULL,'2019-10-25 08:34:38','2019-10-25 08:35:06',NULL,NULL),(1075,'3171086703830007','3171080701090765','Isnaeni',NULL,NULL,NULL,'Jl johar baru 5 rt 007 rw 11 gg rr no 5','3171081001',317108,3171,NULL,NULL,NULL,'2019-10-25 08:34:38','2019-10-25 08:35:06',NULL,NULL),(1076,'3171085107670001','3171081001091840','Sukaesih',NULL,NULL,NULL,'Jl biduri pandan no 6 rw 03 rt 002','3171081003',317108,3171,NULL,NULL,NULL,'2019-10-25 08:34:38','2019-10-25 08:35:06',NULL,NULL),(1077,'3171086405940001','3171081607131008','Siti Maesaroh',NULL,NULL,NULL,'Jl galur selatan rt 013 rw 01','3171081003',317108,3171,NULL,NULL,NULL,'2019-10-25 08:34:38','2019-10-25 08:35:06',NULL,NULL),(1078,'3171085990181001','3171081001091231','Nurhaelin',NULL,NULL,NULL,'Jl intan rt 006 rw 002 no 11','3171081003',317108,3171,NULL,NULL,NULL,'2019-10-25 08:34:38','2019-10-25 08:35:06',NULL,NULL),(1079,'3171086410640002','3171080901098401','Ernawati',NULL,NULL,NULL,'Jl. Galur selatan jambrut buntu rt 007 rw 01','3171081003',317108,3171,NULL,NULL,NULL,'2019-10-25 08:34:38','2019-10-25 08:35:06',NULL,NULL),(1080,'3171085106670001','3171080901095925','Eti Suhaeti',NULL,NULL,NULL,'Jl galur selatan rt 009 rw 02','3171081003',317108,3171,NULL,NULL,NULL,'2019-10-25 08:34:38','2019-10-25 08:35:06',NULL,NULL),(1081,'3171085102760003','3171080901098548','Faridah',NULL,NULL,NULL,'Jl galur selatan gg cempaka no 12 rw 03/010','3171081003',317108,3171,NULL,NULL,NULL,'2019-10-25 08:34:38','2019-10-25 08:35:06',NULL,NULL),(1082,'3171085211781001','3171080701094205','Warmi',NULL,NULL,NULL,'Jl. Gg delima rt 009 rw 02 no 9','3171081003',317108,3171,NULL,NULL,NULL,'2019-10-25 08:34:38','2019-10-25 08:35:06',NULL,NULL),(1083,'3171086202790003','3171080701098618','Wiwi Sugiarti',NULL,NULL,NULL,'Jl panca warna rw 01 rt 01','3171081003',317108,3171,NULL,NULL,NULL,'2019-10-25 08:34:38','2019-10-25 08:35:06',NULL,NULL),(1084,'3171084203720003','3171082711150014','Sumijati',NULL,NULL,NULL,'Jl intan no 33 rw 03 rt 005','3171081003',317108,3171,NULL,NULL,NULL,'2019-10-25 08:34:38','2019-10-25 08:35:06',NULL,NULL),(1085,'3171084506720001','3171081001095301','Rusnitawati',NULL,NULL,NULL,'Jl biduri pandan rw 02 rt 002','3171081003',317108,3171,NULL,NULL,NULL,'2019-10-25 08:34:38','2019-10-25 08:35:06',NULL,NULL),(1086,'3171085406710007','3171081001093621','Murni',NULL,NULL,NULL,'Jl kampung rawa rw 04 rt 014','3171081003',317108,3171,NULL,NULL,NULL,'2019-10-25 08:34:38','2019-10-25 08:35:06',NULL,NULL),(1087,'3171085205730005','3171081001091584','Rina',NULL,NULL,NULL,'Jl rawa tengah rt 007 rw 06','3171081003',317108,3171,NULL,NULL,NULL,'2019-10-25 08:34:38','2019-10-25 08:35:06',NULL,NULL),(1088,'3171084701720003','3171081001093806','Siti Mutmainah',NULL,NULL,NULL,'Jl rawa tengah rt 006 rw 05','3171081003',317108,3171,NULL,NULL,NULL,'2019-10-25 08:34:38','2019-10-25 08:35:06',NULL,NULL),(1089,'3171086008770002','3171080606111005','Srimarlina',NULL,NULL,NULL,'Jl rawa tengah rw 04 rt 014','3171081003',317108,3171,NULL,NULL,NULL,'2019-10-25 08:34:38','2019-10-25 08:35:06',NULL,NULL),(1090,'3171085704670001','3171081001091462','Nurhayati',NULL,NULL,NULL,'Jl rawa tengah rt 011 rw 05 no 22','3171081003',317108,3171,NULL,NULL,NULL,'2019-10-25 08:34:38','2019-10-25 08:35:06',NULL,NULL),(1091,'3171085309690006','3171081001095612','Teti Roslinawati',NULL,NULL,NULL,'Jl rawa tengah rt 005 rw 06 no 34','3171081003',317108,3171,NULL,NULL,NULL,'2019-10-25 08:34:38','2019-10-25 08:35:06',NULL,NULL),(1092,'3171086511760002','3171081001094815','Suhaeti',NULL,NULL,NULL,'Jl rawa tengah rt 13 rw 04 no 13','3171081003',317108,3171,NULL,NULL,NULL,'2019-10-25 08:34:38','2019-10-25 08:35:06',NULL,NULL),(1093,'3171084111830001','3171081202151001','Mulyasari',NULL,NULL,NULL,'Jl rawa tengah rt 003 rw 07','3171081003',317108,3171,NULL,NULL,NULL,'2019-10-25 08:34:38','2019-10-25 08:35:06',NULL,NULL),(1094,'3171085203680003','3171081001092042','Tarmini',NULL,NULL,NULL,'Jl.rawa tengah rw.7 rt.6','3171081003',317108,3171,NULL,NULL,NULL,'2019-10-25 08:34:38','2019-10-25 08:35:06',NULL,NULL),(1095,'3171084908760003','3171081001092583','Dewi Kuraesin',NULL,NULL,NULL,'Jl. Rawa tengah rt 003 rw 07','3171081003',317108,3171,NULL,NULL,NULL,'2019-10-25 08:34:38','2019-10-25 08:35:06',NULL,NULL),(1096,'3171084107740003','3171081001094507','Hairiah',NULL,NULL,NULL,'Jl. Rawa Selatan II  Rw 004/Rt 017','3171081002',317108,3171,NULL,NULL,NULL,'2019-10-25 08:34:38','2019-10-25 08:35:06',NULL,NULL),(1097,'3171084810730003','3171081001092861','Rosianah',NULL,NULL,NULL,'Jl. Kampung Rawa Sawah III  Rw 002/Rt 011','3171081002',317108,3171,NULL,NULL,NULL,'2019-10-25 08:34:38','2019-10-25 08:35:06',NULL,NULL),(1098,'3171086310790003','3171081001096597','Nuniek Syadiah S',NULL,NULL,NULL,'Jl. Kampung Rawa Sawah  Rw 002/Rt 002','3171081002',317108,3171,NULL,NULL,NULL,'2019-10-25 08:34:38','2019-10-25 08:35:06',NULL,NULL),(1099,'3171095809630001','3171081001098176','Agustinah',NULL,NULL,NULL,'Jl. Kampung Rawa Selatan V Rw 004/Rt 014 ','3171081002',317108,3171,NULL,NULL,NULL,'2019-10-25 08:34:38','2019-10-25 08:35:06',NULL,NULL),(1100,'3171086105690001','3171081001096227','Etyy Rohaeti',NULL,NULL,NULL,'Jl. Kampung Rawa Sawah   Rw 002/Rt 013','3171081002',317108,3171,NULL,NULL,NULL,'2019-10-25 08:34:38','2019-10-25 08:35:06',NULL,NULL),(1101,'3171085300975000','3171081001093775','Warsiti',NULL,NULL,NULL,'Jl. Kampung Rawa Sawah  Rw 003/Rt 015','3171081002',317108,3171,NULL,NULL,NULL,'2019-10-25 08:34:38','2019-10-25 08:35:06',NULL,NULL),(1102,'3171086101770001','3171081001096906','Yanti',NULL,NULL,NULL,'Jl. Kampung Rawa  Rw 002/Rt 008','3171081002',317108,3171,NULL,NULL,NULL,'2019-10-25 08:34:38','2019-10-25 08:35:06',NULL,NULL),(1103,'3171087006820004','3171081001091356','Mariasih',NULL,NULL,NULL,'Jl. Kampung Rawa 3 Rw 002/Rt 012','3171081002',317108,3171,NULL,NULL,NULL,'2019-10-25 08:34:38','2019-10-25 08:35:06',NULL,NULL),(1104,'3171087003740004','3171081001097931','Sulastri',NULL,NULL,NULL,'Jl. Kampung Rawa Sawah Rw 003/Rt 002','3171081002',317108,3171,NULL,NULL,NULL,'2019-10-25 08:34:38','2019-10-25 08:35:06',NULL,NULL),(1105,'3327126503830005','3171081206121004','Muslichatun',NULL,NULL,NULL,'Jl. Kampung Rawa Sawah  Rw 003 / Rt 002','3171081002',317108,3171,NULL,NULL,NULL,'2019-10-25 08:34:38','2019-10-25 08:35:06',NULL,NULL),(1106,'3171084909700003','3171081001092382','Urip Suhaemi',NULL,NULL,NULL,'Jl. Kampung Rawa Sawah  RW 008/Rt 008','3171081002',317108,3171,NULL,NULL,NULL,'2019-10-25 08:34:38','2019-10-25 08:35:06',NULL,NULL),(1107,'3171085008800001','3171081608131008','Yeny Yuningsih',NULL,NULL,NULL,'Jl. Kampung Rawa Sawah  RW 008/Rt 003','3171081002',317108,3171,NULL,NULL,NULL,'2019-10-25 08:34:38','2019-10-25 08:35:06',NULL,NULL),(1108,'3171086210840004','3171082107110008','Sari Handayani',NULL,NULL,NULL,'Jl. Kamp. Rawa Sawah  Gg.Gading RW 002/Rt 08','3171081002',317108,3171,NULL,NULL,NULL,'2019-10-25 08:34:38','2019-10-25 08:35:06',NULL,NULL),(1109,'3171084305570001','3171080411110024','Aminah',NULL,NULL,NULL,'Jl.Kampung Rawa Sawah  Rw 008/Rt 003','3171081002',317108,3171,NULL,NULL,NULL,'2019-10-25 08:34:38','2019-10-25 08:35:06',NULL,NULL),(1110,'3171086501780004','3171081001090306',' Rohaeti',NULL,NULL,NULL,'Jl. Kampung Rawa Sawah  RW 008/Rt 007','3171081002',317108,3171,NULL,NULL,NULL,'2019-10-25 08:34:38','2019-10-25 08:35:06',NULL,NULL),(1111,'3171084608640004','3171081001093492','Murniasih',NULL,NULL,NULL,'Jl.Kampung Rawa Sawah  RW 008/Rt 004','3171081002',317108,3171,NULL,NULL,NULL,'2019-10-25 08:34:38','2019-10-25 08:35:06',NULL,NULL),(1112,'3171085202800006','3171081001095464','Murniasih',NULL,NULL,NULL,'Jl.Kampung Rawa Sawah  RW 008/Rt 010','3171081002',317108,3171,NULL,NULL,NULL,'2019-10-25 08:34:38','2019-10-25 08:35:06',NULL,NULL),(1113,'3171086208820006','3171081001091874','Widiyaningsih',NULL,NULL,NULL,'Jl.Kampung Rawa Sawah Rw 008/ Rt 002 ','3171081002',317108,3171,NULL,NULL,NULL,'2019-10-25 08:34:38','2019-10-25 08:35:06',NULL,NULL),(1114,'3171084502690003','3171081001094174','Roisah',NULL,NULL,NULL,'Jl.Kampung Rawa Sawah Rw 008/Rt 006','3171081002',317108,3171,NULL,NULL,NULL,'2019-10-25 08:34:38','2019-10-25 08:35:06',NULL,NULL),(1115,'3171084909770003','3171081001098802','Handayani',NULL,NULL,NULL,'Jl.Kampung Rawa Sawah RW 008/Rt 002','3171081002',317108,3171,NULL,NULL,NULL,'2019-10-25 08:34:38','2019-10-25 08:35:06',NULL,NULL),(1116,'3171084808710001','3171081001090353','Siti Damayanti',NULL,NULL,NULL,'Jl. Kramat Jaya Gg.V No.217 Rw 008/Rt 001','3171081003',317108,3171,NULL,NULL,NULL,'2019-10-25 08:34:38','2019-10-25 08:35:06',NULL,NULL),(1117,'3171085606800007','3171081001090285','Dewi Widiansari',NULL,NULL,NULL,'Jl. Kramat Jaya  Rw 005 / Rt 001','3171081003',317108,3171,NULL,NULL,NULL,'2019-10-25 08:34:38','2019-10-25 08:35:06',NULL,NULL),(1118,'3171084803740002','3171081001094490','Markamah',NULL,NULL,NULL,'Jl. Kramat Jaya  Rw 001/Rt 001','3171081003',317108,3171,NULL,NULL,NULL,'2019-10-25 08:34:38','2019-10-25 08:35:06',NULL,NULL),(1119,'3171084107740005','3171081001091116','Nunung',NULL,NULL,NULL,'Jl. Johar Baru V  Rw 004/Rt 015 ','3171081003',317108,3171,NULL,NULL,NULL,'2019-10-25 08:34:38','2019-10-25 08:35:06',NULL,NULL),(1120,'3171085611760001','3171081001092138','Sri Rusmiyati',NULL,NULL,NULL,'Jl. Johar Baru II No.12  Rw 004/Rt 006','3171081003',317108,3171,NULL,NULL,NULL,'2019-10-25 08:34:38','2019-10-25 08:35:06',NULL,NULL),(1121,'3171087112740017','3171081001092216','Kasmirah',NULL,NULL,NULL,'Jl. Johar Baru Utara VI No.9 A Rw 003/Rt 009','3171081003',317108,3171,NULL,NULL,NULL,'2019-10-25 08:34:38','2019-10-25 08:35:06',NULL,NULL),(1122,'3171084610741001','3171081001111026','Partinah',NULL,NULL,NULL,'Jl. Percetakan Negara 11 Rw 006/Rt 008','3171081003',317108,3171,NULL,NULL,NULL,'2019-10-25 08:34:38','2019-10-25 08:35:06',NULL,NULL),(1123,'3171085603790005','3171081001091648',' Jamsiah',NULL,NULL,NULL,'Jl. Percetakan Negara 2 Rw 006/Rt 006','3171081003',317108,3171,NULL,NULL,NULL,'2019-10-25 08:34:38','2019-10-25 08:35:06',NULL,NULL),(1124,'3171084408770003','3171081001096944','Daumi Bt Tuhani',NULL,NULL,NULL,'Jl. Kramat Jaya Rw 001/Rt 012 ','3171081003',317108,3171,NULL,NULL,NULL,'2019-10-25 08:34:38','2019-10-25 08:35:06',NULL,NULL),(1125,'3171085312810006','3171082711100013',' Sutarmi',NULL,NULL,NULL,'Jl. Kramat Jaya Rw 001/Rt 013 ','3171081003',317108,3171,NULL,NULL,NULL,'2019-10-25 08:34:38','2019-10-25 08:35:06',NULL,NULL),(1126,'3171086310750001','3171081001090765','Nina Aminah',NULL,NULL,NULL,'Jl tanah tinggi sawah no 20 rt 15 rw 07','3171081004',317108,3171,NULL,NULL,NULL,'2019-10-25 08:34:38','2019-10-25 08:35:06',NULL,NULL),(1127,'3171085604750002','3171081001093194','Sumiati',NULL,NULL,NULL,'Jl tanah tinggi rt 10 rw 07','3171081004',317108,3171,NULL,NULL,NULL,'2019-10-25 08:34:38','2019-10-25 08:35:06',NULL,NULL),(1128,'3171074608750000','3171080701110026','Nurullita',NULL,NULL,NULL,'Jl tanah tinggi 12 rt 16 rw 07','3171081004',317108,3171,NULL,NULL,NULL,'2019-10-25 08:34:38','2019-10-25 08:35:06',NULL,NULL),(1129,'317108541082006','3171081301091072','Haryati',NULL,NULL,NULL,'Jl. tinggi sawah no 5 rt 16 rw 07','3171081004',317108,3171,NULL,NULL,NULL,'2019-10-25 08:34:38','2019-10-25 08:35:06',NULL,NULL),(1130,'3171084305690005','3171081201095365','Tati Haryati',NULL,NULL,NULL,'Jl tanah tinggi sawah no 21 rt 17 rw 07','3171081004',317108,3171,NULL,NULL,NULL,'2019-10-25 08:34:38','2019-10-25 08:35:06',NULL,NULL),(1131,'1371046309680003','3171080603151008','Herni',NULL,NULL,NULL,'Jl. Tanah Tinggi IV No. 65 Rt.001 Rw.07','3171081004',317108,3171,NULL,NULL,NULL,'2019-10-25 08:34:38','2019-10-25 08:35:06',NULL,NULL),(1132,'3327097012700052','3171081301091126','Kasmirah',NULL,NULL,NULL,'Jl tanah tinggi sawah no 15 rt 15 rw 07','3171081004',317108,3171,NULL,NULL,NULL,'2019-10-25 08:34:38','2019-10-25 08:35:06',NULL,NULL),(1133,'3171086112720001','3171081001099486','Sunarsih',NULL,NULL,NULL,'Jl tanah tinggi rt 15 rw 07','3171081004',317108,3171,NULL,NULL,NULL,'2019-10-25 08:34:38','2019-10-25 08:35:06',NULL,NULL),(1134,'3171086805620003','3171081301090588','Sutiyem',NULL,NULL,NULL,'Jl tanah tinggi IV no 23 rt 09 rw 07','3171081004',317108,3171,NULL,NULL,NULL,'2019-10-25 08:34:38','2019-10-25 08:35:06',NULL,NULL),(1135,'3171084809720001','3171081001098887','Yuliati',NULL,NULL,NULL,'L. Sumbadra No. 13 Rt. 004 Rw. 007','3171081004',317108,3171,NULL,NULL,NULL,'2019-10-25 08:34:38','2019-10-25 08:35:06',NULL,NULL),(1136,'3171084110770007','3171081301090075','Siti Zahra',NULL,NULL,NULL,'Jl tanah tinggi IV gg e rt 08 rw 07','3171081004',317108,3171,NULL,NULL,NULL,'2019-10-25 08:34:38','2019-10-25 08:35:06',NULL,NULL),(1137,'3171086510770010','3171080412100017','Rustini',NULL,NULL,NULL,'Jl sumbadra no 25 rt 04 rw 07','3171081004',317108,3171,NULL,NULL,NULL,'2019-10-25 08:34:38','2019-10-25 08:35:06',NULL,NULL),(1138,'3171084612750003','3171081301099956','Ida',NULL,NULL,NULL,'Jl tanah tinggi IV/65 rt 01 rw 07','3171081004',317108,3171,NULL,NULL,NULL,'2019-10-25 08:34:38','2019-10-25 08:35:06',NULL,NULL),(1139,'3171084112700001','3171081301096936','Ita Nisanti',NULL,NULL,NULL,'Jl tanag tinggi IV gg e rt 07 rw 07','3171081004',317108,3171,NULL,NULL,NULL,'2019-10-25 08:34:38','2019-10-25 08:35:06',NULL,NULL),(1140,'3171086109710001','3171081301093051','Muktiningsih',NULL,NULL,NULL,'Jl arimbi no 15 rt 02 rw 07','3171081004',317108,3171,NULL,NULL,NULL,'2019-10-25 08:34:38','2019-10-25 08:35:06',NULL,NULL),(1141,'3171086504680004','3171081301099568','Purwaningsih',NULL,NULL,NULL,'Jl tanah tinggi sawah no 1 rt 17 rw 07','3171081004',317108,3171,NULL,NULL,NULL,'2019-10-25 08:34:38','2019-10-25 08:35:06',NULL,NULL),(1142,'3171084406640002','3171081301099575','Sutiah',NULL,NULL,NULL,'Jl tanah tinggi sawah no 8 rt 17 rw 07','3171081004',317108,3171,NULL,NULL,NULL,'2019-10-25 08:34:38','2019-10-25 08:35:06',NULL,NULL),(1143,'3171085309800004','3171081301093910','Sri hartini',NULL,NULL,NULL,'Jl tanah tinggi IV rt 10 rw 07','3171081004',317108,3171,NULL,NULL,NULL,'2019-10-25 08:34:38','2019-10-25 08:35:06',NULL,NULL),(1144,'3171084509810007','3171081002100028','Mutmainah',NULL,NULL,NULL,'Jl jl tanah tinggi XII rt 12 rw 07','3171081004',317108,3171,NULL,NULL,NULL,'2019-10-25 08:34:38','2019-10-25 08:35:06',NULL,NULL),(1145,'3171084408780001','3171081301097339','R R Ikka Dasilva',NULL,NULL,NULL,'Jl tanah tinggi XII no 26 rt 18 rw 07','3171081004',317108,3171,NULL,NULL,NULL,'2019-10-25 08:34:38','2019-10-25 08:35:06',NULL,NULL),(1146,'3171084609700001','3171081301095124','Enok Suratmi',NULL,NULL,NULL,'Jl tanah tinggi I/58 e rt 04 rw 02','3171081004',317108,3171,NULL,NULL,NULL,'2019-10-25 08:34:38','2019-10-25 08:35:06',NULL,NULL),(1147,'3171084211730005','3171081301096416','Tinah',NULL,NULL,NULL,'Jl tanah tinggi 1 a rt 12 rw 01','3171081004',317108,3171,NULL,NULL,NULL,'2019-10-25 08:34:38','2019-10-25 08:35:06',NULL,NULL),(1148,'3171086107820003','3171081301098554','Armiyati',NULL,NULL,NULL,'Jl tanah tinggi 1 gg 1 rt 10 rw 01','3171081004',317108,3171,NULL,NULL,NULL,'2019-10-25 08:34:38','2019-10-25 08:35:06',NULL,NULL),(1149,'1807054703790002','3171080512121002','Rinta Suminarni',NULL,NULL,NULL,'Jl tanah tinggi 1 gg 1 no 21 rt 10 rw 01','3171081004',317108,3171,NULL,NULL,NULL,'2019-10-25 08:34:38','2019-10-25 08:35:06',NULL,NULL),(1150,'3171086809670002','3171081301096360','Suhaenah',NULL,NULL,NULL,'Jl tnah tinggi 1 gg 1 no 23 rt 09 rw 01','3171081004',317108,3171,NULL,NULL,NULL,'2019-10-25 08:34:38','2019-10-25 08:35:06',NULL,NULL),(1151,'3171084909670006','3171081301096439','Sutiyah',NULL,NULL,NULL,'Jl tanah tinggi 1 rt 011 rw 01','3171081004',317108,3171,NULL,NULL,NULL,'2019-10-25 08:34:38','2019-10-25 08:35:06',NULL,NULL),(1152,'317108490370004','3171081301095788','Ida Kurniasih',NULL,NULL,NULL,'Jl tanah tinggi 1a rt 12 rw 01','3171081004',317108,3171,NULL,NULL,NULL,'2019-10-25 08:34:38','2019-10-25 08:35:06',NULL,NULL),(1153,'3171084107880002','3171080604100011','Riska yuliani',NULL,NULL,NULL,'Jl tanah tinggi 1a no 50 rt 02 rw 02','3171081004',317108,3171,NULL,NULL,NULL,'2019-10-25 08:34:38','2019-10-25 08:35:06',NULL,NULL),(1154,'3171086609680002','3171081301096571','Susilawati',NULL,NULL,NULL,'Jl tanah tinggi 1 no 6 rt 02 rw 02','3171081004',317108,3171,NULL,NULL,NULL,'2019-10-25 08:34:38','2019-10-25 08:35:06',NULL,NULL),(1155,'3171086111670001','3171081301097362','Lilis Sumarni',NULL,NULL,NULL,'Jl tanah tnggi 1 a no 1 rt 02 rw 02','3171081004',317108,3171,NULL,NULL,NULL,'2019-10-25 08:34:38','2019-10-25 08:35:06',NULL,NULL),(1156,'3171086302790004','3171081301093432','Nety Risnawati',NULL,NULL,NULL,'Jl tanah tinggi barat rt 02 rw 05','3171081004',317108,3171,NULL,NULL,NULL,'2019-10-25 08:34:38','2019-10-25 08:35:06',NULL,NULL),(1157,'3171085502830003','3171081301097017','Uwas Sumyati',NULL,NULL,NULL,'Jl gg moh ali 1 dalam rt 16 rw 03','3171081004',317108,3171,NULL,NULL,NULL,'2019-10-25 08:34:38','2019-10-25 08:35:06',NULL,NULL),(1158,'3171085704820004','3171081301098771','Tarini',NULL,NULL,NULL,'Jl gg moh ali 1 dalam rt 16 rw 03','3171081004',317108,3171,NULL,NULL,NULL,'2019-10-25 08:34:38','2019-10-25 08:35:06',NULL,NULL),(1159,'3171086805690004','3171081301092213','Neneng Karyati',NULL,NULL,NULL,'Jl moh ali 4 rt 9 rw 03','3171081004',317108,3171,NULL,NULL,NULL,'2019-10-25 08:34:38','2019-10-25 08:35:06',NULL,NULL),(1160,'3171084310790007','3171081301094873','Octaviana',NULL,NULL,NULL,'Gg moh ali 1 no 7 rt 06 rw 03','3171081004',317108,3171,NULL,NULL,NULL,'2019-10-25 08:34:38','2019-10-25 08:35:06',NULL,NULL),(1161,'3171085201760001','3171081301092702','Darmini',NULL,NULL,NULL,'Gg moh ali 1 dalam rt 15 rw 03','3171081004',317108,3171,NULL,NULL,NULL,'2019-10-25 08:34:38','2019-10-25 08:35:06',NULL,NULL),(1162,'3171085005730001','3171081301097338','Sukmanah',NULL,NULL,NULL,'Gg moh ali VII no 9 rt 04 rw 03','3171081004',317108,3171,NULL,NULL,NULL,'2019-10-25 08:34:38','2019-10-25 08:35:06',NULL,NULL),(1163,'3171086411770001','3171081301092830','Suatmi',NULL,NULL,NULL,'Gg moh ali 1 no 23 rt 09 rw 03','3171081004',317108,3171,NULL,NULL,NULL,'2019-10-25 08:34:38','2019-10-25 08:35:06',NULL,NULL),(1164,'3171086303770007','3171081803100022','Dasina',NULL,NULL,NULL,'Rusun tanah tinggi blok V rt 10 rw 14 ','3171081004',317108,3171,NULL,NULL,NULL,'2019-10-25 08:34:38','2019-10-25 08:35:06',NULL,NULL),(1165,'3171086103650001','3171081301097985','Mariah',NULL,NULL,NULL,'Jl tanah tinggi barat c 30 rt 02 rw 05','3171081004',317108,3171,NULL,NULL,NULL,'2019-10-25 08:34:38','2019-10-25 08:35:06',NULL,NULL),(1166,'3171084409710004','3171080412100043','Maryani',NULL,NULL,NULL,'Jl.sumbadra rt.04/07','3171081004',317108,3171,NULL,NULL,NULL,'2019-10-25 08:34:38','2019-10-25 08:35:06',NULL,NULL),(1167,'3171084112730004','3171081201099791','Eni Kusrini',NULL,NULL,NULL,'Jl.sumbadra rt.04/07','3171081004',317108,3171,NULL,NULL,NULL,'2019-10-25 08:34:38','2019-10-25 08:35:06',NULL,NULL),(1168,'3171085110640004','3171081001098801','Ikah',NULL,NULL,NULL,'Jl.sumbadra rt.04/07','3171081004',317108,3171,NULL,NULL,NULL,'2019-10-25 08:34:38','2019-10-25 08:35:06',NULL,NULL),(1169,'3171084805660003','3171081001098845','Sukiyem ',NULL,NULL,NULL,'Jl.sumbadra rt.03/07','3171081004',317108,3171,NULL,NULL,NULL,'2019-10-25 08:34:38','2019-10-25 08:35:06',NULL,NULL),(1170,'3171085606740002','3171081201094881','Sri Astuti',NULL,NULL,NULL,'Jl.sumbadra rt.03/07','3171081004',317108,3171,NULL,NULL,NULL,'2019-10-25 08:34:38','2019-10-25 08:35:06',NULL,NULL),(1171,'3171080101750012','3171080412100017','Agus/Sandi',NULL,NULL,NULL,'Jl.sumbadra rt.04/07','3171081004',317108,3171,NULL,NULL,NULL,'2019-10-25 08:34:38','2019-10-25 08:35:06',NULL,NULL),(1172,'317108271080006','3171080902100014','Narimo',NULL,NULL,NULL,'Jl.sumbadra rt.05/07','3171081004',317108,3171,NULL,NULL,NULL,'2019-10-25 08:34:38','2019-10-25 08:35:06',NULL,NULL),(1173,'3171085004610001','3171081201097467','Warsito',NULL,NULL,NULL,'Jl tanti gg 10m rt 07 rw 07','3171081004',317108,3171,NULL,NULL,NULL,'2019-10-25 08:34:38','2019-10-25 08:35:06',NULL,NULL),(1174,'3171086810660002','3171081301099724','Sutarsih',NULL,NULL,NULL,'Jl tanti  IV gg  E  rt 07 rw 07','3171081004',317108,3171,NULL,NULL,NULL,'2019-10-25 08:34:38','2019-10-25 08:35:06',NULL,NULL),(1175,'3171085411630004','3171081201098934','Dartini',NULL,NULL,NULL,'Jl tanti iv gg 10 rt 07 rw 07','3171081004',317108,3171,NULL,NULL,NULL,'2019-10-25 08:34:38','2019-10-25 08:35:06',NULL,NULL),(1176,'3171084200730003','3171081301094903','Mulyati',NULL,NULL,NULL,'Jl tanah tinggi rt 09 rw 07','3171081004',317108,3171,NULL,NULL,NULL,'2019-10-25 08:34:38','2019-10-25 08:35:06',NULL,NULL),(1177,'3171085000877000','3171081301091923','Sumaidah',NULL,NULL,NULL,'Jl tanah tinggi rt 09 rw 07','3171081004',317108,3171,NULL,NULL,NULL,'2019-10-25 08:34:38','2019-10-25 08:35:06',NULL,NULL),(1178,'3171085910910001','3171081001099137','Holifah',NULL,NULL,NULL,'Jl. Sumbadra dalam rt.08/07','3171081004',317108,3171,NULL,NULL,NULL,'2019-10-25 08:34:38','2019-10-25 08:35:06',NULL,NULL),(1179,'3171084710750004','3171081003160003','Nyai Jaenah',NULL,NULL,NULL,'Jl tanah tinggi gg 7  rt 07 rw 06','3171081004',317108,3171,NULL,NULL,NULL,'2019-10-25 08:34:38','2019-10-25 08:35:06',NULL,NULL),(1180,'3171084208760003','3171082211100043','Sarini',NULL,NULL,NULL,'Jl kramat pulo gundul no k26a','3171081004',317108,3171,NULL,NULL,NULL,'2019-10-25 08:34:38','2019-10-25 08:35:06',NULL,NULL),(1181,'3171080520464000','3171081301090304','Musrifah',NULL,NULL,NULL,'Jl tanah tinggi gg E rt 10 rw 07','3171081004',317108,3171,NULL,NULL,NULL,'2019-10-25 08:34:38','2019-10-25 08:35:06',NULL,NULL),(1182,'3171086205750005','3171081301093514','Sri Winarsih',NULL,NULL,NULL,'Jl tanah tinggi gg E rt 10 rw 07','3171081004',317108,3171,NULL,NULL,NULL,'2019-10-25 08:34:38','2019-10-25 08:35:06',NULL,NULL),(1183,'3171086612590003','3171081001099248','Nurjani',NULL,NULL,NULL,'Jl tanah tinggi IV rt 10 rw 07 no 28','3171081004',317108,3171,NULL,NULL,NULL,'2019-10-25 08:34:38','2019-10-25 08:35:06',NULL,NULL),(1184,'3171084308710002','3171081201096935','Agustinah',NULL,NULL,NULL,'Jl tanah tinggi gg 10 rt 07 rw 07','3171081004',317108,3171,NULL,NULL,NULL,'2019-10-25 08:34:38','2019-10-25 08:35:06',NULL,NULL),(1185,'3171085008630001','3171081001098537','Een Binti Toton S',NULL,NULL,NULL,'Jl tanah tinggi I gg VII/12 rt 07 rw 06','3171081004',317108,3171,NULL,NULL,NULL,'2019-10-25 08:34:38','2019-10-25 08:35:06',NULL,NULL),(1186,'3171085408610006','3171081301092555','Agus Multati',NULL,NULL,NULL,'Jl tanah tinggi rt 09 rw 07','3171081004',317108,3171,NULL,NULL,NULL,'2019-10-25 08:34:38','2019-10-25 08:35:06',NULL,NULL),(1187,'3171086005850006','3171081301093586','Nuraini',NULL,NULL,NULL,'Jl tanah tinggi rt 09 rw 07','3171081004',317108,3171,NULL,NULL,NULL,'2019-10-25 08:34:38','2019-10-25 08:35:06',NULL,NULL),(1188,'3171084803610002','3171081201098547','S. Jenab',NULL,NULL,NULL,'Jl.sumbadra dalam rt.08/07','3171081004',317108,3171,NULL,NULL,NULL,'2019-10-25 08:34:38','2019-10-25 08:35:06',NULL,NULL),(1189,'3171086707540002','3171081301097241','Asimah',NULL,NULL,NULL,'Jl tanah tinggi gg 7  rt 07 rw 06','3171081004',317108,3171,NULL,NULL,NULL,'2019-10-25 08:34:38','2019-10-25 08:35:06',NULL,NULL),(1190,'3171088507620004','3171081001099015','Siti Rohani',NULL,NULL,NULL,'Jl tanah tinggi gg E rt 10 rw 07','3171081004',317108,3171,NULL,NULL,NULL,'2019-10-25 08:34:38','2019-10-25 08:35:06',NULL,NULL),(1191,'3171086606620003','3171080800311','Yeyet Badriah',NULL,NULL,NULL,'Jl tanah tinggi gg e rt 10 rw 07','3171081004',317108,3171,NULL,NULL,NULL,'2019-10-25 08:34:38','2019-10-25 08:35:06',NULL,NULL),(1192,'3171085003700003','3171081201098325','Sumirah',NULL,NULL,NULL,'Jl tanah tinggi gg e rt 10 rw 07','3171081004',317108,3171,NULL,NULL,NULL,'2019-10-25 08:34:38','2019-10-25 08:35:06',NULL,NULL),(1193,'317108704740002','3171081201092705','Suparti',NULL,NULL,NULL,'Jl tanah tinggi iv rt 10 rw 07 no 28','3171081004',317108,3171,NULL,NULL,NULL,'2019-10-25 08:34:38','2019-10-25 08:35:06',NULL,NULL),(1194,'3171085505630001','3171081201095677','Sri Sukenti',NULL,NULL,NULL,'Jl kramat pulo gundul rt 04 rw 01','3171081004',317108,3171,NULL,NULL,NULL,'2019-10-25 08:34:38','2019-10-25 08:35:06',NULL,NULL),(1195,'3171085002740001','3171081301091515','Suhana',NULL,NULL,NULL,'Jl tanah tinggi rt 07 rw 06','3171081004',317108,3171,NULL,NULL,NULL,'2019-10-25 08:34:38','2019-10-25 08:35:06',NULL,NULL),(1196,'3171084101730013','3171080601110010','Henny Amitari',NULL,NULL,NULL,'Gg mohammad ali N dalam rt 006/04','3171081004',317108,3171,NULL,NULL,NULL,'2019-10-25 08:34:38','2019-10-25 08:35:06',NULL,NULL),(1197,'3171056606650004','3171081301097091','Mariah',NULL,NULL,NULL,'Jl baladewa kiri rt 006/04','3171081004',317108,3171,NULL,NULL,NULL,'2019-10-25 08:34:38','2019-10-25 08:35:06',NULL,NULL),(1198,'3171084708830006','3171080130199607','Suhaedah',NULL,NULL,NULL,'Gg mohammad ali N no.37 rt 010/04','3171081004',317108,3171,NULL,NULL,NULL,'2019-10-25 08:34:38','2019-10-25 08:35:06',NULL,NULL),(1199,'3209245205750008','3171082705160002','Junesih',NULL,NULL,NULL,'Gg mohammad ali N dalam rt 006/04','3171081004',317108,3171,NULL,NULL,NULL,'2019-10-25 08:34:38','2019-10-25 08:35:06',NULL,NULL),(1200,'3171108651171000','3171081301098414','Nurilah',NULL,NULL,NULL,'Jl tanah tinggi barat rt 002/05','3171081004',317108,3171,NULL,NULL,NULL,'2019-10-25 08:34:38','2019-10-25 08:35:06',NULL,NULL),(1201,'3171108501052000','317108121400025','Ikah',NULL,NULL,NULL,'Jl tanah tinggi barat rt 003/05','3171081004',317108,3171,NULL,NULL,NULL,'2019-10-25 08:34:38','2019-10-25 08:35:06',NULL,NULL),(1202,'3171080205788002','\'317108120109641','Liki',NULL,NULL,NULL,'Jl tanah tinggi I gg VII rt 007/06','3171081004',317108,3171,NULL,NULL,NULL,'2019-10-25 08:34:38','2019-10-25 08:35:06',NULL,NULL),(1203,'3171085907650001','3171081201697111','Rahmawati',NULL,NULL,NULL,'Jl baladewa kiri rt 005/11','3171081004',317108,3171,NULL,NULL,NULL,'2019-10-25 08:34:38','2019-10-25 08:35:06',NULL,NULL),(1204,'3171085012680002','3171081201094571','Rohana',NULL,NULL,NULL,'Gg mohammad ali IV /13 rt 008/11','3171081004',317108,3171,NULL,NULL,NULL,'2019-10-25 08:34:38','2019-10-25 08:35:06',NULL,NULL),(1205,'3171085412740006','3171081201092831','Nuraeni',NULL,NULL,NULL,'Jl baladewa kiri rt 006/011','3171081004',317108,3171,NULL,NULL,NULL,'2019-10-25 08:34:38','2019-10-25 08:35:06',NULL,NULL),(1206,'3171086710790004','3171081301090284','Supinah',NULL,NULL,NULL,'Jl tanah tinggi gg XII rt 009/012','3171081004',317108,3171,NULL,NULL,NULL,'2019-10-25 08:34:38','2019-10-25 08:35:06',NULL,NULL),(1207,'3171084408670003','3171081201096976','Rochayati',NULL,NULL,NULL,'Jl tanah tinggi rt 005/12','3171081004',317108,3171,NULL,NULL,NULL,'2019-10-25 08:34:38','2019-10-25 08:35:06',NULL,NULL),(1208,'3171086610900005','3171082901100004','Kartini Suhadi',NULL,NULL,NULL,'Jl tanah tinggi sawah rt 001/012','3171081004',317108,3171,NULL,NULL,NULL,'2019-10-25 08:34:38','2019-10-25 08:35:06',NULL,NULL),(1209,'3171084310580001','3171081301099059','Kapiah',NULL,NULL,NULL,'Jl tanah tinggi gg XII rt 011/012','3171081004',317108,3171,NULL,NULL,NULL,'2019-10-25 08:34:38','2019-10-25 08:35:06',NULL,NULL),(1210,'3171085211162000','3171081201098363','Nani',NULL,NULL,NULL,'Jl tanah tinggi sawah rt 006/12','3171081004',317108,3171,NULL,NULL,NULL,'2019-10-25 08:34:38','2019-10-25 08:35:06',NULL,NULL),(1211,'3171086309930005','3171080106151010','Wita Anggraeni',NULL,NULL,NULL,'Jl tanah tinggi sawah rt 005/12','3171081004',317108,3171,NULL,NULL,NULL,'2019-10-25 08:34:38','2019-10-25 08:35:06',NULL,NULL),(1212,'3171084502620002','3171081001098468','Irianti',NULL,NULL,NULL,'Jl tanah tinggi XII rt 004/06','3171081004',317108,3171,NULL,NULL,NULL,'2019-10-25 08:34:38','2019-10-25 08:35:06',NULL,NULL),(1213,'3171086507600001','3171081201094923','Rusmini',NULL,NULL,NULL,'Jl tanah tinggi XII rt 001/06','3171081004',317108,3171,NULL,NULL,NULL,'2019-10-25 08:34:38','2019-10-25 08:35:06',NULL,NULL),(1214,'3171087103680002','3171081201098746','Siti Sukmini ',NULL,NULL,NULL,'Jl tanah tinggi rt 004/06','3171081004',317108,3171,NULL,NULL,NULL,'2019-10-25 08:34:38','2019-10-25 08:35:06',NULL,NULL),(1215,'3171084709690002','3171081301096256','Ayuni',NULL,NULL,NULL,'JL Tanah Tinggi XII RT 002/06','3171081004',317108,3171,NULL,NULL,NULL,'2019-10-25 08:34:38','2019-10-25 08:35:06',NULL,NULL),(1216,'3171085705750002','3171081201096505','Asanah',NULL,NULL,NULL,'Jl tanah tinggi I gg1 rt 009/01','3171081004',317108,3171,NULL,NULL,NULL,'2019-10-25 08:34:38','2019-10-25 08:35:06',NULL,NULL),(1217,'3171085204640003','3171081301098582','Maryati',NULL,NULL,NULL,'Jl baladewa kiri rt 007/03','3171081004',317108,3171,NULL,NULL,NULL,'2019-10-25 08:34:38','2019-10-25 08:35:06',NULL,NULL),(1218,'3175074904830012','3171081301098634','Dede Runingsih ',NULL,NULL,NULL,'Jl tanah tinggi I gg1 rt 008/01','3171081004',317108,3171,NULL,NULL,NULL,'2019-10-25 08:34:38','2019-10-25 08:35:06',NULL,NULL),(1219,'3171085210630004','3171081201095174','Surinah',NULL,NULL,NULL,'Jl tanah tinggi V rt 009/02','3171081004',317108,3171,NULL,NULL,NULL,'2019-10-25 08:34:38','2019-10-25 08:35:06',NULL,NULL),(1220,'3171086004710002','3171082103131003','Betty Erawati',NULL,NULL,NULL,'Jl baladewa kiri rt 007/03','3171081004',317108,3171,NULL,NULL,NULL,'2019-10-25 08:34:38','2019-10-25 08:35:06',NULL,NULL),(1221,'3171085803720004','3171081301093694','Halimah',NULL,NULL,NULL,'Jl rusun tanah tinggi rt 003/14','3171081004',317108,3171,NULL,NULL,NULL,'2019-10-25 08:34:38','2019-10-25 08:35:06',NULL,NULL),(1222,'3171087012640001','3171081201094232','Yati',NULL,NULL,NULL,'Jl tanah tinggi I/a no 12 a rt 12 / 01','3171081004',317108,3171,NULL,NULL,NULL,'2019-10-25 08:34:38','2019-10-25 08:35:06',NULL,NULL),(1223,'3171084806910001','3171082503131006','Rini Setyawati',NULL,NULL,NULL,'Jl  tanah tinggi I gg 1 no9 rt 10 rw 01','3171081004',317108,3171,NULL,NULL,NULL,'2019-10-25 08:34:38','2019-10-25 08:35:06',NULL,NULL),(1224,'3171087003680003','3171081001096414','Lili Rusmini',NULL,NULL,NULL,'Jl  tanah tinggi1 rt 11 rw 01','3171081004',317108,3171,NULL,NULL,NULL,'2019-10-25 08:34:38','2019-10-25 08:35:06',NULL,NULL),(1225,'3171085602630003','3171081201095046','Neneng ',NULL,NULL,NULL,'Jl  tanah tinggi 1 rt 11 rw 01','3171081004',317108,3171,NULL,NULL,NULL,'2019-10-25 08:34:38','2019-10-25 08:35:06',NULL,NULL),(1226,'3171085105650003','3171081001092697','Agustina Farikhan',NULL,NULL,NULL,'Jl. Galur selatan rt 9/1','3171081003',317108,3171,NULL,NULL,NULL,'2019-10-25 08:34:38','2019-10-25 08:35:06',NULL,NULL),(1227,'3171084508660004','3171081001093110','Yati Rospiyati',NULL,NULL,NULL,'Jl. Galur selatan rt 7/1','3171081003',317108,3171,NULL,NULL,NULL,'2019-10-25 08:34:38','2019-10-25 08:35:06',NULL,NULL),(1228,'3171085105650003','3171081001092697','St Maryam',NULL,NULL,NULL,'Jl. Galur selatan rt 9/1','3171081003',317108,3171,NULL,NULL,NULL,'2019-10-25 08:34:38','2019-10-25 08:35:06',NULL,NULL),(1229,'3171064402730002','3171081001091920','Eni',NULL,NULL,NULL,'Jl. Galur selatan rt 4/1','3171081003',317108,3171,NULL,NULL,NULL,'2019-10-25 08:34:38','2019-10-25 08:35:06',NULL,NULL),(1230,'3171086606740003','3171081001091019','Nur Maria',NULL,NULL,NULL,'Jl. Galur selatan rt 3/1','3171081003',317108,3171,NULL,NULL,NULL,'2019-10-25 08:34:38','2019-10-25 08:35:06',NULL,NULL),(1231,'3171085009600005','3171080901098898','Karni',NULL,NULL,NULL,'Jl. Galur selatan rt 2/1','3171081003',317108,3171,NULL,NULL,NULL,'2019-10-25 08:34:38','2019-10-25 08:35:06',NULL,NULL),(1232,'3171084305630004','3171081001092799','Karsih',NULL,NULL,NULL,'Jl. Galur selatan rt 13/1','3171081003',317108,3171,NULL,NULL,NULL,'2019-10-25 08:34:38','2019-10-25 08:35:06',NULL,NULL),(1233,'3171084608670006','3171081001094271','Rambat',NULL,NULL,NULL,'Jl. Galur selatan rt 13/1','3171081003',317108,3171,NULL,NULL,NULL,'2019-10-25 08:34:38','2019-10-25 08:35:06',NULL,NULL),(1234,'3171085205700002','3171081001094061','Sarti',NULL,NULL,NULL,'Jl. Galur selatan rt 13/1','3171081003',317108,3171,NULL,NULL,NULL,'2019-10-25 08:34:38','2019-10-25 08:35:06',NULL,NULL),(1235,'3171086507620001','3171080901098415','Nani Sumarni',NULL,NULL,NULL,'Jl.galur selatan rt 4/1','3171081003',317108,3171,NULL,NULL,NULL,'2019-10-25 08:34:38','2019-10-25 08:35:06',NULL,NULL),(1236,'3171085602640001','3171080901095931','Wasriah',NULL,NULL,NULL,'Jl. Galur selatan rt 9/2','3171081003',317108,3171,NULL,NULL,NULL,'2019-10-25 08:34:38','2019-10-25 08:35:06',NULL,NULL),(1237,'3171084111710002','3171080901095749','Rofiqoh',NULL,NULL,NULL,'Jl. Galur selatan rt 4/2','3171081003',317108,3171,NULL,NULL,NULL,'2019-10-25 08:34:38','2019-10-25 08:35:06',NULL,NULL),(1238,'3171085209810002','3171080901099026','Susanti',NULL,NULL,NULL,'Jl. Galur selatan rt 10/2','3171081003',317108,3171,NULL,NULL,NULL,'2019-10-25 08:34:38','2019-10-25 08:35:06',NULL,NULL),(1239,'3171086603610001','3171080901095824','Sinem',NULL,NULL,NULL,'Jl. Intan rt 6/2','3171081003',317108,3171,NULL,NULL,NULL,'2019-10-25 08:34:38','2019-10-25 08:35:06',NULL,NULL),(1240,'3171085803670001','3171081001090962','Nati',NULL,NULL,NULL,'Jl. Galur selatan rt 10/2','3171081003',317108,3171,NULL,NULL,NULL,'2019-10-25 08:34:38','2019-10-25 08:35:06',NULL,NULL),(1241,'3171085301640001','3171081001091034','Usri Dada Harai',NULL,NULL,NULL,'Jl. Galur selatan rt 10/2','3171081003',317108,3171,NULL,NULL,NULL,'2019-10-25 08:34:38','2019-10-25 08:35:06',NULL,NULL),(1242,'3171085910700001','3171081001091869','Samita',NULL,NULL,NULL,'Jl Intan rt 006 rw 002 no 23','3171081003',317108,3171,NULL,NULL,NULL,'2019-10-25 08:34:38','2019-10-25 08:35:06',NULL,NULL),(1243,'3171084703750004','3171081001090958','Jaetun',NULL,NULL,NULL,'Jl. Galur selatan rt 10/2','3171081003',317108,3171,NULL,NULL,NULL,'2019-10-25 08:34:38','2019-10-25 08:35:06',NULL,NULL),(1244,'3171085610650003','3171080901095959','Dasri',NULL,NULL,NULL,'Jl. Galur selatan rt 10/2','3171081003',317108,3171,NULL,NULL,NULL,'2019-10-25 08:34:38','2019-10-25 08:35:06',NULL,NULL),(1245,'3171086411650004','3171081001095868','Sarmiyati',NULL,NULL,NULL,'Jl. Galur selatan rt 10/2','3171081003',317108,3171,NULL,NULL,NULL,'2019-10-25 08:34:38','2019-10-25 08:35:06',NULL,NULL),(1246,'3171085912830007','3171081001095569','Azizah Nabita',NULL,NULL,NULL,'Jl. Topas galur rt 4/3','3171081003',317108,3171,NULL,NULL,NULL,'2019-10-25 08:34:38','2019-10-25 08:35:06',NULL,NULL),(1247,'3171084403880001','3171080609121002','Della Ristanti',NULL,NULL,NULL,'Jl. Galur selatan rt 3/3','3171081003',317108,3171,NULL,NULL,NULL,'2019-10-25 08:34:38','2019-10-25 08:35:06',NULL,NULL),(1248,'3171084604900002','3171081001094715','Siti Nurjanah',NULL,NULL,NULL,'Jl. Galur selatan rt 5/3','3171081003',317108,3171,NULL,NULL,NULL,'2019-10-25 08:34:38','2019-10-25 08:35:06',NULL,NULL),(1249,'3171086508620001','3171081001093588','Priantini',NULL,NULL,NULL,'Jl. Galur selatan rt 6/3','3171081003',317108,3171,NULL,NULL,NULL,'2019-10-25 08:34:38','2019-10-25 08:35:06',NULL,NULL),(1250,'3171086004700006','3171081001093471','Eliyah',NULL,NULL,NULL,'Jl. Cempaka no 35 rw 03 rt 009','3171081003',317108,3171,NULL,NULL,NULL,'2019-10-25 08:34:38','2019-10-25 08:35:06',NULL,NULL),(1251,'3171086801730001','3171081001092343','Uun Yusniar',NULL,NULL,NULL,'Jl. Galur sel gg cempaka 2 rw 03 rt 010','3171081003',317108,3171,NULL,NULL,NULL,'2019-10-25 08:34:38','2019-10-25 08:35:06',NULL,NULL),(1252,'3171085512660002','3171080901099162','Maemunah',NULL,NULL,NULL,'Jl. Galur selatan rt 9/3','3171081003',317108,3171,NULL,NULL,NULL,'2019-10-25 08:34:38','2019-10-25 08:35:06',NULL,NULL),(1253,'3171084605790006','3171080109160006','Evon Latifah',NULL,NULL,NULL,'Jl. Rawa tengah rt 9/4','3171081003',317108,3171,NULL,NULL,NULL,'2019-10-25 08:34:38','2019-10-25 08:35:06',NULL,NULL),(1254,'3171084112660004','3171081402110044','Umsinah',NULL,NULL,NULL,'Jl. Rawa tengah rt 7/4','3171081003',317108,3171,NULL,NULL,NULL,'2019-10-25 08:34:38','2019-10-25 08:35:06',NULL,NULL),(1255,'3171086503760002','3171081001090684','Sani',NULL,NULL,NULL,'Jl. Rawa tengah rt 10/4','3171081003',317108,3171,NULL,NULL,NULL,'2019-10-25 08:34:38','2019-10-25 08:35:06',NULL,NULL),(1256,'3171084504730004','3171081001092366','Djuriah',NULL,NULL,NULL,'Jl. Rawa tengah rt 7/4','3171081003',317108,3171,NULL,NULL,NULL,'2019-10-25 08:34:38','2019-10-25 08:35:06',NULL,NULL),(1257,'3171084510770003','3171080901099958','Nurhayati',NULL,NULL,NULL,'Jl. Rawa tengah rt 8/4','3171081003',317108,3171,NULL,NULL,NULL,'2019-10-25 08:34:38','2019-10-25 08:35:06',NULL,NULL),(1258,'3171087012750003','3171081001094172','Mutiyanah',NULL,NULL,NULL,'Jl. Rawa tengah rt 4/4','3171081003',317108,3171,NULL,NULL,NULL,'2019-10-25 08:34:38','2019-10-25 08:35:06',NULL,NULL),(1259,'3171085107610003','3171080901098978','Soleha',NULL,NULL,NULL,'Jl. Rawa tengah rt 5/4','3171081003',317108,3171,NULL,NULL,NULL,'2019-10-25 08:34:38','2019-10-25 08:35:06',NULL,NULL),(1260,'3171086405680001','3171081001091527','Yati',NULL,NULL,NULL,'Jl. Rawa tengah rt 14/4','3171081003',317108,3171,NULL,NULL,NULL,'2019-10-25 08:34:38','2019-10-25 08:35:06',NULL,NULL),(1261,'3171085606670004','3171081001091465','Oom Ratna Dewi',NULL,NULL,NULL,'Jl. Rawa tengah rt 11/5','3171081003',317108,3171,NULL,NULL,NULL,'2019-10-25 08:34:38','2019-10-25 08:35:06',NULL,NULL),(1262,'3171087006800008','3171080901098993','Dwi Lestari',NULL,NULL,NULL,'Jl. Rawa tengah rt 7/5','3171081003',317108,3171,NULL,NULL,NULL,'2019-10-25 08:34:38','2019-10-25 08:35:06',NULL,NULL),(1263,'3171085606660003','3171081001091138','Sri Ningsih',NULL,NULL,NULL,'Jl. Rawa tengah rt 10/5','3171081003',317108,3171,NULL,NULL,NULL,'2019-10-25 08:34:38','2019-10-25 08:35:06',NULL,NULL),(1264,'3171086703770001','3171080901099423','Supriatin',NULL,NULL,NULL,'Jl. Rawa tengah rt 12/5','3171081003',317108,3171,NULL,NULL,NULL,'2019-10-25 08:34:38','2019-10-25 08:35:06',NULL,NULL),(1265,'3171084506700009','3171081001091155','Faridah',NULL,NULL,NULL,'Jl. Rawa tengah rt 10/5','3171081003',317108,3171,NULL,NULL,NULL,'2019-10-25 08:34:38','2019-10-25 08:35:06',NULL,NULL),(1266,'3171086102770004','3171081001092575','Siti Aisah',NULL,NULL,NULL,'Jl Kp rawa tengah rw 05 rt 003','3171081003',317108,3171,NULL,NULL,NULL,'2019-10-25 08:34:38','2019-10-25 08:35:06',NULL,NULL),(1267,'3171084910630005','3171080901097437','Rinah',NULL,NULL,NULL,'Jl. Rawa tengah rt 5/6','3171081003',317108,3171,NULL,NULL,NULL,'2019-10-25 08:34:38','2019-10-25 08:35:06',NULL,NULL),(1268,'3171085208750003','3171081001091092','Dedeh Solihah',NULL,NULL,NULL,'Jl. Rawa tengah rt 4/6','3171081003',317108,3171,NULL,NULL,NULL,'2019-10-25 08:34:38','2019-10-25 08:35:06',NULL,NULL),(1269,'3171085909660002','3171081001091575','Hartiani',NULL,NULL,NULL,'Jl. Rawa tengah rt 13/5','3171081003',317108,3171,NULL,NULL,NULL,'2019-10-25 08:34:38','2019-10-25 08:35:06',NULL,NULL),(1270,'3171084909790007','3171082004100022','Aenun Nurmilah',NULL,NULL,NULL,'Jl. Rawa tengah rt 4/6','3171081003',317108,3171,NULL,NULL,NULL,'2019-10-25 08:34:38','2019-10-25 08:35:06',NULL,NULL),(1271,'3171084207770001','3171081001091256','Een Sukaesih',NULL,NULL,NULL,'Jl. Rawa tengah rt 8/6','3171081003',317108,3171,NULL,NULL,NULL,'2019-10-25 08:34:38','2019-10-25 08:35:06',NULL,NULL),(1272,'3171085108720001','3171080901098343','Robiatun Adawiyah',NULL,NULL,NULL,'Jl.rawa tengah rt 6/5','3171081003',317108,3171,NULL,NULL,NULL,'2019-10-25 08:34:38','2019-10-25 08:35:06',NULL,NULL),(1273,'3171085711810008','3171081001093526','Siti Sa\'dah',NULL,NULL,NULL,'Jl. Rawa tengah rt 5/6','3171081003',317108,3171,NULL,NULL,NULL,'2019-10-25 08:34:38','2019-10-25 08:35:06',NULL,NULL),(1274,'3171085006630002','3171080901097566','Pulung',NULL,NULL,NULL,'Jl. Rawa tengah rt 6/6','3171081003',317108,3171,NULL,NULL,NULL,'2019-10-25 08:34:38','2019-10-25 08:35:06',NULL,NULL),(1275,'3171083710710003','3171081001093703','Achmiatun',NULL,NULL,NULL,'Jl. Rawa tengah rt 5/5','3171081003',317108,3171,NULL,NULL,NULL,'2019-10-25 08:34:38','2019-10-25 08:35:06',NULL,NULL),(1276,'3171085212850003','3171081001095135','Euis Badriah',NULL,NULL,NULL,'Jl. Rawa tengah rt 5/6','3171081003',317108,3171,NULL,NULL,NULL,'2019-10-25 08:34:38','2019-10-25 08:35:06',NULL,NULL),(1277,'3171065010700001','3171081001090107','Kesin',NULL,NULL,NULL,'Jl. Rawa tengah rt 2/7','3171081003',317108,3171,NULL,NULL,NULL,'2019-10-25 08:34:38','2019-10-25 08:35:06',NULL,NULL),(1278,'3171084101730005','3171081001095823','Lasimi',NULL,NULL,NULL,'Jl. Rawa tengah rt 2/7','3171081003',317108,3171,NULL,NULL,NULL,'2019-10-25 08:34:38','2019-10-25 08:35:06',NULL,NULL),(1279,'3171084403730001','3171081001091434','Sri Nurhayati',NULL,NULL,NULL,'Jl. Rawa tengah rt 7/7','3171081003',317108,3171,NULL,NULL,NULL,'2019-10-25 08:34:38','2019-10-25 08:35:06',NULL,NULL),(1280,'3171085212790001','3171081001090577','Sri Suwarni',NULL,NULL,NULL,'Jl. Rawa tengah rt 6/7','3171081003',317108,3171,NULL,NULL,NULL,'2019-10-25 08:34:38','2019-10-25 08:35:06',NULL,NULL),(1281,'3173015111631002','3171080901097978','Sairah',NULL,NULL,NULL,'Jl. Rawa tengah rt 6/7','3171081003',317108,3171,NULL,NULL,NULL,'2019-10-25 08:34:38','2019-10-25 08:35:06',NULL,NULL),(1282,'3171085707780003','3171080901098579','Isnaeni',NULL,NULL,NULL,'Jl. Rawa tengah rt 3/7','3171081003',317108,3171,NULL,NULL,NULL,'2019-10-25 08:34:38','2019-10-25 08:35:06',NULL,NULL),(1283,'3171084504750005','3171081001092848','Sri Astuti',NULL,NULL,NULL,'Jl. Rawa tengah rt 6/7','3171081003',317108,3171,NULL,NULL,NULL,'2019-10-25 08:34:38','2019-10-25 08:35:06',NULL,NULL),(1284,'3171085057300002','3171081001090923','Dimyanti',NULL,NULL,NULL,'Jl. Rawa tengah rt 6/7','3171081003',317108,3171,NULL,NULL,NULL,'2019-10-25 08:34:38','2019-10-25 08:35:06',NULL,NULL),(1285,'3171080807830007','3171081001090550','Eka Saptani ',NULL,NULL,NULL,'Jl. Rawa tengah rt 6/7','3171081003',317108,3171,NULL,NULL,NULL,'2019-10-25 08:34:38','2019-10-25 08:35:06',NULL,NULL),(1286,'3171084503850002','3171080801099768','Iqrimah',NULL,NULL,NULL,'Jl kampung rawa rt 001/08','3171081002',317108,3171,NULL,NULL,NULL,'2019-10-25 08:34:38','2019-10-25 08:35:06',NULL,NULL),(1287,'3171085308720003','3171080801099866','Rohana',NULL,NULL,NULL,'Jl kampung rawa rt 005/01','3171081002',317108,3171,NULL,NULL,NULL,'2019-10-25 08:34:38','2019-10-25 08:35:06',NULL,NULL),(1288,'3171086609840001','3171080801095403','Ade Suryani',NULL,NULL,NULL,'Jl kampung rawa rt 005/01','3171081002',317108,3171,NULL,NULL,NULL,'2019-10-25 08:34:38','2019-10-25 08:35:06',NULL,NULL),(1289,'3171086106721001','3171080801090158','Nurhasanah',NULL,NULL,NULL,'JL Kampng Rawa Rt 005 Rw. 001','3171081002',317108,3171,NULL,NULL,NULL,'2019-10-25 08:34:38','2019-10-25 08:35:06',NULL,NULL),(1290,'3171086508680001','3171080801090415','Aminah',NULL,NULL,NULL,'Jl kampung rawa rt 005/01','3171081002',317108,3171,NULL,NULL,NULL,'2019-10-25 08:34:38','2019-10-25 08:35:06',NULL,NULL),(1291,'3171085404730007','3171080901092841','Wiwin.W',NULL,NULL,NULL,'Jl kampung rawa rt 013/01 ','3171081002',317108,3171,NULL,NULL,NULL,'2019-10-25 08:34:38','2019-10-25 08:35:06',NULL,NULL),(1292,'3171084707700007','3171080801094612','Marliah',NULL,NULL,NULL,'Jl kampung rawa rt003/07','3171081002',317108,3171,NULL,NULL,NULL,'2019-10-25 08:34:38','2019-10-25 08:35:06',NULL,NULL),(1293,'3171085206790006','3171080801095093','Rokhidah',NULL,NULL,NULL,'Jl kampung rawa rt 009/07','3171081002',317108,3171,NULL,NULL,NULL,'2019-10-25 08:34:38','2019-10-25 08:35:06',NULL,NULL),(1294,'3171086710640003','3171080901094697','Sadiah',NULL,NULL,NULL,'Jl kampung rawa rt 001/08','3171081002',317108,3171,NULL,NULL,NULL,'2019-10-25 08:34:38','2019-10-25 08:35:06',NULL,NULL),(1295,'3171085512590001','3171082903111017','Endoy Alkidah',NULL,NULL,NULL,'Jl kampung rawa rt 014/03','3171081002',317108,3171,NULL,NULL,NULL,'2019-10-25 08:34:38','2019-10-25 08:35:06',NULL,NULL),(1296,'3171087112600014','3171081710111012','Mulyati',NULL,NULL,NULL,'Jl kampung rawa sawah III rt 011/02 ','3171081002',317108,3171,NULL,NULL,NULL,'2019-10-25 08:34:38','2019-10-25 08:35:06',NULL,NULL),(1297,'3171084511910003','3171080803121001','Siti',NULL,NULL,NULL,'Jl kampung rawa sawah  rt 005/02 ','3171081002',317108,3171,NULL,NULL,NULL,'2019-10-25 08:34:38','2019-10-25 08:35:06',NULL,NULL),(1298,'3171084502770006','3171080901091887','Dalila',NULL,NULL,NULL,'Jl kampung rawa rt 011/02','3171081002',317108,3171,NULL,NULL,NULL,'2019-10-25 08:34:38','2019-10-25 08:35:06',NULL,NULL),(1299,'3171086702610002','3171080801096510','Rustinah',NULL,NULL,NULL,'Jl kampung rawa rt 011/02','3171081002',317108,3171,NULL,NULL,NULL,'2019-10-25 08:34:38','2019-10-25 08:35:06',NULL,NULL),(1300,'3171084409640001','3171080801090971','Junaidah',NULL,NULL,NULL,'Jl kampung rawa rt 009/02','3171081002',317108,3171,NULL,NULL,NULL,'2019-10-25 08:34:38','2019-10-25 08:35:06',NULL,NULL),(1301,'3171085206670007','3171080801090807','Masnah',NULL,NULL,NULL,'Jl kampung rawa rt 009/02','3171081002',317108,3171,NULL,NULL,NULL,'2019-10-25 08:34:38','2019-10-25 08:35:06',NULL,NULL),(1302,'3171085412630001','3171080801090884','Warni',NULL,NULL,NULL,'Jl kampung rawa rt 011/02','3171081002',317108,3171,NULL,NULL,NULL,'2019-10-25 08:34:38','2019-10-25 08:35:06',NULL,NULL),(1303,'3171084606610008','3171080110110019','Ami',NULL,NULL,NULL,'Jl kampung rawa rt 005/02','3171081002',317108,3171,NULL,NULL,NULL,'2019-10-25 08:34:38','2019-10-25 08:35:06',NULL,NULL),(1304,'3171084411630004','3171080901090925','Rubiah',NULL,NULL,NULL,'Jl kampung rawa rt 002/02','3171081002',317108,3171,NULL,NULL,NULL,'2019-10-25 08:34:38','2019-10-25 08:35:06',NULL,NULL),(1305,'3171082912670003','3171080801094889','Sodikin',NULL,NULL,NULL,'Jl. Kampung Rawa Rt 002/02','3171081002',317108,3171,NULL,NULL,NULL,'2019-10-25 08:34:38','2019-10-25 08:35:06',NULL,NULL),(1306,'3171086610680003','3171080801097201','Sutinah',NULL,NULL,NULL,'Jl. Kampung rawa rt 012/03','3171081002',317108,3171,NULL,NULL,NULL,'2019-10-25 08:34:38','2019-10-25 08:35:06',NULL,NULL),(1307,'3171085007680006','3171080801097894','Hartati',NULL,NULL,NULL,'Jl. Kampung rawa rt 015/03','3171081002',317108,3171,NULL,NULL,NULL,'2019-10-25 08:34:38','2019-10-25 08:35:06',NULL,NULL),(1308,'3171085505800004','3171080801099134','Supriyani',NULL,NULL,NULL,'Jl. Kampung rawa rt 011/03','3171081002',317108,3171,NULL,NULL,NULL,'2019-10-25 08:34:38','2019-10-25 08:35:06',NULL,NULL),(1309,'3171085206800001','3171080801098023','Maemunah',NULL,NULL,NULL,'Jl. Kampung rawa rt 002/03','3171081002',317108,3171,NULL,NULL,NULL,'2019-10-25 08:34:38','2019-10-25 08:35:06',NULL,NULL),(1310,'3171085004670003','3171080801095983','Juhati',NULL,NULL,NULL,'Jl. Kampung rawa rt 004/03','3171081002',317108,3171,NULL,NULL,NULL,'2019-10-25 08:34:38','2019-10-25 08:35:06',NULL,NULL),(1311,'3171086007800008','3171080901091470','Kasmini',NULL,NULL,NULL,'Jl. Kampung rawa rt 009/03','3171081002',317108,3171,NULL,NULL,NULL,'2019-10-25 08:34:38','2019-10-25 08:35:06',NULL,NULL),(1312,'3171086105690001','3171080801096227','Etty rohaeti',NULL,NULL,NULL,'Jl. Kampung rawa rt 013/02','3171081002',317108,3171,NULL,NULL,NULL,'2019-10-25 08:34:38','2019-10-25 08:35:06',NULL,NULL),(1313,'3171085201750005','3171082405100005','Nurhayati',NULL,NULL,NULL,'Jl. Kampung rawa rt 009/03','3171081002',317108,3171,NULL,NULL,NULL,'2019-10-25 08:34:38','2019-10-25 08:35:06',NULL,NULL),(1314,'3171086012640001','3171080801091226','Sulastri',NULL,NULL,NULL,'Jl. Kampung rawa rt 009/03','3171081002',317108,3171,NULL,NULL,NULL,'2019-10-25 08:34:38','2019-10-25 08:35:06',NULL,NULL),(1315,'3171086909720003','3171080801097717','Mulyani',NULL,NULL,NULL,'Jl. Kampung Rawa Rt. 002/03','3171081002',317108,3171,NULL,NULL,NULL,'2019-10-25 08:34:38','2019-10-25 08:35:06',NULL,NULL),(1316,'3171086106790001','3171080601099921','Yuniarti',NULL,NULL,NULL,'Jl. Kampung rawa rt 008/06','3171081002',317108,3171,NULL,NULL,NULL,'2019-10-25 08:34:38','2019-10-25 08:35:06',NULL,NULL),(1317,'3171084605800006','3171080801098111','Rosmala',NULL,NULL,NULL,'Jl. Kampung rawa rt 001/06','3171081002',317108,3171,NULL,NULL,NULL,'2019-10-25 08:34:38','2019-10-25 08:35:06',NULL,NULL),(1318,'3171085208850003','3171080801094113','Indah Lestari',NULL,NULL,NULL,'Jl. Kampung rawa rt 001/06','3171081002',317108,3171,NULL,NULL,NULL,'2019-10-25 08:34:38','2019-10-25 08:35:06',NULL,NULL),(1319,'3171085404660002','3171080801099864','Sugiarti',NULL,NULL,NULL,'Jl. Kampung rawa rt 009/06','3171081002',317108,3171,NULL,NULL,NULL,'2019-10-25 08:34:38','2019-10-25 08:35:06',NULL,NULL),(1320,'3171086801700002','3171080801097986','Yuyun',NULL,NULL,NULL,'Jl. Kampung rawa rt 009/06','3171081002',317108,3171,NULL,NULL,NULL,'2019-10-25 08:34:38','2019-10-25 08:35:06',NULL,NULL),(1321,'3171084203640002','3171080801090119','Marhamah',NULL,NULL,NULL,'Jl. Kampung rawa rt 003/01','3171081002',317108,3171,NULL,NULL,NULL,'2019-10-25 08:34:38','2019-10-25 08:35:06',NULL,NULL),(1322,'3171087105790002','3171080801099166','Seri Lestari',NULL,NULL,NULL,'Jl. Kampung rawa rt 010/01','3171081002',317108,3171,NULL,NULL,NULL,'2019-10-25 08:34:38','2019-10-25 08:35:06',NULL,NULL),(1323,'3171085607720002','3171080801098083','Amsari fatma',NULL,NULL,NULL,'Jl. Kampung rawa rt 006/06','3171081002',317108,3171,NULL,NULL,NULL,'2019-10-25 08:34:38','2019-10-25 08:35:06',NULL,NULL),(1324,'3171085201630006','3171080801092695','Kastini',NULL,NULL,NULL,'Jl. Kampung rawa rt 001/06','3171081002',317108,3171,NULL,NULL,NULL,'2019-10-25 08:34:38','2019-10-25 08:35:06',NULL,NULL),(1325,'3171086709720008','3171080801099171','Een Suhendah',NULL,NULL,NULL,'Jl. Kampung Rawa Rt. 003/06','3171081002',317108,3171,NULL,NULL,NULL,'2019-10-25 08:34:38','2019-10-25 08:35:06',NULL,NULL),(1326,'3171086011700003','3171080601091781','Erni',NULL,NULL,NULL,'Jl kawi - kawi bawah rt 002/08 ','3171081001',317108,3171,NULL,NULL,NULL,'2019-10-25 08:34:38','2019-10-25 08:35:06',NULL,NULL),(1327,'3171085509680001','3171080501094734','Rasmi',NULL,NULL,NULL,'Jl kawi - kawi bawah rt 012/08  ','3171081001',317108,3171,NULL,NULL,NULL,'2019-10-25 08:34:38','2019-10-25 08:35:06',NULL,NULL),(1328,'3171086005760002','3171080701091114','Kanitem',NULL,NULL,NULL,'Jl kawi - kawi bawah rt 012/08  ','3171081001',317108,3171,NULL,NULL,NULL,'2019-10-25 08:34:38','2019-10-25 08:35:06',NULL,NULL),(1329,'3171086512700007','3171080601090917','Jumariah',NULL,NULL,NULL,'Jl kawi - kawi atas rt 018/08 ','3171081001',317108,3171,NULL,NULL,NULL,'2019-10-25 08:34:38','2019-10-25 08:35:06',NULL,NULL),(1330,'3171086003650002','3171081611150009','Nyi Otih Bt Oyoh',NULL,NULL,NULL,'Jl kawi - kawi atas rt 018/08 ','3171081001',317108,3171,NULL,NULL,NULL,'2019-10-25 08:34:38','2019-10-25 08:35:06',NULL,NULL),(1331,'3171084212830003','3171080701094063','Darningsih',NULL,NULL,NULL,'Jl kawi - kawi atas rt 018/08 ','3171081001',317108,3171,NULL,NULL,NULL,'2019-10-25 08:34:38','2019-10-25 08:35:06',NULL,NULL),(1332,'3171040403700002','3171080503151002','Taufik',NULL,NULL,NULL,'Jl kawi - kawi bawah rt 012/008 ','3171081001',317108,3171,NULL,NULL,NULL,'2019-10-25 08:34:38','2019-10-25 08:35:06',NULL,NULL),(1333,'3171086812780001','3171080501096367','Sofiah',NULL,NULL,NULL,'Jl. Johar Baru 4 Rt. 011/013','3171081001',317108,3171,NULL,NULL,NULL,'2019-10-25 08:34:38','2019-10-25 08:35:06',NULL,NULL),(1334,'3171080600561000','3171080601091593','Tuginem',NULL,NULL,NULL,'Jl. Percetakan Negara No. 11 A Rt. 006/04','3171081001',317108,3171,NULL,NULL,NULL,'2019-10-25 08:34:38','2019-10-25 08:35:06',NULL,NULL),(1335,'3171085601720003','3171080701091675','Siti Aisyah',NULL,NULL,NULL,'Jl. Johar Baru Gg R Rt. 004/05','3171081001',317108,3171,NULL,NULL,NULL,'2019-10-25 08:34:38','2019-10-25 08:35:06',NULL,NULL),(1336,'3171084104650002','3171080601093175','Sudarmi',NULL,NULL,NULL,'Jl kramat jaya rt 004/01 ','3171081001',317108,3171,NULL,NULL,NULL,'2019-10-25 08:34:38','2019-10-25 08:35:06',NULL,NULL),(1337,'3171080403720002','3171080601092970','Suhardi.K',NULL,NULL,NULL,'Jl kramat jaya rt 005/01 ','3171081001',317108,3171,NULL,NULL,NULL,'2019-10-25 08:34:38','2019-10-25 08:35:06',NULL,NULL),(1338,'3171086809690001','3171080601093426','Cucu Idat',NULL,NULL,NULL,'Jl kramat jaya rt 004/01','3171081001',317108,3171,NULL,NULL,NULL,'2019-10-25 08:34:38','2019-10-25 08:35:06',NULL,NULL),(1339,'3171085311810005','3171080212100011','Winarni',NULL,NULL,NULL,'Jl kramat jaya  011/01 ','3171081001',317108,3171,NULL,NULL,NULL,'2019-10-25 08:34:38','2019-10-25 08:35:06',NULL,NULL),(1340,'3171084910800003','3171080701090708','Nurhasanah',NULL,NULL,NULL,'Jl kramat jaya rt 009/01 ','3171081001',317108,3171,NULL,NULL,NULL,'2019-10-25 08:34:38','2019-10-25 08:35:06',NULL,NULL),(1341,'3171086905810007','3171083007120003','Jubariah',NULL,NULL,NULL,'Jl kramat jaya rt 009/01 ','3171081001',317108,3171,NULL,NULL,NULL,'2019-10-25 08:34:38','2019-10-25 08:35:06',NULL,NULL),(1342,'3171085006760004','3171080601099729','Lina',NULL,NULL,NULL,'Jl kramat jaya rt 009/01 ','3171081001',317108,3171,NULL,NULL,NULL,'2019-10-25 08:34:38','2019-10-25 08:35:06',NULL,NULL),(1343,'3171087008770003','3171080601094486','Dewi Pidiati',NULL,NULL,NULL,'Jl kramat jaya rt 001/01','3171081001',317108,3171,NULL,NULL,NULL,'2019-10-25 08:34:38','2019-10-25 08:35:06',NULL,NULL),(1344,'3171084701690002','3171082109100018','Suratmi',NULL,NULL,NULL,'Jl kramat jaya rt 001/01','3171081001',317108,3171,NULL,NULL,NULL,'2019-10-25 08:34:38','2019-10-25 08:35:06',NULL,NULL),(1345,'3171084205760004','3171082006120001','Miftiah',NULL,NULL,NULL,'Jl kramat jaya rt 001/01','3171081001',317108,3171,NULL,NULL,NULL,'2019-10-25 08:34:38','2019-10-25 08:35:06',NULL,NULL),(1346,'3171085505790001','3171080501099636','Cahyani',NULL,NULL,NULL,'Jl percetakan negara ii rt 003/06 ','3171081001',317108,3171,NULL,NULL,NULL,'2019-10-25 08:34:38','2019-10-25 08:35:06',NULL,NULL),(1347,'3171085904680000','3171080601099921','Esih Sukaesih',NULL,NULL,NULL,'Jl kampung rawa sawah rt 011/02 ','3171081001',317108,3171,NULL,NULL,NULL,'2019-10-25 08:34:38','2019-10-25 08:35:06',NULL,NULL),(1348,'3171086503720000','3171080601095858','Sumiati',NULL,NULL,NULL,'Jl kawi-kawi sawah 014/06','3171081001',317108,3171,NULL,NULL,NULL,'2019-10-25 08:34:38','2019-10-25 08:35:06',NULL,NULL),(1349,'3171084906300003','3171080501094141','Suparmi',NULL,NULL,NULL,'Jl kawi-kawi sawah rt 015/06 ','3171081001',317108,3171,NULL,NULL,NULL,'2019-10-25 08:34:38','2019-10-25 08:35:06',NULL,NULL),(1350,'3171082703770005','3171081811100033','Suswanto',NULL,NULL,NULL,'Jl kramat jaya rt 009/01','3171081001',317108,3171,NULL,NULL,NULL,'2019-10-25 08:34:38','2019-10-25 08:35:06',NULL,NULL),(1351,'3171308020367000','3171080501099390','Kusnadi',NULL,NULL,NULL,'Jl kramat jaya rt 009/01','3171081001',317108,3171,NULL,NULL,NULL,'2019-10-25 08:34:38','2019-10-25 08:35:06',NULL,NULL),(1352,'3171045702670001','3171082803111006','Mulyanti',NULL,NULL,NULL,'Jl kramat jaya gg iv rt 007/01  ','3171081001',317108,3171,NULL,NULL,NULL,'2019-10-25 08:34:38','2019-10-25 08:35:06',NULL,NULL),(1353,'3171085805820005','3171080601098103','Sukmawati',NULL,NULL,NULL,'Jl kramat jaya rt 007/01 ','3171081001',317108,3171,NULL,NULL,NULL,'2019-10-25 08:34:38','2019-10-25 08:35:06',NULL,NULL),(1354,'3171087012720001','3171080501098898','Khomsah',NULL,NULL,NULL,'Jl kramat jaya gg iv rt 007/01','3171081001',317108,3171,NULL,NULL,NULL,'2019-10-25 08:34:38','2019-10-25 08:35:06',NULL,NULL),(1355,'3171085403720002','3171080601099321','Sukesi',NULL,NULL,NULL,'Jl percetakan negara iv rt 008/09 ','3171081001',317108,3171,NULL,NULL,NULL,'2019-10-25 08:34:38','2019-10-25 08:35:06',NULL,NULL),(1356,NULL,NULL,'Mr. Verifikator','L',NULL,NULL,NULL,NULL,NULL,NULL,NULL,NULL,NULL,'2019-10-25 08:34:38','2019-10-25 08:35:06',NULL,NULL),(1357,'string','','bejo','','','0000-00-00','jl. maju','3173011001',317301,3173,'bejo@mail.com','','','0000-00-00 00:00:00','0000-00-00 00:00:00','',''),(1358,NULL,'','bejo1','','','0000-00-00','jl. maju','3173011001',317301,3173,'bejo1@mail.com','','','0000-00-00 00:00:00','0000-00-00 00:00:00','',''),(1368,'string','string','string','','string','0000-00-00','string','3173011001',317301,3173,'string','string','string','0000-00-00 00:00:00','0000-00-00 00:00:00','string','string'),(1371,'string','string','string','','string','0000-00-00','','3173011001',317301,3173,'string','string','string','0000-00-00 00:00:00','0000-00-00 00:00:00','','string'),(1372,'string','string','string','','string','0000-00-00','string','3173011001',317301,3173,'string','string','string','2019-10-26 02:17:36','2019-10-26 02:17:36','string','string'),(1373,'string','string','string','L','','0000-00-00','string','3173011001',317301,3173,'string','string','string','2019-10-26 03:13:19','2019-10-26 03:13:19',NULL,NULL),(1374,'string','string','string','L','','0000-00-00','string','3173011001',317301,3173,'string','string','string','2019-10-26 03:15:47','2019-10-26 03:15:47',NULL,NULL),(1375,'string','string','string','L','','0000-00-00','string','3173011001',317301,3173,'string','string','string','2019-10-26 03:17:36','2019-10-26 03:17:36',NULL,NULL),(1376,'string','string','string','L','','0000-00-00','string','3173011001',317301,3173,'string','string','string','2019-10-26 03:18:05','2019-10-26 03:18:05',NULL,NULL),(1377,'string','string','string','L','','0000-00-00','string','3173011001',317301,3173,'string','string','string','2019-10-26 03:23:16','2019-10-26 03:23:16',NULL,NULL);
/*!40000 ALTER TABLE `tbl_user` ENABLE KEYS */;
UNLOCK TABLES;

--
-- Table structure for table `tbl_verifikator`
--

DROP TABLE IF EXISTS `tbl_verifikator`;
/*!40101 SET @saved_cs_client     = @@character_set_client */;
/*!40101 SET character_set_client = utf8 */;
CREATE TABLE `tbl_verifikator` (
  `id_verifikator` int(10) NOT NULL AUTO_INCREMENT,
  `verifikator` int(10) NOT NULL,
  `created_at` date DEFAULT NULL,
  `updated_at` timestamp NULL DEFAULT NULL,
  `created_by` varchar(20) DEFAULT NULL,
  `updated_by` varchar(20) DEFAULT NULL,
  PRIMARY KEY (`id_verifikator`),
  KEY `verifikator` (`verifikator`),
  CONSTRAINT `tbl_verifikator_ibfk_1` FOREIGN KEY (`verifikator`) REFERENCES `tbl_user` (`id_user`) ON DELETE CASCADE ON UPDATE CASCADE
) ENGINE=InnoDB AUTO_INCREMENT=4 DEFAULT CHARSET=latin1;
/*!40101 SET character_set_client = @saved_cs_client */;

--
-- Dumping data for table `tbl_verifikator`
--

LOCK TABLES `tbl_verifikator` WRITE;
/*!40000 ALTER TABLE `tbl_verifikator` DISABLE KEYS */;
INSERT INTO `tbl_verifikator` VALUES (1,512,NULL,NULL,NULL,NULL),(2,511,NULL,NULL,NULL,NULL),(3,513,NULL,NULL,NULL,NULL);
/*!40000 ALTER TABLE `tbl_verifikator` ENABLE KEYS */;
UNLOCK TABLES;
/*!40103 SET TIME_ZONE=@OLD_TIME_ZONE */;

/*!40101 SET SQL_MODE=@OLD_SQL_MODE */;
/*!40014 SET FOREIGN_KEY_CHECKS=@OLD_FOREIGN_KEY_CHECKS */;
/*!40014 SET UNIQUE_CHECKS=@OLD_UNIQUE_CHECKS */;
/*!40101 SET CHARACTER_SET_CLIENT=@OLD_CHARACTER_SET_CLIENT */;
/*!40101 SET CHARACTER_SET_RESULTS=@OLD_CHARACTER_SET_RESULTS */;
/*!40101 SET COLLATION_CONNECTION=@OLD_COLLATION_CONNECTION */;
/*!40111 SET SQL_NOTES=@OLD_SQL_NOTES */;

-- Dump completed on 2019-11-01 10:19:24
